territory_id,region,name,type,oktmo
525,Алтайский край,Залесовский,муниципальный округ,01512000000
511,Алтайский край,Славгород,муниципальный округ,01539000000
515,Алтайский край,Алтайский,муниципальный район,01602000000
518,Алтайский край,Благовещенский,муниципальный район,01605000000
521,Алтайский край,Волчихинский,муниципальный район,01608000000
522,Алтайский край,Егорьевский,муниципальный район,01609000000
529,Алтайский край,Каменский,муниципальный район,01616000000
530,Алтайский край,Ключевский,муниципальный район,01617000000
531,Алтайский край,Косихинский,муниципальный район,01618000000
538,Алтайский край,Локтевский,муниципальный район,01625000000
540,Алтайский край,Михайловский,муниципальный район,01627000000
543,Алтайский край,Павловский,муниципальный район,01630000000
545,Алтайский край,Первомайский,муниципальный район,01632000000
547,Алтайский край,Поспелихинский,муниципальный район,01634000000
548,Алтайский край,Ребрихинский,муниципальный район,01635000000
549,Алтайский край,Родинский,муниципальный район,01636000000
550,Алтайский край,Романовский,муниципальный район,01637000000
552,Алтайский край,Смоленский,муниципальный район,01640000000
555,Алтайский край,Солонешенский,муниципальный район,01643000000
559,Алтайский край,Тальменский,муниципальный район,01647000000
560,Алтайский край,Тогульский,муниципальный район,01648000000
563,Алтайский край,Троицкий,муниципальный район,01651000000
566,Алтайский край,Усть-Калманский,муниципальный район,01654000000
569,Алтайский край,Целинный,муниципальный район,01657000000
571,Алтайский край,Шипуновский,муниципальный район,01659000000
572,Алтайский край,Немецкий,муниципальный район,01660000000
504,Алтайский край,Барнаул,городской округ,01701000000
505,Алтайский край,Алейск,городской округ,01703000000
506,Алтайский край,Белокуриха,городской округ,01704000000
507,Алтайский край,Бийск,городской округ,01705000000
508,Алтайский край,Заринск,городской округ,01706000000
509,Алтайский край,Новоалтайск,городской округ,01713000000
510,Алтайский край,Рубцовск,городской округ,01716000000
512,Алтайский край,Яровое,городской округ,01730000000
685,Красноярский край,Балахтинский,муниципальный район,04604000000
686,Красноярский край,Березовский,муниципальный район,04605000000
687,Красноярский край,Бирилюсский,муниципальный район,04606000000
692,Красноярский край,Дзержинский,муниципальный район,04613000000
693,Красноярский край,Емельяновский,муниципальный район,04614000000
694,Красноярский край,Енисейский,муниципальный район,04615000000
695,Красноярский край,Ермаковский,муниципальный район,04616000000
696,Красноярский край,Идринский,муниципальный район,04617000000
698,Красноярский край,Ирбейский,муниципальный район,04619000000
701,Красноярский край,Каратузский,муниципальный район,04622000000
703,Красноярский край,Козульский,муниципальный район,04626000000
704,Красноярский край,Краснотуранский,муниципальный район,04628000000
705,Красноярский край,Курагинский,муниципальный район,04630000000
708,Красноярский край,Мотыгинский,муниципальный район,04635000000
710,Красноярский край,Нижнеингашский,муниципальный район,04639000000
714,Красноярский край,Рыбинский,муниципальный район,04647000000
715,Красноярский край,Саянский,муниципальный район,04648000000
726,Красноярский край,Эвенкийский,муниципальный район,04650000000
717,Красноярский край,Сухобузимский,муниципальный район,04651000000
719,Красноярский край,Тасеевский,муниципальный район,04652000000
718,Красноярский край,Таймырский Долгано-Ненецкий,муниципальный район,04653000000
720,Красноярский край,Туруханский,муниципальный район,04654000000
722,Красноярский край,Ужурский,муниципальный район,04656000000
723,Красноярский край,Уярский,муниципальный район,04657000000
725,Красноярский край,Шушенский,муниципальный район,04659000000
666,Красноярский край,Красноярск,городской округ,04701000000
667,Красноярский край,Ачинск,городской округ,04703000000
668,Красноярский край,Боготол,городской округ,04706000000
670,Красноярский край,Дивногорск,городской округ,04709000000
671,Красноярский край,Енисейск,городской округ,04712000000
674,Красноярский край,Канск,городской округ,04720000000
675,Красноярский край,Лесосибирск,городской округ,04722000000
676,Красноярский край,Минусинск,городской округ,04723000000
677,Красноярский край,Назарово,городской округ,04726000000
678,Красноярский край,Норильск,городской округ,04729000000
679,Красноярский край,Сосновоборск,городской округ,04733000000
680,Красноярский край,Шарыпово,городской округ,04740000000
789,Приморский край,Кавалеровский,муниципальный округ,05510000000
792,Приморский край,Лазовский,муниципальный округ,05517000000
795,Приморский край,Октябрьский,муниципальный округ,05526000000
802,Приморский край,Ханкайский,муниципальный округ,05546000000
803,Приморский край,Хасанский,муниципальный округ,05548000000
804,Приморский край,Хорольский,муниципальный округ,05550000000
805,Приморский край,Черниговский,муниципальный округ,05553000000
806,Приморский край,Чугуевский,муниципальный округ,05555000000
790,Приморский край,Кировский,муниципальный район,05612000000
800,Приморский край,Спасский,муниципальный район,05637000000
775,Приморский край,Владивостокский,городской округ,05701000000
776,Приморский край,Арсеньевский,городской округ,05703000000
777,Приморский край,Артемовский,городской округ,05705000000
778,Приморский край,Большой Камень,городской округ,05706000000
779,Приморский край,Дальнегорский,городской округ,05707000000
780,Приморский край,Дальнереченский,городской округ,05708000000
781,Приморский край,Лесозаводский,городской округ,05711000000
782,Приморский край,Находкинский,городской округ,05714000000
783,Приморский край,Партизанский,городской округ,05717000000
784,Приморский край,Спасск-Дальний,городской округ,05720000000
785,Приморский край,Уссурийский,городской округ,05723000000
826,Ставропольский край,Александровский,муниципальный округ,07502000000
827,Ставропольский край,Андроповский,муниципальный округ,07503000000
828,Ставропольский край,Апанасенковский,муниципальный округ,07505000000
810,Ставропольский край,Благодарненский,муниципальный округ,07510000000
830,Ставропольский край,Будённовский,муниципальный округ,07512000000
811,Ставропольский край,Георгиевский,муниципальный округ,07515000000
814,Ставропольский край,Изобильненский,муниципальный округ,07520000000
815,Ставропольский край,Ипатовский,муниципальный округ,07522000000
817,Ставропольский край,Кировский,муниципальный округ,07525000000
832,Ставропольский край,Кочубеевский,муниципальный округ,07528000000
819,Ставропольский край,Минераловодский,муниципальный округ,07539000000
821,Ставропольский край,Нефтекумский,муниципальный округ,07541000000
822,Ставропольский край,Новоалександровский,муниципальный округ,07543000000
823,Ставропольский край,Петровский,муниципальный округ,07546000000
825,Ставропольский край,Советский,муниципальный округ,07550000000
841,Ставропольский край,Шпаковский,муниципальный округ,07558000000
809,Ставропольский край,Ставрополь,городской округ,07701000000
812,Ставропольский край,Ессентуки,городской округ,07710000000
813,Ставропольский край,Железноводск,городской округ,07712000000
2876,Ставропольский край,Кисловодск,городской округ,07715000000
818,Ставропольский край,Лермонтов,городской округ,07718000000
820,Ставропольский край,Невинномысск,городской округ,07724000000
824,Ставропольский край,Пятигорск,городской округ,07727000000
844,Хабаровский край,Амурский,муниципальный район,08603000000
847,Хабаровский край,Ванинский,муниципальный район,08612000000
848,Хабаровский край,Верхнебуреинский,муниципальный район,08614000000
849,Хабаровский край,Вяземский,муниципальный район,08617000000
851,Хабаровский край,Лазо,муниципальный район,08624000000
853,Хабаровский край,Николаевский,муниципальный район,08631000000
856,Хабаровский край,Советско-Гаванский,муниципальный район,08642000000
857,Хабаровский край,Солнечный,муниципальный район,08644000000
842,Хабаровский край,Хабаровск,городской округ,08701000000
843,Хабаровский край,Комсомольск-на-Амуре,городской округ,08709000000
877,Амурская область,Константиновский,муниципальный район,10630000000
898,Архангельская область,Верхнетоемский,муниципальный округ,11508000000
900,Архангельская область,Виноградовский,муниципальный округ,11514000000
901,Архангельская область,Каргопольский,муниципальный округ,11518000000
903,Архангельская область,Котласский,муниципальный округ,11527000000
904,Архангельская область,Красноборский,муниципальный округ,11530000000
908,Архангельская область,Няндомский,муниципальный округ,11544000000
911,Архангельская область,Плесецкий,муниципальный округ,11550000000
913,Архангельская область,Устьянский,муниципальный округ,11554000000
914,Архангельская область,Холмогорский,муниципальный округ,11556000000
897,Архангельская область,Вельский,муниципальный район,11605000000
890,Архангельская область,Архангельск,городской округ,11701000000
891,Архангельская область,Коряжма,городской округ,11708000000
892,Архангельская область,Котлас,городской округ,11710000000
895,Архангельская область,Новодвинск,городской округ,11715000000
916,Ненецкий автономный округ,Нарьян-Мар,городской округ,11851000000
920,Астраханская область,Ахтубинский,муниципальный район,12605000000
922,Астраханская область,Енотаевский,муниципальный район,12615000000
923,Астраханская область,Икрянинский,муниципальный район,12620000000
924,Астраханская область,Камызякский,муниципальный район,12625000000
926,Астраханская область,Лиманский,муниципальный район,12635000000
927,Астраханская область,Наримановский,муниципальный район,12640000000
929,Астраханская область,Харабалинский,муниципальный район,12645000000
918,Астраханская область,Астрахань,городской округ,12701000000
991,Владимирская область,Александровский,муниципальный район,17605000000
992,Владимирская область,Вязниковский,муниципальный район,17610000000
996,Владимирская область,Киржачский,муниципальный район,17630000000
998,Владимирская область,Кольчугинский,муниципальный район,17640000000
1001,Владимирская область,Петушинский,муниципальный район,17646000000
1004,Владимирская область,Судогодский,муниципальный район,17652000000
1005,Владимирская область,Суздальский,муниципальный район,17654000000
1006,Владимирская область,Юрьев-Польский,муниципальный район,17656000000
986,Владимирская область,Владимир,городской округ,17701000000
987,Владимирская область,Гусь-Хрустальный,городской округ,17720000000
988,Владимирская область,Ковров,городской округ,17725000000
989,Владимирская область,Муром,городской округ,17735000000
1017,Волгоградская область,Дубовский,муниципальный район,18608000000
1018,Волгоградская область,Еланский,муниципальный район,18610000000
1019,Волгоградская область,Жирновский,муниципальный район,18612000000
1021,Волгоградская область,Калачевский,муниципальный район,18616000000
1024,Волгоградская область,Клетский,муниципальный район,18622000000
1025,Волгоградская область,Котельниковский,муниципальный район,18624000000
1026,Волгоградская область,Котовский,муниципальный район,18626000000
1028,Волгоградская область,Ленинский,муниципальный район,18630000000
1030,Волгоградская область,Николаевский,муниципальный район,18636000000
1031,Волгоградская область,Новоаннинский,муниципальный район,18638000000
1032,Волгоградская область,Новониколаевский,муниципальный район,18640000000
1035,Волгоградская область,Палласовский,муниципальный район,18645000000
1037,Волгоградская область,Светлоярский,муниципальный район,18649000000
1038,Волгоградская область,Серафимовичский,муниципальный район,18650000000
1039,Волгоградская область,Среднеахтубинский,муниципальный район,18651000000
1041,Волгоградская область,Суровикинский,муниципальный район,18653000000
1007,Волгоградская область,Волгоград,городской округ,18701000000
1008,Волгоградская область,Волжский,городской округ,18710000000
1009,Волгоградская область,Камышин,городской округ,18715000000
1011,Волгоградская область,Урюпинск,городской округ,18725000000
1012,Волгоградская область,Фролово,городской округ,18728000000
1049,Вологодская область,Белозерский,муниципальный округ,19510000000
1051,Вологодская область,Великоустюгский,муниципальный округ,19514000000
1054,Вологодская область,Вологодский,муниципальный округ,19520000000
1056,Вологодская область,Грязовецкий,муниципальный округ,19524000000
1057,Вологодская область,Кадуйский,муниципальный округ,19526000000
1058,Вологодская область,Кирилловский,муниципальный округ,19528000000
1063,Вологодская область,Сокольский,муниципальный округ,19538000000
1066,Вологодская область,Тотемский,муниципальный округ,19546000000
1069,Вологодская область,Харовский,муниципальный округ,19552000000
1070,Вологодская область,Чагодощенский,муниципальный округ,19554000000
1055,Вологодская область,Вытегорский,муниципальный район,19622000000
1072,Вологодская область,Шекснинский,муниципальный район,19658000000
1537,Нижегородская область,Ардатовский,муниципальный округ,22502000000
1539,Нижегородская область,Балахнинский,муниципальный округ,22505000000
1540,Нижегородская область,Богородский,муниципальный округ,22507000000
1541,Нижегородская область,Большеболдинский,муниципальный округ,22509000000
1544,Нижегородская область,Вадский,муниципальный округ,22514000000
1545,Нижегородская область,Варнавинский,муниципальный округ,22515000000
1547,Нижегородская область,Ветлужский,муниципальный округ,22518000000
1548,Нижегородская область,Вознесенский,муниципальный округ,22519000000
1552,Нижегородская область,Гагинский,муниципальный округ,22526000000
1553,Нижегородская область,Городецкий,муниципальный округ,22528000000
1556,Нижегородская область,Княгининский,муниципальный округ,22533000000
1558,Нижегородская область,Краснобаковский,муниципальный округ,22535000000
1560,Нижегородская область,Кстовский,муниципальный округ,22537000000
1561,Нижегородская область,Лукояновский,муниципальный округ,22539000000
1562,Нижегородская область,Лысковский,муниципальный округ,22540000000
1563,Нижегородская область,Павловский,муниципальный округ,22542000000
1564,Нижегородская область,Пильнинский,муниципальный округ,22545000000
1565,Нижегородская область,Починковский,муниципальный округ,22546000000
1566,Нижегородская область,Сергачский,муниципальный округ,22548000000
1567,Нижегородская область,Сеченовский,муниципальный округ,22549000000
1568,Нижегородская область,Сосновский,муниципальный округ,22550000000
1569,Нижегородская область,Спасский,муниципальный округ,22551000000
1570,Нижегородская область,Тонкинский,муниципальный округ,22552000000
1572,Нижегородская область,Уренский,муниципальный округ,22554000000
1573,Нижегородская область,Шарангский,муниципальный округ,22556000000
1574,Нижегородская область,Шатковский,муниципальный округ,22557000000
1523,Нижегородская область,Нижний Новгород,городской округ,22701000000
3005,Нижегородская область,Арзамас,городской округ,22703000000
1525,Нижегородская область,Бор,городской округ,22712000000
1526,Нижегородская область,Выкса,городской округ,22715000000
1527,Нижегородская область,Дзержинск,городской округ,22721000000
1528,Нижегородская область,Кулебаки,городской округ,22727000000
1534,Нижегородская область,Первомайск,городской округ,22734000000
1532,Нижегородская область,Семеновский,городской округ,22737000000
1530,Нижегородская область,Перевозский,городской округ,22739000000
1535,Нижегородская область,Сокольский,городской округ,22749000000
1536,Нижегородская область,Чкаловск,городской округ,22755000000
1533,Нижегородская область,Шахунья,городской округ,22758000000
1123,Ивановская область,Палехский,муниципальный район,24617000000
1127,Ивановская область,Родниковский,муниципальный район,24623000000
1130,Ивановская область,Фурмановский,муниципальный район,24631000000
1132,Ивановская область,Южский,муниципальный район,24635000000
1133,Ивановская область,Юрьевецкий,муниципальный район,24637000000
1107,Ивановская область,Иваново,городской округ,24701000000
1108,Ивановская область,Вичуга,городской округ,24703000000
1109,Ивановская область,Кинешма,городской округ,24705000000
1110,Ивановская область,Кохма,городской округ,24706000000
1111,Ивановская область,Тейково,городской округ,24707000000
1112,Ивановская область,Шуя,городской округ,24711000000
1144,Иркутская область,Балаганский,муниципальный район,25601000000
1147,Иркутская область,Жигаловский,муниципальный район,25606000000
1148,Иркутская область,Заларинский,муниципальный район,25608000000
1172,Иркутская область,Боханский,муниципальный район,25609000000
1149,Иркутская область,Зиминский,муниципальный район,25610000000
1150,Иркутская область,Иркутский,муниципальный район,25612000000
1151,Иркутская область,Казачинско-Ленский,муниципальный район,25614000000
1153,Иркутская область,Качугский,муниципальный район,25618000000
1154,Иркутская область,Киренский,муниципальный район,25620000000
1157,Иркутская область,Нижнеилимский,муниципальный район,25626000000
1158,Иркутская область,Нижнеудинский,муниципальный район,25628000000
1160,Иркутская область,Слюдянский,муниципальный район,25634000000
1161,Иркутская область,Тайшетский,муниципальный район,25636000000
1163,Иркутская область,Усольский,муниципальный район,25640000000
1165,Иркутская область,Усть-Кутский,муниципальный район,25644000000
1169,Иркутская область,Шелеховский,муниципальный район,25655000000
1175,Иркутская область,Эхирит-Булагатский,муниципальный район,25657000000
1134,Иркутская область,Иркутск,городской округ,25701000000
1135,Иркутская область,Ангарский,городской округ,25703000000
1136,Иркутская область,Братск,городской округ,25714000000
1137,Иркутская область,Зима,городской округ,25720000000
1138,Иркутская область,Саянск,городской округ,25726000000
1139,Иркутская область,Тулун,городской округ,25732000000
1140,Иркутская область,Усолье-Сибирское,городской округ,25736000000
1141,Иркутская область,Усть-Илимск,городской округ,25738000000
1142,Иркутская область,Черемхово,городской округ,25745000000
1143,Иркутская область,Свирск,городской округ,25746000000
1191,Калининградская область,Неманский,муниципальный округ,27514000000
1194,Калининградская область,Полесский,муниципальный округ,27518000000
1197,Калининградская область,Черняховский,муниципальный округ,27539000000
1176,Калининградская область,Калининград,городской округ,27701000000
1187,Калининградская область,Гусевский,городской округ,27709000000
1180,Калининградская область,Светловский,городской округ,27725000000
1181,Калининградская область,Советский,городской округ,27730000000
2111,Тверская область,Бежецкий,муниципальный округ,28504000000
2113,Тверская область,Бологовский,муниципальный округ,28508000000
2117,Тверская область,Западнодвинский,муниципальный округ,28516000000
2120,Тверская область,Калязинский,муниципальный округ,28522000000
2883,Тверская область,Кимрский,муниципальный округ,28528000000
2124,Тверская область,Конаковский,муниципальный округ,28530000000
2125,Тверская область,Краснохолмский,муниципальный округ,28532000000
2126,Тверская область,Кувшиновский,муниципальный округ,28534000000
2128,Тверская область,Лихославльский,муниципальный округ,28538000000
2129,Тверская область,Максатихинский,муниципальный округ,28540000000
2884,Тверская область,Ржевский,муниципальный округ,28548000000
2137,Тверская область,Селижаровский,муниципальный округ,28550000000
2140,Тверская область,Старицкий,муниципальный округ,28553000000
2142,Тверская область,Торопецкий,муниципальный округ,28555000000
2101,Тверская область,Тверь,городской округ,28701000000
2108,Тверская область,Торжок,городской округ,28750000000
2647,Калужская область,Боровский,муниципальный район,29606000000
1206,Калужская область,Жуковский,муниципальный район,29613000000
1207,Калужская область,Кировский,муниципальный район,29614000000
1209,Калужская область,Козельский,муниципальный район,29616000000
1211,Калужская область,Людиновский,муниципальный район,29620000000
1212,Калужская область,Малоярославецкий,муниципальный район,29623000000
1218,Калужская область,Сухиничский,муниципальный район,29636000000
1219,Калужская область,Тарусский,муниципальный район,29638000000
1198,Калужская область,Калуга,городской округ,29701000000
2646,Калужская область,Обнинск,городской округ,29715000000
613,Камчатский край,Мильковский,муниципальный округ,30510000000
612,Камчатский край,Елизовский,муниципальный район,30607000000
608,Камчатский край,Петропавловск-Камчатский,городской округ,30701000000
1243,Кемеровская область,Кемеровский,муниципальный округ,32507000000
1246,Кемеровская область,Мариинский,муниципальный округ,32516000000
3007,Кемеровская область,Прокопьевский,муниципальный округ,32522000000
1252,Кемеровская область,Топкинский,муниципальный округ,32531000000
1253,Кемеровская область,Тяжинский,муниципальный округ,32534000000
1257,Кемеровская область,Яшкинский,муниципальный округ,32546000000
1250,Кемеровская область,Таштагольский,муниципальный район,32627000000
1224,Кемеровская область,Кемеровский,городской округ,32701000000
1225,Кемеровская область,Анжеро-Судженский,городской округ,32704000000
1226,Кемеровская область,Беловский,городской округ,32707000000
1227,Кемеровская область,Березовский,городской округ,32710000000
1228,Кемеровская область,Калтанский,городской округ,32715000000
1229,Кемеровская область,Киселевский,городской округ,32716000000
1232,Кемеровская область,Мысковский,городской округ,32728000000
1233,Кемеровская область,Новокузнецкий,городской округ,32731000000
1235,Кемеровская область,Полысаевский,городской округ,32732000000
1234,Кемеровская область,Осинниковский,городской округ,32734000000
1236,Кемеровская область,Прокопьевский,городской округ,32737000000
1237,Кемеровская область,Тайгинский,городской округ,32740000000
1238,Кемеровская область,Юргинский,городской округ,32749000000
1268,Кировская область,Верхнекамский,муниципальный округ,33507000000
1279,Кировская область,Лузский,муниципальный округ,33522000000
1291,Кировская область,Санчурский,муниципальный округ,33533000000
1292,Кировская область,Свечинский,муниципальный округ,33534000000
1266,Кировская область,Белохолуницкий,муниципальный район,33605000000
1270,Кировская область,Вятскополянский,муниципальный район,33610000000
1272,Кировская область,Зуевский,муниципальный район,33614000000
1277,Кировская область,Куменский,муниципальный район,33620000000
1280,Кировская область,Малмыжский,муниципальный район,33623000000
1284,Кировская область,Нолинский,муниципальный район,33627000000
1285,Кировская область,Омутнинский,муниципальный район,33628000000
1287,Кировская область,Оричевский,муниципальный район,33630000000
1293,Кировская область,Слободской,муниципальный район,33635000000
1294,Кировская область,Советский,муниципальный район,33636000000
1298,Кировская область,Уржумский,муниципальный район,33641000000
1288,Кировская область,Орловский,муниципальный район,33645000000
1302,Кировская область,Яранский,муниципальный район,33650000000
1258,Кировская область,Киров,городской округ,33701000000
1259,Кировская область,Вятские Поляны,городской округ,33704000000
1260,Кировская область,Кирово-Чепецк,городской округ,33707000000
1261,Кировская область,Котельнич,городской округ,33710000000
1262,Кировская область,Слободской,городской округ,33713000000
2618,Костромская область,Мантуровский,муниципальный округ,34520000000
1328,Костромская область,Солигаличский,муниципальный округ,34540000000
1315,Костромская область,Костромской,муниципальный район,34614000000
1316,Костромская область,Красносельский,муниципальный район,34616000000
1321,Костромская область,Нерехта и Нерехтский,муниципальный район,34626000000
1329,Костромская область,Судиславский,муниципальный район,34642000000
1331,Костромская область,Чухломский,муниципальный район,34646000000
1303,Костромская область,Кострома,городской округ,34701000000
1304,Костромская область,Буй,городской округ,34705000000
1305,Костромская область,Волгореченск,городской округ,34706000000
1306,Костромская область,Галич,городской округ,34708000000
1308,Костромская область,Шарья,городской округ,34730000000
1884,Самарская область,Алексеевский,муниципальный район,36602000000
1885,Самарская область,Безенчукский,муниципальный район,36604000000
1886,Самарская область,Богатовский,муниципальный район,36606000000
1887,Самарская область,Большеглушицкий,муниципальный район,36608000000
1889,Самарская область,Борский,муниципальный район,36612000000
1890,Самарская область,Волжский,муниципальный район,36614000000
1893,Самарская область,Камышлинский,муниципальный район,36617000000
1894,Самарская область,Кинельский,муниципальный район,36618000000
1895,Самарская область,Кинель-Черкасский,муниципальный район,36620000000
1897,Самарская область,Кошкинский,муниципальный район,36624000000
1898,Самарская область,Красноармейский,муниципальный район,36626000000
1899,Самарская область,Красноярский,муниципальный район,36628000000
1900,Самарская область,Нефтегорский,муниципальный район,36630000000
1901,Самарская область,Пестравский,муниципальный район,36632000000
1903,Самарская область,Приволжский,муниципальный район,36636000000
1904,Самарская область,Сергиевский,муниципальный район,36638000000
1907,Самарская область,Хворостянский,муниципальный район,36644000000
1909,Самарская область,Шенталинский,муниципальный район,36648000000
1910,Самарская область,Шигонский,муниципальный район,36650000000
1874,Самарская область,Самара,городской округ,36701000000
1875,Самарская область,Жигулевск,городской округ,36704000000
1876,Самарская область,Кинель,городской округ,36708000000
1877,Самарская область,Новокуйбышевск,городской округ,36713000000
1878,Самарская область,Октябрьск,городской округ,36718000000
1879,Самарская область,Отрадный,городской округ,36724000000
1880,Самарская область,Похвистнево,городской округ,36727000000
1881,Самарская область,Сызрань,городской округ,36735000000
1883,Самарская область,Чапаевск,городской округ,36750000000
1335,Курганская область,Альменевский,муниципальный округ,37502000000
1337,Курганская область,Варгашинский,муниципальный округ,37506000000
1338,Курганская область,Далматовский,муниципальный округ,37508000000
1339,Курганская область,Звериноголовский,муниципальный округ,37509000000
1340,Курганская область,Каргапольский,муниципальный округ,37510000000
1341,Курганская область,Катайский,муниципальный округ,37512000000
1343,Курганская область,Куртамышский,муниципальный округ,37516000000
1344,Курганская область,Лебяжьевский,муниципальный округ,37518000000
1345,Курганская область,Макушинский,муниципальный округ,37520000000
1346,Курганская область,Мишкинский,муниципальный округ,37522000000
1347,Курганская область,Мокроусовский,муниципальный округ,37524000000
1348,Курганская область,Петуховский,муниципальный округ,37526000000
1355,Курганская область,Шатровский,муниципальный округ,37540000000
1356,Курганская область,Шумихинский,муниципальный округ,37542000000
1358,Курганская область,Юргамышский,муниципальный округ,37546000000
1333,Курганская область,Курган,городской округ,37701000000
1334,Курганская область,Шадринск,городской округ,37705000000
2351,Санкт-Петербург,Коломна,внутригородская территория города федерального значения,40301000000
2352,Санкт-Петербург,Сенной,внутригородская территория города федерального значения,40302000000
2353,Санкт-Петербург,Адмиралтейский,внутригородская территория города федерального значения,40303000000
2354,Санкт-Петербург,Семеновский,внутригородская территория города федерального значения,40304000000
2355,Санкт-Петербург,Измайловское,внутригородская территория города федерального значения,40305000000
2356,Санкт-Петербург,Екатерингофский,внутригородская территория города федерального значения,40306000000
2357,Санкт-Петербург,№ 7,внутригородская территория города федерального значения,40307000000
2358,Санкт-Петербург,Васильевский,внутригородская территория города федерального значения,40308000000
2361,Санкт-Петербург,Остров Декабристов,внутригородская территория города федерального значения,40311000000
2364,Санкт-Петербург,Сампсониевское,внутригородская территория города федерального значения,40314000000
2365,Санкт-Петербург,Светлановское,внутригородская территория города федерального значения,40315000000
2366,Санкт-Петербург,Сосновское,внутригородская территория города федерального значения,40316000000
2372,Санкт-Петербург,№ 65,внутригородская территория города федерального значения,40322000000
2373,Санкт-Петербург,Ланское,внутригородская территория города федерального значения,40323000000
2375,Санкт-Петербург,Озеро Долгое,внутригородская территория города федерального значения,40325000000
2376,Санкт-Петербург,Юнтолово,внутригородская территория города федерального значения,40326000000
2379,Санкт-Петербург,Академическое,внутригородская территория города федерального значения,40329000000
2380,Санкт-Петербург,Финляндский,внутригородская территория города федерального значения,40330000000
2381,Санкт-Петербург,№ 21,внутригородская территория города федерального значения,40331000000
2382,Санкт-Петербург,Пискаревка,внутригородская территория города федерального значения,40332000000
2384,Санкт-Петербург,Прометей,внутригородская территория города федерального значения,40334000000
2386,Санкт-Петербург,Ульянка,внутригородская территория города федерального значения,40336000000
2388,Санкт-Петербург,Автово,внутригородская территория города федерального значения,40338000000
2389,Санкт-Петербург,Нарвский,внутригородская территория города федерального значения,40339000000
2391,Санкт-Петербург,Морские ворота,внутригородская территория города федерального значения,40341000000
2392,Санкт-Петербург,Колпино,внутригородская территория города федерального значения,40342000000
2400,Санкт-Петербург,Малая Охта,внутригородская территория города федерального значения,40350000000
2402,Санкт-Петербург,Ржевка,внутригородская территория города федерального значения,40352000000
2403,Санкт-Петербург,Красное Село,внутригородская территория города федерального значения,40353000000
2406,Санкт-Петербург,Сосновая поляна,внутригородская территория города федерального значения,40356000000
2407,Санкт-Петербург,Урицк,внутригородская территория города федерального значения,40357000000
2412,Санкт-Петербург,Сестрорецк,внутригородская территория города федерального значения,40362000000
2423,Санкт-Петербург,Московская застава,внутригородская территория города федерального значения,40373000000
2424,Санкт-Петербург,Гагаринское,внутригородская территория города федерального значения,40374000000
2425,Санкт-Петербург,Новоизмайловское,внутригородская территория города федерального значения,40375000000
2426,Санкт-Петербург,Пулковский меридиан,внутригородская территория города федерального значения,40376000000
2430,Санкт-Петербург,Обуховский,внутригородская территория города федерального значения,40380000000
2432,Санкт-Петербург,Народный,внутригородская территория города федерального значения,40382000000
2437,Санкт-Петербург,Павловск,внутригородская территория города федерального значения,40387000000
2439,Санкт-Петербург,Введенский,внутригородская территория города федерального значения,40389000000
2440,Санкт-Петербург,Кронверкское,внутригородская территория города федерального значения,40390000000
2442,Санкт-Петербург,Аптекарский остров,внутригородская территория города федерального значения,40392000000
2444,Санкт-Петербург,Чкаловское,внутригородская территория города федерального значения,40394000000
2447,Санкт-Петербург,Пушкин,внутригородская территория города федерального значения,40397000000
2450,Санкт-Петербург,Волковское,внутригородская территория города федерального значения,40902000000
2454,Санкт-Петербург,№ 75,внутригородская территория города федерального значения,40906000000
2455,Санкт-Петербург,Балканский,внутригородская территория города федерального значения,40907000000
2456,Санкт-Петербург,Дворцовый,внутригородская территория города федерального значения,40908000000
2457,Санкт-Петербург,№ 78,внутригородская территория города федерального значения,40909000000
2458,Санкт-Петербург,Литейный,внутригородская территория города федерального значения,40910000000
1392,Ленинградская область,Бокситогорский,муниципальный район,41603000000
1393,Ленинградская область,Волосовский,муниципальный район,41606000000
1394,Ленинградская область,Волховский,муниципальный район,41609000000
1395,Ленинградская область,Всеволожский,муниципальный район,41612000000
1396,Ленинградская область,Выборгский,муниципальный район,41615000000
1398,Ленинградская область,Кингисеппский,муниципальный район,41621000000
1399,Ленинградская область,Киришский,муниципальный район,41624000000
1400,Ленинградская область,Кировский,муниципальный район,41625000000
1401,Ленинградская область,Лодейнопольский,муниципальный район,41627000000
1403,Ленинградская область,Лужский,муниципальный район,41633000000
1404,Ленинградская область,Подпорожский,муниципальный район,41636000000
1405,Ленинградская область,Приозерский,муниципальный район,41639000000
1406,Ленинградская область,Сланцевский,муниципальный район,41642000000
1407,Ленинградская область,Тихвинский,муниципальный район,41645000000
1408,Ленинградская область,Тосненский,муниципальный район,41648000000
1409,Ленинградская область,Сосновоборский,городской округ,41754000000
1413,Липецкая область,Грязинский,муниципальный район,42606000000
1414,Липецкая область,Данковский,муниципальный район,42609000000
1415,Липецкая область,Добринский,муниципальный район,42612000000
1419,Липецкая область,Задонский,муниципальный район,42624000000
1422,Липецкая область,Лебедянский,муниципальный район,42633000000
1426,Липецкая область,Тербунский,муниципальный район,42645000000
1427,Липецкая область,Усманский,муниципальный район,42648000000
1428,Липецкая область,Хлевенский,муниципальный район,42652000000
1429,Липецкая область,Чаплыгинский,муниципальный район,42656000000
1410,Липецкая область,Липецк,городской округ,42701000000
1411,Липецкая область,Елец,городской округ,42715000000
1431,Магаданская область,Ольский,муниципальный округ,44502000000
1430,Магаданская область,Магадан,городской округ,44701000000
2462,Москва,Богородское,внутригородская территория города федерального значения,45301000000
2463,Москва,Вешняки,внутригородская территория города федерального значения,45302000000
2464,Москва,Восточное Измайлово,внутригородская территория города федерального значения,45303000000
2468,Москва,Измайлово,внутригородская территория города федерального значения,45307000000
2471,Москва,Новокосино,внутригородская территория города федерального значения,45310000000
2472,Москва,Метро,внутригородская территория города федерального значения,45311000000
2473,Москва,Перово,внутригородская территория города федерального значения,45312000000
2474,Москва,Северное Измайлово,внутригородская территория города федерального значения,45313000000
2475,Москва,Соколиная гора,внутригородская территория города федерального значения,45314000000
2481,Москва,Кунцево,внутригородская территория города федерального значения,45320000000
2484,Москва,Очаково-Матвеевское,внутригородская территория города федерального значения,45323000000
2485,Москва,Проспект Вернадского,внутригородская территория города федерального значения,45324000000
2486,Москва,Раменки,внутригородская территория города федерального значения,45325000000
2488,Москва,Тропарево-Никулино,внутригородская территория города федерального значения,45327000000
2490,Москва,Фили-Давыдково,внутригородская территория города федерального значения,45329000000
2493,Москва,Силино,внутригородская территория города федерального значения,45332000000
2494,Москва,Аэропорт,внутригородская территория города федерального значения,45333000000
2495,Москва,Беговой,внутригородская территория города федерального значения,45334000000
2497,Москва,Войковский,внутригородская территория города федерального значения,45336000000
2499,Москва,Головинский,внутригородская территория города федерального значения,45338000000
2503,Москва,Левобережный,внутригородская территория города федерального значения,45342000000
2506,Москва,Сокол,внутригородская территория города федерального значения,45345000000
2507,Москва,Тимирязевский,внутригородская территория города федерального значения,45346000000
2509,Москва,Хорошевский,внутригородская территория города федерального значения,45348000000
2510,Москва,Алексеевский,внутригородская территория города федерального значения,45349000000
2511,Москва,Алтуфьевский,внутригородская территория города федерального значения,45350000000
2514,Москва,Бутырский,внутригородская территория города федерального значения,45353000000
2516,Москва,Лосиноостровский,внутригородская территория города федерального значения,45355000000
2517,Москва,Марфино,внутригородская территория города федерального значения,45356000000
2518,Москва,Марьина роща,внутригородская территория города федерального значения,45357000000
2521,Москва,Ростокино,внутригородская территория города федерального значения,45360000000
2523,Москва,Северное Медведково,внутригородская территория города федерального значения,45362000000
2526,Москва,Ярославский,внутригородская территория города федерального значения,45365000000
2528,Москва,Митино,внутригородская территория города федерального значения,45367000000
2529,Москва,Покровское-Стрешнево,внутригородская территория города федерального значения,45368000000
2532,Москва,Хорошево-Мневники,внутригородская территория города федерального значения,45371000000
2533,Москва,Щукино,внутригородская территория города федерального значения,45372000000
2534,Москва,Южное Тушино,внутригородская территория города федерального значения,45373000000
2535,Москва,Арбат,внутригородская территория города федерального значения,45374000000
2536,Москва,Басманный,внутригородская территория города федерального значения,45375000000
2537,Москва,Замоскворечье,внутригородская территория города федерального значения,45376000000
2539,Москва,Красносельский,внутригородская территория города федерального значения,45378000000
2540,Москва,Мещанский,внутригородская территория города федерального значения,45379000000
2541,Москва,Пресненский,внутригородская территория города федерального значения,45380000000
2542,Москва,Таганский,внутригородская территория города федерального значения,45381000000
2543,Москва,Тверской,внутригородская территория города федерального значения,45382000000
2544,Москва,Хамовники,внутригородская территория города федерального значения,45383000000
2545,Москва,Якиманка,внутригородская территория города федерального значения,45384000000
2546,Москва,Выхино-Жулебино,внутригородская территория города федерального значения,45385000000
2548,Москва,Кузьминки,внутригородская территория города федерального значения,45387000000
2549,Москва,Лефортово,внутригородская территория города федерального значения,45388000000
2550,Москва,Люблино,внутригородская территория города федерального значения,45389000000
2554,Москва,Печатники,внутригородская территория города федерального значения,45393000000
2556,Москва,Текстильщики,внутригородская территория города федерального значения,45395000000
2557,Москва,Южнопортовый,внутригородская территория города федерального значения,45396000000
2558,Москва,Академический,внутригородская территория города федерального значения,45397000000
2560,Москва,Зюзино,внутригородская территория города федерального значения,45901000000
2563,Москва,Ломоносовский,внутригородская территория города федерального значения,45904000000
2564,Москва,Обручевский,внутригородская территория города федерального значения,45905000000
2567,Москва,Черемушки,внутригородская территория города федерального значения,45908000000
2570,Москва,Бирюлево Восточное,внутригородская территория города федерального значения,45911000000
2573,Москва,Даниловский,внутригородская территория города федерального значения,45914000000
2574,Москва,Донской,внутригородская территория города федерального значения,45915000000
2575,Москва,Зябликово,внутригородская территория города федерального значения,45916000000
2577,Москва,Нагатино-Садовники,внутригородская территория города федерального значения,45918000000
2578,Москва,Нагатинский затон,внутригородская территория города федерального значения,45919000000
2579,Москва,Нагорный,внутригородская территория города федерального значения,45920000000
2580,Москва,Орехово-Борисово Северное,внутригородская территория города федерального значения,45921000000
2585,Москва,Чертаново Южное,внутригородская территория города федерального значения,45926000000
1439,Московская область,Балашиха,городской округ,46704000000
1440,Московская область,Бронницы,городской округ,46705000000
1493,Московская область,Ленинский,городской округ,46707000000
1445,Московская область,Домодедово,городской округ,46709000000
1490,Московская область,Воскресенск,городской округ,46710000000
1444,Московская область,Долгопрудный,городской округ,46716000000
1446,Московская область,Дубна,городской округ,46718000000
1448,Московская область,Жуковский,городской округ,46725000000
1501,Московская область,Сергиево-Посадский,городской округ,46728000000
1456,Московская область,Королёв,городской округ,46734000000
1454,Московская область,Кашира,городской округ,46735000000
1492,Московская область,Клин,городской округ,46737000000
2808,Московская область,Коломна,городской округ,46738000000
1457,Московская область,Котельники,городской округ,46739000000
1464,Московская область,Лыткарино,городской округ,46741000000
1459,Московская область,Красногорск,городской округ,46744000000
1495,Московская область,Можайский,городской округ,46745000000
1467,Московская область,Мытищи,городской округ,46746000000
1465,Московская область,Люберцы,городской округ,46748000000
1468,Московская область,Наро-Фоминский,городской округ,46750000000
1496,Московская область,Богородский,городской округ,46751000000
2651,Московская область,Одинцовский,городской округ,46755000000
2652,Московская область,Орехово-Зуевский,городской округ,46757000000
2814,Московская область,Пушкинский,городской округ,46758000000
1472,Московская область,Подольск,городской округ,46760000000
1475,Московская область,Реутов,городской округ,46764000000
2644,Московская область,Серпухов,городской округ,46770000000
3013,Московская область,Солнечногорск,городской округ,46771000000
1480,Московская область,Ступино,городской округ,46776000000
1504,Московская область,Талдомский,городской округ,46778000000
1484,Московская область,Чехов,городской округ,46784000000
2649,Московская область,Щёлково,городской округ,46788000000
1488,Московская область,Электросталь,городской округ,46790000000
1521,Мурманская область,Печенгский,муниципальный округ,47515000000
1507,Мурманская область,Апатиты,муниципальный округ,47519000000
1508,Мурманская область,Кировск,муниципальный округ,47522000000
1509,Мурманская область,Мончегорск,муниципальный округ,47524000000
1510,Мурманская область,Оленегорск,муниципальный округ,47526000000
1511,Мурманская область,Полярные Зори,муниципальный округ,47528000000
1519,Мурманская область,Кольский,муниципальный район,47605000000
1518,Мурманская область,Кандалакшский,муниципальный район,47608000000
1520,Мурманская область,Ловозерский,муниципальный район,47610000000
1522,Мурманская область,Терский,муниципальный район,47620000000
1506,Мурманская область,Мурманск,городской округ,47701000000
1580,Новгородская область,Демянский,муниципальный округ,49512000000
1581,Новгородская область,Крестецкий,муниципальный округ,49514000000
1589,Новгородская область,Пестовский,муниципальный округ,49532000000
1593,Новгородская область,Хвойнинский,муниципальный округ,49545000000
1577,Новгородская область,Боровичский,муниципальный район,49606000000
1578,Новгородская область,Валдайский,муниципальный район,49608000000
1583,Новгородская область,Маловишерский,муниципальный район,49620000000
1586,Новгородская область,Новгородский,муниципальный район,49625000000
1587,Новгородская область,Окуловский,муниципальный район,49628000000
1592,Новгородская область,Старорусский,муниципальный район,49639000000
1595,Новгородская область,Чудовский,муниципальный район,49650000000
1575,Новгородская область,Великий Новгород,городской округ,49701000000
1603,Новосибирская область,Барабинский,муниципальный район,50604000000
1605,Новосибирская область,Венгеровский,муниципальный район,50608000000
1606,Новосибирская область,Доволенский,муниципальный район,50610000000
1607,Новосибирская область,Здвинский,муниципальный район,50613000000
1608,Новосибирская область,Искитимский,муниципальный район,50615000000
1610,Новосибирская область,Каргатский,муниципальный район,50619000000
1611,Новосибирская область,Колыванский,муниципальный район,50621000000
1613,Новосибирская область,Кочковский,муниципальный район,50625000000
1614,Новосибирская область,Краснозерский,муниципальный район,50627000000
1615,Новосибирская область,Куйбышевский,муниципальный район,50630000000
1616,Новосибирская область,Купинский,муниципальный район,50632000000
1621,Новосибирская область,Ордынский,муниципальный район,50642000000
1623,Новосибирская область,Сузунский,муниципальный район,50648000000
1625,Новосибирская область,Тогучинский,муниципальный район,50652000000
1629,Новосибирская область,Черепановский,муниципальный район,50657000000
1631,Новосибирская область,Чулымский,муниципальный район,50659000000
1597,Новосибирская область,Новосибирск,городской округ,50701000000
1598,Новосибирская область,Бердск,городской округ,50708000000
1599,Новосибирская область,Искитим,городской округ,50712000000
1634,Омская область,Большереченский,муниципальный район,52603000000
1636,Омская область,Горьковский,муниципальный район,52609000000
1637,Омская область,Знаменский,муниципальный район,52612000000
1638,Омская область,Исилькульский,муниципальный район,52615000000
1639,Омская область,Калачинский,муниципальный район,52618000000
1640,Омская область,Колосовский,муниципальный район,52621000000
1641,Омская область,Кормиловский,муниципальный район,52623000000
1644,Омская область,Марьяновский,муниципальный район,52630000000
1645,Омская область,Москаленский,муниципальный район,52632000000
1646,Омская область,Муромцевский,муниципальный район,52634000000
1647,Омская область,Называевский,муниципальный район,52636000000
1648,Омская область,Нижнеомский,муниципальный район,52639000000
1649,Омская область,Нововаршавский,муниципальный район,52641000000
1650,Омская область,Одесский,муниципальный район,52642000000
1652,Омская область,Омский,муниципальный район,52644000000
1653,Омская область,Павлоградский,муниципальный район,52646000000
1654,Омская область,Полтавский,муниципальный район,52648000000
1655,Омская область,Русско-Полянский,муниципальный район,52650000000
1656,Омская область,Саргатский,муниципальный район,52651000000
1657,Омская область,Седельниковский,муниципальный район,52652000000
1658,Омская область,Таврический,муниципальный район,52653000000
1659,Омская область,Тарский,муниципальный район,52654000000
1660,Омская область,Тевризский,муниципальный район,52655000000
1661,Омская область,Тюкалинский,муниципальный район,52656000000
1663,Омская область,Черлакский,муниципальный район,52658000000
1632,Омская область,Омск,городской округ,52701000000
1678,Оренбургская область,Адамовский,муниципальный район,53604000000
1679,Оренбургская область,Акбулакский,муниципальный район,53605000000
1687,Оренбургская область,Илекский,муниципальный район,53619000000
1688,Оренбургская область,Кваркенский,муниципальный район,53622000000
1689,Оренбургская область,Красногвардейский,муниципальный район,53623000000
1692,Оренбургская область,Новоорский,муниципальный район,53630000000
1693,Оренбургская область,Новосергиевский,муниципальный район,53631000000
1694,Оренбургская область,Октябрьский,муниципальный район,53633000000
1696,Оренбургская область,Первомайский,муниципальный район,53636000000
1697,Оренбургская область,Переволоцкий,муниципальный район,53637000000
1700,Оренбургская область,Саракташский,муниципальный район,53641000000
1701,Оренбургская область,Светлинский,муниципальный район,53642000000
1703,Оренбургская область,Ташлинский,муниципальный район,53651000000
1704,Оренбургская область,Тоцкий,муниципальный район,53652000000
1705,Оренбургская область,Тюльганский,муниципальный район,53653000000
1706,Оренбургская область,Шарлыкский,муниципальный район,53656000000
1665,Оренбургская область,Оренбург,городской округ,53701000000
1667,Оренбургская область,Бугуруслан,городской округ,53708000000
1668,Оренбургская область,Бузулук,городской округ,53712000000
1671,Оренбургская область,Медногорск,городской округ,53715000000
1672,Оренбургская область,Новотроицк,городской округ,53720000000
1673,Оренбургская область,Орск,городской округ,53723000000
1726,Орловская область,Орловский,муниципальный округ,54501000000
1710,Орловская область,Болховский,муниципальный район,54604000000
1719,Орловская область,Кромской,муниципальный район,54625000000
1727,Орловская область,Покровский,муниципальный район,54650000000
1707,Орловская область,Орёл,городской округ,54701000000
1708,Орловская область,Ливны,городской округ,54705000000
1709,Орловская область,Мценск,городской округ,54710000000
1761,Пензенская область,Спасский,муниципальный район,56606000000
1738,Пензенская область,Бековский,муниципальный район,56609000000
1745,Пензенская область,Каменский,муниципальный район,56629000000
1746,Пензенская область,Камешкирский,муниципальный район,56631000000
1747,Пензенская область,Колышлейский,муниципальный район,56633000000
1750,Пензенская область,Лунинский,муниципальный район,56643000000
1752,Пензенская область,Мокшанский,муниципальный район,56645000000
1755,Пензенская область,Нижнеломовский,муниципальный район,56651000000
1756,Пензенская область,Никольский,муниципальный район,56653000000
1759,Пензенская область,Сердобский,муниципальный район,56656000000
1760,Пензенская область,Сосновоборский,муниципальный район,56657000000
734,Пермский край,Александровский,муниципальный округ,57502000000
735,Пермский край,Бардымский,муниципальный округ,57503000000
737,Пермский край,Большесосновский,муниципальный округ,57508000000
2886,Пермский край,Губахинский,муниципальный округ,57516000000
742,Пермский край,Еловский,муниципальный округ,57518000000
2885,Пермский край,Кудымкарский,муниципальный округ,57528000000
749,Пермский край,Куединский,муниципальный округ,57529000000
2809,Пермский край,Кунгурский,муниципальный округ,57530000000
757,Пермский край,Пермский,муниципальный округ,57546000000
761,Пермский край,Уинский,муниципальный округ,57552000000
764,Пермский край,Частинский,муниципальный округ,57555000000
774,Пермский край,Юсьвинский,муниципальный округ,57560000000
727,Пермский край,Пермский,городской округ,57701000000
741,Пермский край,Добрянский,городской округ,57718000000
763,Пермский край,Чайковский,городской округ,57735000000
747,Пермский край,Красновишерский,городской округ,57760000000
1774,Псковская область,Невельский,муниципальный округ,58520000000
1777,Псковская область,Опочецкий,муниципальный округ,58529000000
1769,Псковская область,Дедовичский,муниципальный район,58610000000
1778,Псковская область,Островский,муниципальный район,58633000000
1787,Псковская область,Себежский,муниципальный район,58654000000
1764,Псковская область,Псков,городской округ,58701000000
1765,Псковская область,Великие Луки,городской округ,58710000000
1862,Рязанская область,Ряжский,муниципальный округ,61530000000
1851,Рязанская область,Кадомский,муниципальный район,61606000000
1853,Рязанская область,Клепиковский,муниципальный район,61610000000
1859,Рязанская область,Пронский,муниципальный район,61625000000
1863,Рязанская область,Рязанский,муниципальный район,61634000000
1865,Рязанская область,Сараевский,муниципальный район,61640000000
1868,Рязанская область,Спасский,муниципальный район,61646000000
1872,Рязанская область,Шацкий,муниципальный район,61656000000
1873,Рязанская область,Шиловский,муниципальный район,61658000000
1845,Рязанская область,Рязань,городской округ,61701000000
1846,Рязанская область,Касимов,городской округ,61705000000
1848,Рязанская область,Скопин,городской округ,61715000000
1915,Саратовская область,Александрово-Гайский,муниципальный район,63602000000
1916,Саратовская область,Аркадакский,муниципальный район,63603000000
1917,Саратовская область,Аткарский,муниципальный район,63604000000
1918,Саратовская область,Базарно-Карабулакский,муниципальный район,63606000000
1919,Саратовская область,Балаковский,муниципальный район,63607000000
1920,Саратовская область,Балашовский,муниципальный район,63608000000
1922,Саратовская область,Вольский,муниципальный район,63611000000
1924,Саратовская область,Дергачевский,муниципальный район,63613000000
1927,Саратовская область,Ершовский,муниципальный район,63617000000
1928,Саратовская область,Ивантеевский,муниципальный район,63619000000
1929,Саратовская область,Калининский,муниципальный район,63621000000
1930,Саратовская область,Красноармейский,муниципальный район,63622000000
1931,Саратовская область,Краснокутский,муниципальный район,63623000000
1932,Саратовская область,Краснопартизанский,муниципальный район,63624000000
1934,Саратовская область,Марксовский,муниципальный район,63626000000
1935,Саратовская область,Новобурасский,муниципальный район,63629000000
1936,Саратовская область,Новоузенский,муниципальный район,63630000000
1937,Саратовская область,Озинский,муниципальный район,63632000000
1938,Саратовская область,Перелюбский,муниципальный район,63634000000
1939,Саратовская область,Петровский,муниципальный район,63635000000
1940,Саратовская область,Питерский,муниципальный район,63636000000
1941,Саратовская область,Пугачевский,муниципальный район,63637000000
1944,Саратовская область,Ртищевский,муниципальный район,63641000000
1947,Саратовская область,Советский,муниципальный район,63644000000
1948,Саратовская область,Татищевский,муниципальный район,63646000000
1951,Саратовская область,Хвалынский,муниципальный район,63649000000
1952,Саратовская область,Энгельсский,муниципальный район,63650000000
2887,Саратовская область,Саратов,городской округ,63701000000
2042,Свердловская область,Нижнесергинский,муниципальный район,65628000000
2041,Свердловская область,Слободо-Туринский,муниципальный район,65639000000
1971,Свердловская область,Екатеринбург,городской округ,65701000000
2021,Свердловская область,Верхотурский,городской округ,65709000000
2035,Свердловская область,Тугулымский,городской округ,65725000000
1979,Свердловская область,Верхняя Пышма,городской округ,65732000000
1997,Свердловская область,Верхняя Тура,городской округ,65734000000
1985,Свердловская область,Ирбит,городской округ,65739000000
1986,Свердловская область,Каменск-Уральский,городской округ,65740000000
1987,Свердловская область,Камышловский,городской округ,65741000000
1995,Свердловская область,Красноуфимск,городской округ,65747000000
1976,Свердловская область,Рефтинский,городской округ,65763000000
2044,Смоленская область,Смоленск,городской округ,66701000000
2045,Смоленская область,Десногорск,городской округ,66710000000
2080,Тамбовская область,Жердевский,муниципальный округ,68504000000
2082,Тамбовская область,Инжавинский,муниципальный округ,68508000000
2094,Тамбовская область,Сампурский,муниципальный округ,68532000000
2096,Тамбовская область,Староюрьевский,муниципальный округ,68536000000
3009,Тамбовская область,Тамбов,городской округ,68701000000
2072,Тамбовская область,Кирсанов,городской округ,68705000000
2073,Тамбовская область,Котовск,городской округ,68710000000
2074,Тамбовская область,Мичуринск,городской округ,68715000000
2075,Тамбовская область,Моршанск,городской округ,68720000000
2076,Тамбовская область,Рассказово,городской округ,68725000000
2077,Тамбовская область,Уварово,городской округ,68730000000
2148,Томская область,Александровский,муниципальный район,69604000000
2149,Томская область,Асиновский,муниципальный район,69608000000
2150,Томская область,Бакчарский,муниципальный район,69612000000
2151,Томская область,Верхнекетский,муниципальный район,69616000000
2152,Томская область,Зырянский,муниципальный район,69620000000
2153,Томская область,Каргасокский,муниципальный район,69624000000
2154,Томская область,Кожевниковский,муниципальный район,69628000000
2155,Томская область,Колпашевский,муниципальный район,69632000000
2156,Томская область,Кривошеинский,муниципальный район,69636000000
2157,Томская область,Молчановский,муниципальный район,69640000000
2158,Томская область,Парабельский,муниципальный район,69644000000
2159,Томская область,Первомайский,муниципальный район,69648000000
2162,Томская область,Чаинский,муниципальный район,69656000000
2163,Томская область,Шегарский,муниципальный район,69658000000
2144,Томская область,Томск,городской округ,69701000000
2146,Томская область,Стрежевой,городской округ,69710000000
2172,Тульская область,Белевский,муниципальный район,70606000000
2173,Тульская область,Богородицкий,муниципальный район,70608000000
2180,Тульская область,Киреевский,муниципальный район,70628000000
2186,Тульская область,Узловский,муниципальный район,70644000000
2187,Тульская область,Чернский,муниципальный район,70646000000
2188,Тульская область,Щекинский,муниципальный район,70648000000
2189,Тульская область,Ясногорский,муниципальный район,70650000000
2164,Тульская область,Тула,городской округ,70701000000
2165,Тульская область,Алексин,городской округ,70706000000
2167,Тульская область,Донской,городской округ,70712000000
2169,Тульская область,Новомосковск,городской округ,70724000000
2190,Тюменская область,Тюмень,городской округ,71701000000
2192,Тюменская область,Ишим,городской округ,71705000000
2193,Тюменская область,Тобольск,городской округ,71710000000
2194,Тюменская область,Ялуторовск,городской округ,71715000000
2229,Ханты-Мансийский автономный округ — Югра,Белоярский,муниципальный район,71811000000
2230,Ханты-Мансийский автономный округ — Югра,Березовский,муниципальный район,71812000000
2231,Ханты-Мансийский автономный округ — Югра,Кондинский,муниципальный район,71816000000
2235,Ханты-Мансийский автономный округ — Югра,Советский,муниципальный район,71824000000
2236,Ханты-Мансийский автономный округ — Югра,Сургутский,муниципальный район,71826000000
2216,Ханты-Мансийский автономный округ — Югра,Ханты-Мансийск,городской округ,71871000000
2218,Ханты-Мансийский автономный округ — Югра,Лангепас,городской округ,71872000000
2219,Ханты-Мансийский автономный округ — Югра,Мегион,городской округ,71873000000
2220,Ханты-Мансийский автономный округ — Югра,Нефтеюганск,городской округ,71874000000
2221,Ханты-Мансийский автономный округ — Югра,Нижневартовск,городской округ,71875000000
2226,Ханты-Мансийский автономный округ — Югра,Сургут,городской округ,71876000000
2225,Ханты-Мансийский автономный округ — Югра,Радужный,городской округ,71877000000
2227,Ханты-Мансийский автономный округ — Югра,Урай,городской округ,71878000000
2222,Ханты-Мансийский автономный округ — Югра,Нягань,городской округ,71879000000
2217,Ханты-Мансийский автономный округ — Югра,Когалым,городской округ,71883000000
2223,Ханты-Мансийский автономный округ — Югра,Покачи,городской округ,71884000000
2224,Ханты-Мансийский автономный округ — Югра,Пыть-Ях,городской округ,71885000000
2228,Ханты-Мансийский автономный округ — Югра,Югорск,городской округ,71887000000
2245,Ямало-Ненецкий автономный округ,Надымский,муниципальный округ,71936000000
2882,Ямало-Ненецкий автономный округ,Пуровский,муниципальный округ,71940000000
2238,Ямало-Ненецкий автономный округ,Салехард,городской округ,71951000000
2880,Ямало-Ненецкий автономный округ,Лабытнанги,городской округ,71953000000
2241,Ямало-Ненецкий автономный округ,Муравленко,городской округ,71955000000
2242,Ямало-Ненецкий автономный округ,Новый Уренгой,городской округ,71956000000
2243,Ямало-Ненецкий автономный округ,Ноябрьск,городской округ,71958000000
2255,Ульяновская область,Барышский,муниципальный район,73604000000
2257,Ульяновская область,Инзенский,муниципальный район,73610000000
2258,Ульяновская область,Карсунский,муниципальный район,73614000000
2259,Ульяновская область,Кузоватовский,муниципальный район,73616000000
2262,Ульяновская область,Николаевский,муниципальный район,73625000000
2264,Ульяновская область,Новоспасский,муниципальный район,73629000000
2265,Ульяновская область,Павловский,муниципальный район,73632000000
2266,Ульяновская область,Радищевский,муниципальный район,73634000000
2267,Ульяновская область,Сенгилеевский,муниципальный район,73636000000
2268,Ульяновская область,Старокулаткинский,муниципальный район,73639000000
2269,Ульяновская область,Старомайнский,муниципальный район,73642000000
2270,Ульяновская область,Сурский,муниципальный район,73644000000
2251,Ульяновская область,Ульяновск,городской округ,73701000000
2252,Ульяновская область,Димитровград,городской округ,73705000000
2253,Ульяновская область,Новоульяновск,городской округ,73715000000
2303,Челябинская область,Коркинский,муниципальный округ,75533000000
2292,Челябинская область,Аргаяшский,муниципальный район,75606000000
2293,Челябинская область,Ашинский,муниципальный район,75609000000
2294,Челябинская область,Брединский,муниципальный район,75612000000
2295,Челябинская область,Варненский,муниципальный район,75614000000
2296,Челябинская область,Верхнеуральский,муниципальный район,75617000000
2297,Челябинская область,Еманжелинский,муниципальный район,75619000000
2299,Челябинская область,Карталинский,муниципальный район,75623000000
2300,Челябинская область,Каслинский,муниципальный район,75626000000
2301,Челябинская область,Катав-Ивановский,муниципальный район,75629000000
2302,Челябинская область,Кизильский,муниципальный район,75632000000
2304,Челябинская область,Красноармейский,муниципальный район,75634000000
2305,Челябинская область,Кунашакский,муниципальный район,75636000000
2307,Челябинская область,Нагайбакский,муниципальный район,75642000000
2309,Челябинская область,Октябрьский,муниципальный район,75647000000
2312,Челябинская область,Сосновский,муниципальный район,75652000000
2315,Челябинская область,Уйский,муниципальный район,75656000000
2275,Челябинская область,Челябинский,городской округ,75701000000
2276,Челябинская область,Верхнеуфалейский,городской округ,75706000000
3011,Челябинская область,Златоустовский,городской округ,75712000000
2278,Челябинская область,Карабашский,городской округ,75715000000
2279,Челябинская область,Копейский,городской округ,75728000000
2280,Челябинская область,Кыштымский,городской округ,75734000000
2281,Челябинская область,Магнитогорский,городской округ,75738000000
2282,Челябинская область,Миасский,городской округ,75742000000
2286,Челябинская область,Троицкий,городской округ,75752000000
2287,Челябинская область,Усть-Катавский,городской округ,75755000000
2288,Челябинская область,Чебаркульский,городской округ,75758000000
2289,Челябинская область,Южноуральский,городской округ,75764000000
594,Забайкальский край,Приаргунский,муниципальный округ,76538000000
579,Забайкальский край,Борзинский,муниципальный район,76609000000
586,Забайкальский край,Красночикойский,муниципальный район,76622000000
607,Забайкальский край,Могойтуйский,муниципальный район,76625000000
591,Забайкальский край,Оловяннинский,муниципальный район,76632000000
595,Забайкальский край,Сретенский,муниципальный район,76640000000
599,Забайкальский край,Хилокский,муниципальный район,76647000000
600,Забайкальский край,Чернышевский,муниципальный район,76648000000
603,Забайкальский край,Шилкинский,муниципальный район,76654000000
604,Забайкальский край,Агинское,городской округ,76702000000
2349,Чукотский автономный округ,Билибинский,муниципальный район,77609000000
2344,Чукотский автономный округ,Анадырь,городской округ,77701000000
2321,Ярославская область,Большесельский,муниципальный район,78603000000
2322,Ярославская область,Борисоглебский,муниципальный район,78606000000
2324,Ярославская область,Гаврилов-Ямский,муниципальный район,78612000000
2325,Ярославская область,Даниловский,муниципальный район,78615000000
2326,Ярославская область,Любимский,муниципальный район,78618000000
2327,Ярославская область,Мышкинский,муниципальный район,78621000000
2330,Ярославская область,Первомайский,муниципальный район,78629000000
2332,Ярославская область,Пошехонский,муниципальный район,78634000000
2333,Ярославская область,Ростовский,муниципальный район,78637000000
2334,Ярославская область,Рыбинский,муниципальный район,78640000000
2335,Ярославская область,Тутаевский,муниципальный район,78643000000
2336,Ярославская область,Угличский,муниципальный район,78646000000
2318,Ярославская область,Ярославль,городской округ,78701000000
2320,Ярославская область,Рыбинск,городской округ,78715000000
3,Республика Адыгея,Гиагинский,муниципальный район,79605000000
5,Республика Адыгея,Красногвардейский,муниципальный район,79618000000
7,Республика Адыгея,Тахтамукайский,муниципальный район,79630000000
1,Республика Адыгея,Майкоп,городской округ,79701000000
30,Республика Башкортостан,Абзелиловский,муниципальный район,80601000000
31,Республика Башкортостан,Альшеевский,муниципальный район,80602000000
32,Республика Башкортостан,Архангельский,муниципальный район,80603000000
33,Республика Башкортостан,Аскинский,муниципальный район,80604000000
34,Республика Башкортостан,Аургазинский,муниципальный район,80605000000
35,Республика Башкортостан,Баймакский,муниципальный район,80606000000
36,Республика Башкортостан,Бакалинский,муниципальный район,80607000000
37,Республика Башкортостан,Балтачевский,муниципальный район,80608000000
38,Республика Башкортостан,Белебеевский,муниципальный район,80609000000
39,Республика Башкортостан,Белокатайский,муниципальный район,80610000000
40,Республика Башкортостан,Белорецкий,муниципальный район,80611000000
41,Республика Башкортостан,Бижбулякский,муниципальный район,80612000000
42,Республика Башкортостан,Бирский,муниципальный район,80613000000
43,Республика Башкортостан,Благоварский,муниципальный район,80614000000
44,Республика Башкортостан,Благовещенский,муниципальный район,80615000000
45,Республика Башкортостан,Буздякский,муниципальный район,80617000000
46,Республика Башкортостан,Бураевский,муниципальный район,80618000000
47,Республика Башкортостан,Бурзянский,муниципальный район,80619000000
48,Республика Башкортостан,Гафурийский,муниципальный район,80621000000
49,Республика Башкортостан,Давлекановский,муниципальный район,80622000000
50,Республика Башкортостан,Дуванский,муниципальный район,80623000000
51,Республика Башкортостан,Дюртюлинский,муниципальный район,80624000000
52,Республика Башкортостан,Ермекеевский,муниципальный район,80625000000
53,Республика Башкортостан,Зианчуринский,муниципальный район,80626000000
54,Республика Башкортостан,Зилаирский,муниципальный район,80627000000
55,Республика Башкортостан,Иглинский,муниципальный район,80628000000
56,Республика Башкортостан,Илишевский,муниципальный район,80630000000
57,Республика Башкортостан,Ишимбайский,муниципальный район,80631000000
60,Республика Башкортостан,Кармаскалинский,муниципальный район,80635000000
61,Республика Башкортостан,Кигинский,муниципальный район,80636000000
63,Республика Башкортостан,Кугарчинский,муниципальный район,80638000000
65,Республика Башкортостан,Кушнаренковский,муниципальный район,80640000000
66,Республика Башкортостан,Мелеузовский,муниципальный район,80641000000
67,Республика Башкортостан,Мечетлинский,муниципальный район,80642000000
68,Республика Башкортостан,Мишкинский,муниципальный район,80643000000
71,Республика Башкортостан,Салаватский,муниципальный район,80647000000
72,Республика Башкортостан,Стерлибашевский,муниципальный район,80648000000
73,Республика Башкортостан,Стерлитамакский,муниципальный район,80649000000
74,Республика Башкортостан,Татышлинский,муниципальный район,80650000000
75,Республика Башкортостан,Туймазинский,муниципальный район,80651000000
76,Республика Башкортостан,Уфимский,муниципальный район,80652000000
77,Республика Башкортостан,Учалинский,муниципальный район,80653000000
79,Республика Башкортостан,Хайбуллинский,муниципальный район,80655000000
80,Республика Башкортостан,Чекмагушевский,муниципальный район,80656000000
81,Республика Башкортостан,Чишминский,муниципальный район,80657000000
82,Республика Башкортостан,Шаранский,муниципальный район,80658000000
83,Республика Башкортостан,Янаульский,муниципальный район,80659000000
21,Республика Башкортостан,Уфа,городской округ,80701000000
22,Республика Башкортостан,Агидель,городской округ,80703000000
23,Республика Башкортостан,Кумертау,городской округ,80723000000
25,Республика Башкортостан,Нефтекамск,городской округ,80727000000
26,Республика Башкортостан,Октябрьский,городской округ,80735000000
27,Республика Башкортостан,Салават,городской округ,80739000000
28,Республика Башкортостан,Сибай,городской округ,80743000000
29,Республика Башкортостан,Стерлитамак,городской округ,80745000000
173,Кабардино-Балкарская Республика,Майский,муниципальный район,83620000000
167,Кабардино-Балкарская Республика,Нальчик,городской округ,83701000000
168,Кабардино-Балкарская Республика,Баксан,городской округ,83703000000
169,Кабардино-Балкарская Республика,Прохладный,городской округ,83710000000
12,Республика Алтай,Майминский,муниципальный район,84615000000
17,Республика Алтай,Усть-Коксинский,муниципальный район,84640000000
10,Республика Алтай,Горно-Алтайск,городской округ,84701000000
181,Республика Калмыкия,Городовиковский,муниципальный район,85605000000
184,Республика Калмыкия,Лаганский,муниципальный район,85615000000
185,Республика Калмыкия,Малодербетовский,муниципальный район,85620000000
191,Республика Калмыкия,Юстинский,муниципальный район,85646000000
208,Республика Карелия,Беломорский,муниципальный округ,86504000000
221,Республика Карелия,Сегежский,муниципальный округ,86545000000
211,Республика Карелия,Кондопожский,муниципальный район,86615000000
206,Республика Карелия,Петрозаводский,городской округ,86701000000
207,Республика Карелия,Костомукшский,городской округ,86706000000
228,Республика Коми,Усинск,муниципальный округ,87523000000
230,Республика Коми,Ижемский,муниципальный район,87604000000
234,Республика Коми,Печора,муниципальный район,87620000000
236,Республика Коми,Сосногорск,муниципальный район,87626000000
237,Республика Коми,Сыктывдинский,муниципальный район,87628000000
238,Республика Коми,Сысольский,муниципальный район,87632000000
239,Республика Коми,Троицко-Печорский,муниципальный район,87636000000
240,Республика Коми,Удорский,муниципальный район,87640000000
241,Республика Коми,Усть-Вымский,муниципальный район,87644000000
224,Республика Коми,Сыктывкар,городской округ,87701000000
274,Республика Марий Эл,Звениговский,муниципальный район,88612000000
277,Республика Марий Эл,Мари-Турекский,муниципальный район,88624000000
278,Республика Марий Эл,Медведевский,муниципальный район,88628000000
279,Республика Марий Эл,Моркинский,муниципальный район,88632000000
281,Республика Марий Эл,Оршанский,муниципальный район,88640000000
282,Республика Марий Эл,Параньгинский,муниципальный район,88644000000
284,Республика Марий Эл,Советский,муниципальный район,88652000000
269,Республика Марий Эл,Йошкар-Ола,городской округ,88701000000
270,Республика Марий Эл,Волжск,городской округ,88705000000
271,Республика Марий Эл,Козьмодемьянск,городской округ,88715000000
287,Республика Мордовия,Ардатовский,муниципальный район,89603000000
289,Республика Мордовия,Атяшевский,муниципальный район,89607000000
294,Республика Мордовия,Зубово-Полянский,муниципальный район,89621000000
295,Республика Мордовия,Инсарский,муниципальный район,89624000000
296,Республика Мордовия,Ичалковский,муниципальный район,89626000000
298,Республика Мордовия,Ковылкинский,муниципальный район,89629000000
300,Республика Мордовия,Краснослободский,муниципальный район,89634000000
303,Республика Мордовия,Рузаевский,муниципальный район,89643000000
305,Республика Мордовия,Темниковский,муниципальный район,89649000000
306,Республика Мордовия,Теньгушевский,муниципальный район,89651000000
307,Республика Мордовия,Торбеевский,муниципальный район,89654000000
308,Республика Мордовия,Чамзинский,муниципальный район,89657000000
346,Республика Северная Осетия — Алания,Алагирский,муниципальный район,90605000000
349,Республика Северная Осетия — Алания,Ирафский,муниципальный район,90620000000
351,Республика Северная Осетия — Алания,Моздокский,муниципальный район,90630000000
345,Республика Северная Осетия — Алания,Владикавказ,городской округ,90701000000
198,Карачаево-Черкесская Республика,Зеленчукский,муниципальный район,91610000000
201,Карачаево-Черкесская Республика,Ногайский,муниципальный район,91623000000
204,Карачаево-Черкесская Республика,Усть-Джегутинский,муниципальный район,91635000000
194,Карачаево-Черкесская Республика,Черкесский,городской округ,91701000000
195,Карачаево-Черкесская Республика,Карачаевский,городской округ,91705000000
358,Республика Татарстан,Аксубаевский,муниципальный район,92604000000
359,Республика Татарстан,Актанышский,муниципальный район,92605000000
360,Республика Татарстан,Алексеевский,муниципальный район,92606000000
362,Республика Татарстан,Альметьевский,муниципальный район,92608000000
363,Республика Татарстан,Апастовский,муниципальный район,92610000000
364,Республика Татарстан,Арский,муниципальный район,92612000000
365,Республика Татарстан,Атнинский,муниципальный район,92613000000
368,Республика Татарстан,Бугульминский,муниципальный район,92617000000
369,Республика Татарстан,Буинский,муниципальный район,92618000000
372,Республика Татарстан,Дрожжановский,муниципальный район,92624000000
373,Республика Татарстан,Елабужский,муниципальный район,92626000000
374,Республика Татарстан,Заинский,муниципальный район,92627000000
375,Республика Татарстан,Зеленодольский,муниципальный район,92628000000
392,Республика Татарстан,Спасский,муниципальный район,92632000000
378,Республика Татарстан,Кукморский,муниципальный район,92633000000
379,Республика Татарстан,Лаишевский,муниципальный район,92634000000
380,Республика Татарстан,Лениногорский,муниципальный район,92636000000
381,Республика Татарстан,Мамадышский,муниципальный район,92638000000
383,Республика Татарстан,Мензелинский,муниципальный район,92640000000
384,Республика Татарстан,Муслюмовский,муниципальный район,92642000000
385,Республика Татарстан,Нижнекамский,муниципальный район,92644000000
387,Республика Татарстан,Нурлатский,муниципальный район,92646000000
390,Республика Татарстан,Сабинский,муниципальный район,92652000000
391,Республика Татарстан,Сармановский,муниципальный район,92653000000
393,Республика Татарстан,Тетюшский,муниципальный район,92655000000
396,Республика Татарстан,Черемшанский,муниципальный район,92658000000
397,Республика Татарстан,Чистопольский,муниципальный район,92659000000
354,Республика Татарстан,Казань,городской округ,92701000000
355,Республика Татарстан,Набережные Челны,городской округ,92730000000
401,Республика Тыва,Бай-Тайгинский,муниципальный район,93605000000
403,Республика Тыва,Дзун-Хемчикский,муниципальный район,93615000000
404,Республика Тыва,Каа-Хемский,муниципальный район,93620000000
410,Республика Тыва,Тандинский,муниципальный район,93640000000
413,Республика Тыва,Тоджинский,муниципальный район,93650000000
414,Республика Тыва,Улуг-Хемский,муниципальный район,93654000000
416,Республика Тыва,Чеди-Хольский,муниципальный район,93657000000
423,Удмуртская Республика,Алнашский,муниципальный округ,94502000000
429,Удмуртская Республика,Дебёсский,муниципальный округ,94514000000
431,Удмуртская Республика,Игринский,муниципальный округ,94518000000
432,Удмуртская Республика,Камбарский,муниципальный округ,94520000000
434,Удмуртская Республика,Кезский,муниципальный округ,94524000000
435,Удмуртская Республика,Кизнерский,муниципальный округ,94526000000
440,Удмуртская Республика,Сарапульский,муниципальный округ,94537000000
442,Удмуртская Республика,Сюмсинский,муниципальный округ,94541000000
443,Удмуртская Республика,Увинский,муниципальный округ,94544000000
447,Удмуртская Республика,Ярский,муниципальный округ,94552000000
418,Удмуртская Республика,Ижевск,городской округ,94701000000
419,Удмуртская Республика,Воткинск,городской округ,94710000000
420,Удмуртская Республика,Глазов,городской округ,94720000000
421,Удмуртская Республика,Можга,городской округ,94730000000
422,Удмуртская Республика,Сарапул,городской округ,94740000000
453,Республика Хакасия,Алтайский,муниципальный район,95605000000
455,Республика Хакасия,Бейский,муниципальный район,95612000000
457,Республика Хакасия,Орджоникидзевский,муниципальный район,95620000000
458,Республика Хакасия,Таштыпский,муниципальный район,95625000000
459,Республика Хакасия,Усть-Абаканский,муниципальный район,95630000000
448,Республика Хакасия,Абакан,городской округ,95701000000
449,Республика Хакасия,Абаза,городской округ,95702000000
450,Республика Хакасия,Саяногорск,городской округ,95708000000
452,Республика Хакасия,Черногорск,городской округ,95715000000
485,Чувашская Республика,Батыревский,муниципальный округ,97507000000
486,Чувашская Республика,Вурнарский,муниципальный округ,97510000000
493,Чувашская Республика,Мариинско-Посадский,муниципальный округ,97529000000
497,Чувашская Республика,Цивильский,муниципальный округ,97541000000
501,Чувашская Республика,Ядринский,муниципальный округ,97553000000
478,Чувашская Республика,Чебоксары,городской округ,97701000000
312,Республика Саха (Якутия),Алданский,муниципальный район,98603000000
337,Республика Саха (Якутия),Таттинский,муниципальный район,98604000000
316,Республика Саха (Якутия),Булунский,муниципальный район,98612000000
317,Республика Саха (Якутия),Верхневилюйский,муниципальный район,98614000000
320,Республика Саха (Якутия),Вилюйский,муниципальный район,98618000000
323,Республика Саха (Якутия),Кобяйский,муниципальный район,98624000000
324,Республика Саха (Якутия),Нюрбинский,муниципальный район,98626000000
325,Республика Саха (Якутия),Ленский,муниципальный район,98627000000
326,Республика Саха (Якутия),Мегино-Кангаласский,муниципальный район,98629000000
327,Республика Саха (Якутия),Мирнинский,муниципальный район,98631000000
329,Республика Саха (Якутия),Намский,муниципальный район,98635000000
331,Республика Саха (Якутия),Нижнеколымский,муниципальный район,98637000000
333,Республика Саха (Якутия),Олекминский,муниципальный район,98641000000
342,Республика Саха (Якутия),Хангаласский,муниципальный район,98644000000
336,Республика Саха (Якутия),Сунтарский,муниципальный район,98648000000
338,Республика Саха (Якутия),Томпонский,муниципальный район,98650000000
339,Республика Саха (Якутия),Усть-Алданский,муниципальный район,98652000000
343,Республика Саха (Якутия),Чурапчинский,муниципальный район,98658000000
330,Республика Саха (Якутия),Нерюнгринский,муниципальный район,98660000000
309,Республика Саха (Якутия),Якутск,городской округ,98701000000
2341,Еврейская автономная область,Облученский,муниципальный район,99620000000
2342,Еврейская автономная область,Октябрьский,муниципальный район,99625000000
2338,Еврейская автономная область,Биробиджан,городской округ,99701000000
553,Алтайский край,Суетский,муниципальный округ,01541000000
570,Алтайский край,Чарышский,муниципальный округ,01558000000
516,Алтайский край,Баевский,муниципальный район,01603000000
517,Алтайский край,Бийский,муниципальный район,01604000000
519,Алтайский край,Бурлинский,муниципальный район,01606000000
520,Алтайский край,Быстроистокский,муниципальный район,01607000000
523,Алтайский край,Ельцовский,муниципальный район,01610000000
524,Алтайский край,Завьяловский,муниципальный район,01611000000
527,Алтайский край,Змеиногорский,муниципальный район,01614000000
528,Алтайский край,Калманский,муниципальный район,01615000000
532,Алтайский край,Красногорский,муниципальный район,01619000000
533,Алтайский край,Краснощёковский,муниципальный район,01620000000
534,Алтайский край,Крутихинский,муниципальный район,01621000000
535,Алтайский край,Кулундинский,муниципальный район,01622000000
536,Алтайский край,Курьинский,муниципальный район,01623000000
537,Алтайский край,Кытмановский,муниципальный район,01624000000
539,Алтайский край,Мамонтовский,муниципальный район,01626000000
541,Алтайский край,Новичихинский,муниципальный район,01628000000
542,Алтайский край,Зональный,муниципальный район,01629000000
544,Алтайский край,Панкрушихинский,муниципальный район,01631000000
546,Алтайский край,Петропавловский,муниципальный район,01633000000
554,Алтайский край,Советский,муниципальный район,01642000000
556,Алтайский край,Солтонский,муниципальный район,01644000000
557,Алтайский край,Шелаболихинский,муниципальный район,01645000000
558,Алтайский край,Табунский,муниципальный район,01646000000
561,Алтайский край,Топчихинский,муниципальный район,01649000000
562,Алтайский край,Третьяковский,муниципальный район,01650000000
564,Алтайский край,Тюменцевский,муниципальный район,01652000000
565,Алтайский край,Угловский,муниципальный район,01653000000
567,Алтайский край,Усть-Пристанский,муниципальный район,01655000000
568,Алтайский край,Хабарский,муниципальный район,01656000000
713,Красноярский край,Пировский,муниципальный округ,04545000000
721,Красноярский край,Тюхтетский,муниципальный округ,04555000000
683,Красноярский край,Абанский,муниципальный район,04601000000
689,Красноярский край,Богучанский,муниципальный район,04609000000
690,Красноярский край,Большемуртинский,муниципальный район,04610000000
691,Красноярский край,Большеулуйский,муниципальный район,04611000000
697,Красноярский край,Иланский,муниципальный район,04618000000
699,Красноярский край,Казачинский,муниципальный район,04620000000
702,Красноярский край,Кежемский,муниципальный район,04624000000
706,Красноярский край,Манский,муниципальный район,04631000000
711,Красноярский край,Новоселовский,муниципальный район,04641000000
712,Красноярский край,Партизанский,муниципальный район,04643000000
716,Красноярский край,Северо-Енисейский,муниципальный район,04649000000
669,Красноярский край,Бородино,городской округ,04707000000
787,Приморский край,Анучинский,муниципальный округ,05502000000
791,Приморский край,Красноармейский,муниципальный округ,05514000000
796,Приморский край,Ольгинский,муниципальный округ,05528000000
797,Приморский край,Партизанский,муниципальный округ,05530000000
798,Приморский край,Пограничный,муниципальный округ,05532000000
799,Приморский край,Пожарский,муниципальный округ,05534000000
801,Приморский край,Тернейский,муниципальный округ,05540000000
807,Приморский край,Шкотовский,муниципальный округ,05557000000
808,Приморский край,Яковлевский,муниципальный округ,05559000000
788,Приморский край,Дальнереченский,муниципальный район,05607000000
793,Приморский край,Михайловский,муниципальный район,05620000000
794,Приморский край,Надеждинский,муниципальный район,05623000000
829,Ставропольский край,Арзгирский,муниципальный округ,07507000000
831,Ставропольский край,Грачёвский,муниципальный округ,07517000000
833,Ставропольский край,Красногвардейский,муниципальный округ,07530000000
834,Ставропольский край,Курский,муниципальный округ,07533000000
835,Ставропольский край,Левокумский,муниципальный округ,07536000000
836,Ставропольский край,Новоселицкий,муниципальный округ,07544000000
2881,Ставропольский край,Предгорный,муниципальный округ,07548000000
838,Ставропольский край,Степновский,муниципальный округ,07552000000
839,Ставропольский край,Труновский,муниципальный округ,07554000000
840,Ставропольский край,Туркменский,муниципальный округ,07556000000
854,Хабаровский край,Охотский,муниципальный округ,08534000000
846,Хабаровский край,Бикинский,муниципальный район,08609000000
852,Хабаровский край,Нанайский,муниципальный район,08628000000
855,Хабаровский край,Полины Осипенко,муниципальный район,08637000000
859,Хабаровский край,Ульчский,муниципальный район,08650000000
860,Хабаровский край,Хабаровский,муниципальный район,08655000000
870,Амурская область,Архаринский,муниципальный округ,10505000000
871,Амурская область,Белогорский,муниципальный округ,10508000000
872,Амурская область,Благовещенский,муниципальный округ,10511000000
873,Амурская область,Бурейский,муниципальный округ,10515000000
874,Амурская область,Завитинский,муниципальный округ,10521000000
875,Амурская область,Зейский,муниципальный округ,10525000000
876,Амурская область,Ивановский,муниципальный округ,10528000000
882,Амурская область,Ромненский,муниципальный округ,10540000000
885,Амурская область,Серышевский,муниципальный округ,10547000000
886,Амурская область,Сковородинский,муниципальный округ,10549000000
888,Амурская область,Тындинский,муниципальный округ,10554000000
889,Амурская область,Шимановский,муниципальный округ,10555000000
878,Амурская область,Магдагачинский,муниципальный район,10631000000
879,Амурская область,Мазановский,муниципальный район,10632000000
880,Амурская область,Михайловский,муниципальный район,10635000000
881,Амурская область,Октябрьский,муниципальный район,10638000000
883,Амурская область,Свободненский,муниципальный район,10642000000
884,Амурская область,Селемджинский,муниципальный район,10645000000
899,Архангельская область,Вилегодский,муниципальный округ,11511000000
907,Архангельская область,Мезенский,муниципальный округ,11542000000
912,Архангельская область,Приморский,муниципальный округ,11552000000
915,Архангельская область,Шенкурский,муниципальный округ,11558000000
902,Архангельская область,Коношский,муниципальный район,11622000000
905,Архангельская область,Ленский,муниципальный район,11635000000
909,Архангельская область,Онежский,муниципальный район,11646000000
896,Архангельская область,Северодвинск,городской округ,11730000000
917,Ненецкий автономный округ,Заполярный,муниципальный район,11811000000
925,Астраханская область,Красноярский,муниципальный район,12630000000
928,Астраханская область,Приволжский,муниципальный район,12642000000
930,Астраханская область,Черноярский,муниципальный район,12650000000
993,Владимирская область,Гороховецкий,муниципальный район,17615000000
994,Владимирская область,Гусь-Хрустальный,муниципальный район,17620000000
995,Владимирская область,Камешковский,муниципальный район,17625000000
999,Владимирская область,Меленковский,муниципальный район,17642000000
1002,Владимирская область,Селивановский,муниципальный район,17648000000
1003,Владимирская область,Собинский,муниципальный район,17650000000
1013,Волгоградская область,Алексеевский,муниципальный район,18602000000
1014,Волгоградская область,Быковский,муниципальный район,18604000000
1015,Волгоградская область,Городищенский,муниципальный район,18605000000
1016,Волгоградская область,Даниловский,муниципальный район,18606000000
1020,Волгоградская область,Иловлинский,муниципальный район,18614000000
1023,Волгоградская область,Киквидзенский,муниципальный район,18620000000
1029,Волгоградская область,Нехаевский,муниципальный район,18634000000
1033,Волгоградская область,Октябрьский,муниципальный район,18642000000
1034,Волгоградская область,Ольховский,муниципальный район,18643000000
1027,Волгоградская область,Кумылженский,муниципальный район,18646000000
1036,Волгоградская область,Руднянский,муниципальный район,18647000000
1040,Волгоградская область,Старополтавский,муниципальный район,18652000000
1044,Волгоградская область,Чернышковский,муниципальный район,18658000000
1010,Волгоградская область,Михайловка,городской округ,18720000000
1047,Вологодская область,Бабаевский,муниципальный округ,19505000000
1048,Вологодская область,Бабушкинский,муниципальный округ,19508000000
1052,Вологодская область,Верховажский,муниципальный округ,19516000000
1053,Вологодская область,Вожегодский,муниципальный округ,19518000000
1059,Вологодская область,Кичменгско-Городецкий,муниципальный округ,19530000000
1060,Вологодская область,Междуреченский,муниципальный округ,19532000000
1061,Вологодская область,Никольский,муниципальный округ,19534000000
1062,Вологодская область,Нюксенский,муниципальный округ,19536000000
1064,Вологодская область,Сямженский,муниципальный округ,19540000000
1065,Вологодская область,Тарногский,муниципальный округ,19542000000
1067,Вологодская область,Усть-Кубинский,муниципальный округ,19548000000
1068,Вологодская область,Устюженский,муниципальный округ,19550000000
1071,Вологодская область,Череповецкий,муниципальный район,19656000000
1542,Нижегородская область,Большемурашкинский,муниципальный округ,22510000000
1543,Нижегородская область,Бутурлинский,муниципальный округ,22512000000
1546,Нижегородская область,Вачский,муниципальный округ,22517000000
1549,Нижегородская область,Володарский,муниципальный округ,22520000000
1551,Нижегородская область,Воскресенский,муниципальный округ,22522000000
1554,Нижегородская область,Дальнеконстантиновский,муниципальный округ,22530000000
1555,Нижегородская область,Дивеевский,муниципальный округ,22532000000
1557,Нижегородская область,Ковернинский,муниципальный округ,22534000000
1559,Нижегородская область,Краснооктябрьский,муниципальный округ,22536000000
1571,Нижегородская область,Тоншаевский,муниципальный округ,22553000000
1550,Нижегородская область,Воротынский,городской округ,22719000000
1529,Нижегородская область,Навашинский,городской округ,22730000000
1113,Ивановская область,Вичугский,муниципальный район,24601000000
1115,Ивановская область,Гаврилово-Посадский,муниципальный район,24603000000
1116,Ивановская область,Заволжский,муниципальный район,24605000000
1117,Ивановская область,Ивановский,муниципальный район,24607000000
1118,Ивановская область,Ильинский,муниципальный район,24609000000
1119,Ивановская область,Кинешемский,муниципальный район,24611000000
1120,Ивановская область,Комсомольский,муниципальный район,24613000000
1121,Ивановская область,Лежневский,муниципальный район,24614000000
1122,Ивановская область,Лухский,муниципальный район,24615000000
1124,Ивановская область,Пестяковский,муниципальный район,24619000000
1125,Ивановская область,Приволжский,муниципальный район,24620000000
1126,Ивановская область,Пучежский,муниципальный район,24621000000
1128,Ивановская область,Савинский,муниципальный район,24625000000
1129,Ивановская область,Тейковский,муниципальный район,24629000000
1131,Ивановская область,Шуйский,муниципальный район,24633000000
1146,Иркутская область,Братский,муниципальный район,25604000000
1170,Иркутская область,Аларский,муниципальный район,25605000000
1171,Иркутская область,Баяндаевский,муниципальный район,25607000000
1152,Иркутская область,Катангский,муниципальный район,25616000000
1155,Иркутская область,Куйтунский,муниципальный район,25622000000
1173,Иркутская область,Нукутский,муниципальный район,25629000000
1159,Иркутская область,Ольхонский,муниципальный район,25630000000
1174,Иркутская область,Осинский,муниципальный район,25631000000
1164,Иркутская область,Усть-Илимский,муниципальный район,25642000000
1166,Иркутская область,Усть-Удинский,муниципальный район,25646000000
1167,Иркутская область,Черемховский,муниципальный район,25648000000
1168,Иркутская область,Чунский,муниципальный район,25650000000
1185,Калининградская область,Гвардейский,муниципальный округ,27506000000
1186,Калининградская область,Гурьевский,муниципальный округ,27507000000
1188,Калининградская область,Зеленоградский,муниципальный округ,27510000000
1189,Калининградская область,Краснознаменский,муниципальный округ,27513000000
1192,Калининградская область,Нестеровский,муниципальный округ,27515000000
1193,Калининградская область,Озерский,муниципальный округ,27516000000
1195,Калининградская область,Правдинский,муниципальный округ,27519000000
1196,Калининградская область,Славский,муниципальный округ,27527000000
1184,Калининградская область,Балтийский,городской округ,27705000000
1178,Калининградская область,Мамоновский,городской округ,27712000000
1179,Калининградская область,Пионерский,городской округ,27717000000
1190,Калининградская область,Светлогорский,городской округ,27734000000
2110,Тверская область,Андреапольский,муниципальный округ,28502000000
2112,Тверская область,Бельский,муниципальный округ,28506000000
2114,Тверская область,Весьегонский,муниципальный округ,28510000000
2116,Тверская область,Жарковский,муниципальный округ,28514000000
2118,Тверская область,Зубцовский,муниципальный округ,28518000000
2119,Тверская область,Калининский,муниципальный округ,28520000000
2122,Тверская область,Кесовогорский,муниципальный округ,28526000000
2127,Тверская область,Лесной,муниципальный округ,28536000000
2130,Тверская область,Молоковский,муниципальный округ,28542000000
2132,Тверская область,Оленинский,муниципальный округ,28544000000
2133,Тверская область,Пеновский,муниципальный округ,28546000000
2134,Тверская область,Рамешковский,муниципальный округ,28547000000
2136,Тверская область,Сандовский,муниципальный округ,28549000000
2138,Тверская область,Сонковский,муниципальный округ,28551000000
2139,Тверская область,Спировский,муниципальный округ,28552000000
2143,Тверская область,Фировский,муниципальный округ,28557000000
2710,Тверская область,Вышневолоцкий,городской округ,28714000000
2109,Тверская область,Удомельский,городской округ,28751000000
2105,Тверская область,Осташковский,городской округ,28752000000
2121,Тверская область,Кашинский,городской округ,28758000000
2131,Тверская область,Нелидовский,городской округ,28759000000
1200,Калужская область,Бабынинский,муниципальный район,29602000000
1201,Калужская область,Барятинский,муниципальный район,29604000000
1203,Калужская область,Дзержинский,муниципальный район,29608000000
1204,Калужская область,Думиничский,муниципальный район,29610000000
1205,Калужская область,Жиздринский,муниципальный район,29612000000
1208,Калужская область,Износковский,муниципальный район,29615000000
1210,Калужская область,Куйбышевский,муниципальный район,29618000000
1213,Калужская область,Медынский,муниципальный район,29625000000
1214,Калужская область,Мещовский,муниципальный район,29627000000
1215,Калужская область,Мосальский,муниципальный район,29629000000
1217,Калужская область,Спас-Деменский,муниципальный район,29634000000
1220,Калужская область,Ульяновский,муниципальный район,29642000000
1221,Калужская область,Ферзиковский,муниципальный район,29644000000
1222,Калужская область,Хвастовичский,муниципальный район,29646000000
1223,Калужская область,Юхновский,муниципальный район,29650000000
614,Камчатский край,Соболевский,муниципальный район,30613000000
615,Камчатский край,Усть-Большерецкий,муниципальный район,30616000000
616,Камчатский край,Усть-Камчатский,муниципальный район,30619000000
618,Камчатский край,Карагинский,муниципальный район,30824000000
619,Камчатский край,Олюторский,муниципальный район,30827000000
621,Камчатский край,Тигильский,муниципальный район,30832000000
1240,Кемеровская область,Беловский,муниципальный округ,32501000000
1241,Кемеровская область,Гурьевский,муниципальный округ,32502000000
1242,Кемеровская область,Ижморский,муниципальный округ,32504000000
1244,Кемеровская область,Крапивинский,муниципальный округ,32510000000
1249,Кемеровская область,Промышленновский,муниципальный округ,32525000000
1251,Кемеровская область,Тисульский,муниципальный округ,32528000000
1254,Кемеровская область,Чебулинский,муниципальный округ,32537000000
1256,Кемеровская область,Яйский,муниципальный округ,32543000000
1230,Кемеровская область,Ленинск-Кузнецкий,городской округ,32719000000
1231,Кемеровская область,Междуреченский,городской округ,32725000000
1264,Кировская область,Арбажский,муниципальный округ,33502000000
1265,Кировская область,Афанасьевский,муниципальный округ,33503000000
1267,Кировская область,Богородский,муниципальный округ,33506000000
1273,Кировская область,Кикнурский,муниципальный округ,33516000000
1278,Кировская область,Лебяжский,муниципальный округ,33521000000
1281,Кировская область,Мурашинский,муниципальный округ,33524000000
1286,Кировская область,Опаринский,муниципальный округ,33529000000
1289,Кировская область,Пижанский,муниципальный округ,33531000000
1297,Кировская область,Унинский,муниципальный округ,33540000000
1299,Кировская область,Фаленский,муниципальный округ,33543000000
1269,Кировская область,Верхошижемский,муниципальный район,33608000000
1271,Кировская область,Даровской,муниципальный район,33612000000
1274,Кировская область,Кильмезский,муниципальный район,33617000000
1275,Кировская область,Кирово-Чепецкий,муниципальный район,33618000000
1276,Кировская область,Котельничский,муниципальный район,33619000000
1282,Кировская область,Нагорский,муниципальный район,33625000000
1290,Кировская область,Подосиновский,муниципальный район,33632000000
1295,Кировская область,Сунский,муниципальный район,33637000000
1296,Кировская область,Тужинский,муниципальный район,33638000000
1300,Кировская область,Шабалинский,муниципальный район,33647000000
1301,Кировская область,Юрьянский,муниципальный район,33649000000
1314,Костромская область,Кологривский,муниципальный округ,34512000000
1319,Костромская область,Межевской,муниципальный округ,34522000000
1320,Костромская область,Нейский,муниципальный округ,34524000000
1323,Костромская область,Островский,муниципальный округ,34530000000
1324,Костромская область,Павинский,муниципальный округ,34532000000
1325,Костромская область,Парфеньевский,муниципальный округ,34534000000
1326,Костромская область,Поназыревский,муниципальный округ,34536000000
1327,Костромская область,Пыщугский,муниципальный округ,34538000000
1309,Костромская область,Антроповский,муниципальный район,34602000000
1310,Костромская область,Буйский,муниципальный район,34604000000
1311,Костромская область,Вохомский,муниципальный район,34606000000
1312,Костромская область,Галичский,муниципальный район,34608000000
1313,Костромская область,Кадыйский,муниципальный район,34610000000
1317,Костромская область,Макарьевский,муниципальный район,34618000000
1322,Костромская область,Октябрьский,муниципальный район,34628000000
1330,Костромская область,Сусанинский,муниципальный район,34644000000
1888,Самарская область,Большечерниговский,муниципальный район,36610000000
1891,Самарская область,Елховский,муниципальный район,36615000000
1892,Самарская область,Исаклинский,муниципальный район,36616000000
1896,Самарская область,Клявлинский,муниципальный район,36622000000
1902,Самарская область,Похвистневский,муниципальный район,36634000000
1905,Самарская область,Ставропольский,муниципальный район,36640000000
1906,Самарская область,Сызранский,муниципальный район,36642000000
1908,Самарская область,Челно-Вершинский,муниципальный район,36646000000
1336,Курганская область,Белозерский,муниципальный округ,37504000000
1349,Курганская область,Половинский,муниципальный округ,37528000000
1350,Курганская область,Притобольный,муниципальный округ,37530000000
1351,Курганская область,Сафакулевский,муниципальный округ,37532000000
1352,Курганская область,Целинный,муниципальный округ,37534000000
1353,Курганская область,Частоозерский,муниципальный округ,37536000000
1357,Курганская область,Щучанский,муниципальный округ,37544000000
2359,Санкт-Петербург,Гавань,внутригородская территория города федерального значения,40309000000
2360,Санкт-Петербург,Морской,внутригородская территория города федерального значения,40310000000
2362,Санкт-Петербург,Левашово,внутригородская территория города федерального значения,40312000000
2363,Санкт-Петербург,Парголово,внутригородская территория города федерального значения,40313000000
2367,Санкт-Петербург,№ 15,внутригородская территория города федерального значения,40317000000
2368,Санкт-Петербург,Сергиевское,внутригородская территория города федерального значения,40318000000
2369,Санкт-Петербург,Шувалово-Озерки,внутригородская территория города федерального значения,40319000000
2370,Санкт-Петербург,Лисий Нос,внутригородская территория города федерального значения,40320000000
2371,Санкт-Петербург,Лахта-Ольгино,внутригородская территория города федерального значения,40321000000
2374,Санкт-Петербург,Комендантский аэродром,внутригородская территория города федерального значения,40324000000
2377,Санкт-Петербург,Коломяги,внутригородская территория города федерального значения,40327000000
2378,Санкт-Петербург,Гражданка,внутригородская территория города федерального значения,40328000000
2383,Санкт-Петербург,Северный,внутригородская территория города федерального значения,40333000000
2385,Санкт-Петербург,Княжево,внутригородская территория города федерального значения,40335000000
2387,Санкт-Петербург,Дачное,внутригородская территория города федерального значения,40337000000
2390,Санкт-Петербург,Красненькая речка,внутригородская территория города федерального значения,40340000000
2393,Санкт-Петербург,Металлострой,внутригородская территория города федерального значения,40343000000
2395,Санкт-Петербург,Понтонный,внутригородская территория города федерального значения,40345000000
2398,Санкт-Петербург,Полюстрово,внутригородская территория города федерального значения,40348000000
2399,Санкт-Петербург,Большая Охта,внутригородская территория города федерального значения,40349000000
2401,Санкт-Петербург,Пороховые,внутригородская территория города федерального значения,40351000000
2404,Санкт-Петербург,Юго-Запад,внутригородская территория города федерального значения,40354000000
2405,Санкт-Петербург,Южно-Приморский,внутригородская территория города федерального значения,40355000000
2408,Санкт-Петербург,Константиновское,внутригородская территория города федерального значения,40358000000
2409,Санкт-Петербург,Горелово,внутригородская территория города федерального значения,40359000000
2410,Санкт-Петербург,Кронштадт,внутригородская территория города федерального значения,40360000000
2411,Санкт-Петербург,Зеленогорск,внутригородская территория города федерального значения,40361000000
2416,Санкт-Петербург,Песочный,внутригородская территория города федерального значения,40366000000
2422,Санкт-Петербург,Ломоносов,внутригородская территория города федерального значения,40372000000
2427,Санкт-Петербург,Звездное,внутригородская территория города федерального значения,40377000000
2428,Санкт-Петербург,Невская застава,внутригородская территория города федерального значения,40378000000
2429,Санкт-Петербург,Ивановский,внутригородская территория города федерального значения,40379000000
2431,Санкт-Петербург,Рыбацкое,внутригородская территория города федерального значения,40381000000
2433,Санкт-Петербург,№ 54,внутригородская территория города федерального значения,40383000000
2434,Санкт-Петербург,Невский,внутригородская территория города федерального значения,40384000000
2435,Санкт-Петербург,Оккервиль,внутригородская территория города федерального значения,40385000000
2436,Санкт-Петербург,Правобережный,внутригородская территория города федерального значения,40386000000
2441,Санкт-Петербург,Посадский,внутригородская территория города федерального значения,40391000000
2443,Санкт-Петербург,Петровский,внутригородская территория города федерального значения,40393000000
2445,Санкт-Петербург,Петергоф,внутригородская территория города федерального значения,40395000000
2446,Санкт-Петербург,Стрельна,внутригородская территория города федерального значения,40396000000
2449,Санкт-Петербург,Шушары,внутригородская территория города федерального значения,40901000000
2451,Санкт-Петербург,№ 72,внутригородская территория города федерального значения,40903000000
2452,Санкт-Петербург,Купчино,внутригородская территория города федерального значения,40904000000
2453,Санкт-Петербург,Георгиевский,внутригородская территория города федерального значения,40905000000
2459,Санкт-Петербург,Смольнинское,внутригородская территория города федерального значения,40911000000
2460,Санкт-Петербург,Лиговка-Ямская,внутригородская территория города федерального значения,40912000000
2461,Санкт-Петербург,Владимирский,внутригородская территория города федерального значения,40913000000
1397,Ленинградская область,Гатчинский,муниципальный район,41618000000
1402,Ленинградская область,Ломоносовский,муниципальный район,41630000000
1412,Липецкая область,Воловский,муниципальный район,42603000000
1416,Липецкая область,Добровский,муниципальный район,42615000000
1417,Липецкая область,Долгоруковский,муниципальный район,42618000000
1420,Липецкая область,Измалковский,муниципальный район,42627000000
1421,Липецкая область,Краснинский,муниципальный район,42630000000
1423,Липецкая область,Лев-Толстовский,муниципальный район,42636000000
1425,Липецкая область,Становлянский,муниципальный район,42642000000
1438,Магаданская область,Ягоднинский,муниципальный округ,44522000000
2465,Москва,Восточный,внутригородская территория города федерального значения,45304000000
2466,Москва,Гольяново,внутригородская территория города федерального значения,45305000000
2467,Москва,Ивановское,внутригородская территория города федерального значения,45306000000
2469,Москва,Косино-Ухтомский,внутригородская территория города федерального значения,45308000000
2470,Москва,Новогиреево,внутригородская территория города федерального значения,45309000000
2476,Москва,Сокольники,внутригородская территория города федерального значения,45315000000
2477,Москва,Преображенское,внутригородская территория города федерального значения,45316000000
2478,Москва,Внуково,внутригородская территория города федерального значения,45317000000
2479,Москва,Дорогомилово,внутригородская территория города федерального значения,45318000000
2480,Москва,Крылатское,внутригородская территория города федерального значения,45319000000
2482,Москва,Можайский,внутригородская территория города федерального значения,45321000000
2483,Москва,Ново-Переделкино,внутригородская территория города федерального значения,45322000000
2487,Москва,Солнцево,внутригородская территория города федерального значения,45326000000
2489,Москва,Филевский парк,внутригородская территория города федерального значения,45328000000
2491,Москва,Крюково,внутригородская территория города федерального значения,45330000000
2492,Москва,Матушкино,внутригородская территория города федерального значения,45331000000
2496,Москва,Бескудниковский,внутригородская территория города федерального значения,45335000000
2498,Москва,Восточное Дегунино,внутригородская территория города федерального значения,45337000000
2500,Москва,Дмитровский,внутригородская территория города федерального значения,45339000000
2501,Москва,Западное Дегунино,внутригородская территория города федерального значения,45340000000
2502,Москва,Коптево,внутригородская территория города федерального значения,45341000000
2504,Москва,Молжаниновский,внутригородская территория города федерального значения,45343000000
2505,Москва,Савеловский,внутригородская территория города федерального значения,45344000000
2508,Москва,Ховрино,внутригородская территория города федерального значения,45347000000
2512,Москва,Бабушкинский,внутригородская территория города федерального значения,45351000000
2513,Москва,Бибирево,внутригородская территория города федерального значения,45352000000
2515,Москва,Лианозово,внутригородская территория города федерального значения,45354000000
2519,Москва,Останкинский,внутригородская территория города федерального значения,45358000000
2520,Москва,Отрадное,внутригородская территория города федерального значения,45359000000
2522,Москва,Свиблово,внутригородская территория города федерального значения,45361000000
2524,Москва,Северный,внутригородская территория города федерального значения,45363000000
2525,Москва,Южное Медведково,внутригородская территория города федерального значения,45364000000
2527,Москва,Куркино,внутригородская территория города федерального значения,45366000000
2530,Москва,Северное Тушино,внутригородская территория города федерального значения,45369000000
2531,Москва,Строгино,внутригородская территория города федерального значения,45370000000
2538,Москва,Савелки,внутригородская территория города федерального значения,45377000000
2547,Москва,Капотня,внутригородская территория города федерального значения,45386000000
2551,Москва,Марьино,внутригородская территория города федерального значения,45390000000
2552,Москва,Некрасовка,внутригородская территория города федерального значения,45391000000
2553,Москва,Нижегородский,внутригородская территория города федерального значения,45392000000
2555,Москва,Рязанский,внутригородская территория города федерального значения,45394000000
2559,Москва,Гагаринский,внутригородская территория города федерального значения,45398000000
2561,Москва,Коньково,внутригородская территория города федерального значения,45902000000
2562,Москва,Котловка,внутригородская территория города федерального значения,45903000000
2565,Москва,Северное Бутово,внутригородская территория города федерального значения,45906000000
2566,Москва,Теплый Стан,внутригородская территория города федерального значения,45907000000
2568,Москва,Южное Бутово,внутригородская территория города федерального значения,45909000000
2569,Москва,Ясенево,внутригородская территория города федерального значения,45910000000
2571,Москва,Бирюлево Западное,внутригородская территория города федерального значения,45912000000
2572,Москва,Братеево,внутригородская территория города федерального значения,45913000000
2576,Москва,Москворечье-Сабурово,внутригородская территория города федерального значения,45917000000
2581,Москва,Орехово-Борисово Южное,внутригородская территория города федерального значения,45922000000
2582,Москва,Царицыно,внутригородская территория города федерального значения,45923000000
2583,Москва,Чертаново Северное,внутригородская территория города федерального значения,45924000000
2584,Москва,Чертаново Центральное,внутригородская территория города федерального значения,45925000000
2586,Москва,Старое Крюково,внутригородская территория города федерального значения,45927000000
2587,Москва,Троицк,внутригородская территория города федерального значения,45931000000
2588,Москва,Щербинка,внутригородская территория города федерального значения,45932000000
2589,Москва,Внуковское,внутригородская территория города федерального значения,45941000000
2590,Москва,Воскресенское,внутригородская территория города федерального значения,45942000000
2591,Москва,Вороновское,внутригородская территория города федерального значения,45943000000
2592,Москва,Десеновское,внутригородская территория города федерального значения,45944000000
2593,Москва,Киевский,внутригородская территория города федерального значения,45945000000
2595,Москва,Кокошкино,внутригородская территория города федерального значения,45947000000
2596,Москва,Краснопахорское,внутригородская территория города федерального значения,45948000000
2597,Москва,Марушкинское,внутригородская территория города федерального значения,45949000000
2598,Москва,Михайлово-Ярцевское,внутригородская территория города федерального значения,45951000000
2599,Москва,Московский,внутригородская территория города федерального значения,45952000000
2600,Москва,Мосрентген,внутригородская территория города федерального значения,45953000000
2601,Москва,Новофедоровское,внутригородская территория города федерального значения,45954000000
2602,Москва,Первомайское,внутригородская территория города федерального значения,45955000000
2604,Москва,Рязановское,внутригородская территория города федерального значения,45957000000
2605,Москва,Сосенское,внутригородская территория города федерального значения,45958000000
2606,Москва,Филимонковское,внутригородская территория города федерального значения,45959000000
2607,Москва,Щаповское,внутригородская территория города федерального значения,45961000000
1489,Московская область,Волоколамский,городской округ,46708000000
1443,Московская область,Дзержинский,городской округ,46711000000
1491,Московская область,Дмитровский,городской округ,46715000000
1447,Московская область,Егорьевск,городской округ,46722000000
1449,Московская область,Зарайск,городской округ,46729000000
1453,Московская область,Истра,городской округ,46733000000
1461,Московская область,Лобня,городской округ,46740000000
2648,Московская область,Лосино-Петровский,городской округ,46742000000
1463,Московская область,Луховицы,городской округ,46747000000
1494,Московская область,Лотошино,городской округ,46752000000
1474,Московская область,Пущино,городской округ,46762000000
1477,Московская область,Рузский,городской округ,46766000000
1473,Московская область,Протвино,городской округ,46767000000
1500,Московская область,Раменский,городской округ,46768000000
1478,Московская область,Серебряные Пруды,городской округ,46772000000
1481,Московская область,Фрязино,городской округ,46780000000
1483,Московская область,Черноголовка,городской округ,46781000000
2813,Московская область,Шатура,городской округ,46786000000
1486,Московская область,Шаховская,городской округ,46787000000
1512,Мурманская область,Ковдорский,муниципальный округ,47517000000
1579,Новгородская область,Волотовский,муниципальный округ,49510000000
1584,Новгородская область,Марёвский,муниципальный округ,49523000000
1585,Новгородская область,Мошенской,муниципальный округ,49524000000
1591,Новгородская область,Солецкий,муниципальный округ,49538000000
1582,Новгородская область,Любытинский,муниципальный район,49616000000
1588,Новгородская область,Парфинский,муниципальный район,49630000000
1590,Новгородская область,Поддорский,муниципальный район,49634000000
1594,Новгородская область,Холмский,муниципальный район,49647000000
1596,Новгородская область,Шимский,муниципальный район,49655000000
1602,Новосибирская область,Баганский,муниципальный район,50603000000
1604,Новосибирская область,Болотнинский,муниципальный район,50606000000
1609,Новосибирская область,Карасукский,муниципальный район,50617000000
1612,Новосибирская область,Коченевский,муниципальный район,50623000000
1617,Новосибирская область,Кыштовский,муниципальный район,50634000000
1618,Новосибирская область,Маслянинский,муниципальный район,50636000000
1619,Новосибирская область,Мошковский,муниципальный район,50638000000
1620,Новосибирская область,Новосибирский,муниципальный район,50640000000
1622,Новосибирская область,Северный,муниципальный район,50644000000
1624,Новосибирская область,Татарский,муниципальный район,50650000000
1626,Новосибирская область,Убинский,муниципальный район,50654000000
1627,Новосибирская область,Усть-Таркский,муниципальный район,50655000000
1628,Новосибирская область,Чановский,муниципальный район,50656000000
1630,Новосибирская область,Чистоозерный,муниципальный район,50658000000
1600,Новосибирская область,Обь,городской округ,50717000000
1601,Новосибирская область,Кольцово,городской округ,50740000000
1633,Омская область,Азовский немецкий,муниципальный район,52601000000
1635,Омская область,Большеуковский,муниципальный район,52606000000
1642,Омская область,Крутинский,муниципальный район,52626000000
1643,Омская область,Любинский,муниципальный район,52629000000
1651,Омская область,Оконешниковский,муниципальный район,52643000000
1662,Омская область,Усть-Ишимский,муниципальный район,52657000000
1664,Омская область,Шербакульский,муниципальный район,52659000000
1680,Оренбургская область,Александровский,муниципальный район,53606000000
1681,Оренбургская область,Асекеевский,муниципальный район,53607000000
1682,Оренбургская область,Беляевский,муниципальный район,53610000000
1683,Оренбургская область,Бугурусланский,муниципальный район,53611000000
1685,Оренбургская область,Грачёвский,муниципальный район,53615000000
1686,Оренбургская область,Домбаровский,муниципальный район,53617000000
1690,Оренбургская область,Курманаевский,муниципальный район,53625000000
1691,Оренбургская область,Матвеевский,муниципальный район,53627000000
1698,Оренбургская область,Пономарёвский,муниципальный район,53638000000
1699,Оренбургская область,Сакмарский,муниципальный район,53640000000
1702,Оренбургская область,Северный,муниципальный район,53643000000
1666,Оренбургская область,Абдулинский,городской округ,53704000000
1669,Оренбургская область,Гайский,городской округ,53713000000
1670,Оренбургская область,Кувандыкский,городской округ,53714000000
1674,Оренбургская область,Соль-Илецкий,городской округ,53725000000
1675,Оренбургская область,Сорочинский,городской округ,53727000000
1676,Оренбургская область,Ясненский,городской округ,53732000000
1711,Орловская область,Верховский,муниципальный район,54608000000
1712,Орловская область,Глазуновский,муниципальный район,54610000000
1714,Орловская область,Должанский,муниципальный район,54615000000
1715,Орловская область,Залегощенский,муниципальный район,54618000000
1717,Орловская область,Колпнянский,муниципальный район,54623000000
1718,Орловская область,Краснозоренский,муниципальный район,54624000000
1722,Орловская область,Малоархангельский,муниципальный район,54632000000
1724,Орловская область,Новодеревеньковский,муниципальный район,54639000000
1725,Орловская область,Новосильский,муниципальный район,54643000000
1728,Орловская область,Свердловский,муниципальный район,54652000000
1730,Орловская область,Троснянский,муниципальный район,54654000000
1731,Орловская область,Урицкий,муниципальный район,54655000000
1732,Орловская область,Хотынецкий,муниципальный район,54657000000
1733,Орловская область,Шаблыкинский,муниципальный район,54659000000
1737,Пензенская область,Башмаковский,муниципальный район,56603000000
1739,Пензенская область,Белинский,муниципальный район,56612000000
1740,Пензенская область,Бессоновский,муниципальный район,56613000000
1741,Пензенская область,Вадинский,муниципальный район,56615000000
1742,Пензенская область,Городищенский,муниципальный район,56618000000
1743,Пензенская область,Земетчинский,муниципальный район,56623000000
1744,Пензенская область,Иссинский,муниципальный район,56626000000
1749,Пензенская область,Лопатинский,муниципальный район,56642000000
1751,Пензенская область,Малосердобинский,муниципальный район,56644000000
1753,Пензенская область,Наровчатский,муниципальный район,56647000000
1754,Пензенская область,Неверкинский,муниципальный район,56649000000
1757,Пензенская область,Пачелмский,муниципальный район,56654000000
1758,Пензенская область,Пензенский,муниципальный район,56655000000
1762,Пензенская область,Тамалинский,муниципальный район,56658000000
736,Пермский край,Березовский,муниципальный округ,57506000000
769,Пермский край,Гайнский,муниципальный округ,57513000000
744,Пермский край,Карагайский,муниципальный округ,57522000000
746,Пермский край,Кишертский,муниципальный округ,57524000000
770,Пермский край,Косинский,муниципальный округ,57525000000
771,Пермский край,Кочевский,муниципальный округ,57526000000
753,Пермский край,Ординский,муниципальный округ,57538000000
758,Пермский край,Сивинский,муниципальный округ,57548000000
773,Пермский край,Юрлинский,муниципальный округ,57559000000
2621,Пермский край,Березники,городской округ,57708000000
738,Пермский край,Верещагинский,городской округ,57712000000
739,Пермский край,Горнозаводский,городской округ,57714000000
745,Пермский край,Кизел,городской округ,57719000000
748,Пермский край,Краснокамский,городской округ,57720000000
731,Пермский край,Лысьвенский,городской округ,57726000000
751,Пермский край,Нытвенский,городской округ,57727000000
754,Пермский край,Осинский,городской округ,57728000000
755,Пермский край,Оханский,городской округ,57729000000
2620,Пермский край,Соликамский,городской округ,57730000000
760,Пермский край,Суксунский,городской округ,57731000000
765,Пермский край,Чердынский,городской округ,57756000000
766,Пермский край,Чернушинский,городской округ,57757000000
767,Пермский край,Чусовской,городской округ,57758000000
743,Пермский край,Ильинский,городской округ,57759000000
752,Пермский край,Октябрьский,городской округ,57761000000
756,Пермский край,Очерский,городской округ,57762000000
1771,Псковская область,Красногородский,муниципальный округ,58514000000
1773,Псковская область,Локнянский,муниципальный округ,58518000000
1775,Псковская область,Новоржевский,муниципальный округ,58523000000
1780,Псковская область,Печорский,муниципальный округ,58540000000
1786,Псковская область,Пыталовский,муниципальный округ,58553000000
1788,Псковская область,Струго-Красненский,муниципальный округ,58556000000
1766,Псковская область,Бежаницкий,муниципальный район,58604000000
1768,Псковская область,Гдовский,муниципальный район,58608000000
1770,Псковская область,Дновский,муниципальный район,58612000000
1776,Псковская область,Новосокольнический,муниципальный район,58626000000
1781,Псковская область,Плюсский,муниципальный район,58643000000
1782,Псковская область,Порховский,муниципальный район,58647000000
1783,Псковская область,Псковский,муниципальный район,58649000000
1784,Псковская область,Пустошкинский,муниципальный район,58650000000
1785,Псковская область,Пушкиногорский,муниципальный район,58651000000
1860,Рязанская область,Путятинский,муниципальный округ,61526000000
1849,Рязанская область,Ермишинский,муниципальный район,61602000000
1850,Рязанская область,Захаровский,муниципальный район,61604000000
1852,Рязанская область,Касимовский,муниципальный район,61608000000
1854,Рязанская область,Кораблинский,муниципальный район,61612000000
1855,Рязанская область,Милославский,муниципальный район,61615000000
1856,Рязанская область,Михайловский,муниципальный район,61617000000
1857,Рязанская область,Александро-Невский,муниципальный район,61620000000
1858,Рязанская область,Пителинский,муниципальный район,61623000000
1861,Рязанская область,Рыбновский,муниципальный район,61627000000
1864,Рязанская область,Сапожковский,муниципальный район,61637000000
1869,Рязанская область,Старожиловский,муниципальный район,61648000000
1870,Рязанская область,Ухоловский,муниципальный район,61650000000
1871,Рязанская область,Чучковский,муниципальный район,61653000000
1921,Саратовская область,Балтайский,муниципальный район,63609000000
1923,Саратовская область,Воскресенский,муниципальный район,63612000000
1925,Саратовская область,Духовницкий,муниципальный район,63614000000
1926,Саратовская область,Екатериновский,муниципальный район,63616000000
1933,Саратовская область,Лысогорский,муниципальный район,63625000000
1942,Саратовская область,Ровенский,муниципальный район,63639000000
1943,Саратовская область,Романовский,муниципальный район,63640000000
1945,Саратовская область,Самойловский,муниципальный район,63642000000
1949,Саратовская область,Турковский,муниципальный район,63647000000
1950,Саратовская область,Федоровский,муниципальный район,63648000000
1912,Саратовская область,Шиханы,городской округ,63746000000
1954,Сахалинская область,Александровск-Сахалинский,городской округ,64704000000
1955,Сахалинская область,Анивский,городской округ,64708000000
1956,Сахалинская область,Долинский,городской округ,64712000000
1957,Сахалинская область,Корсаковский,городской округ,64716000000
1958,Сахалинская область,Курильский,городской округ,64720000000
1959,Сахалинская область,Макаровский,городской округ,64724000000
1960,Сахалинская область,Невельский,городской округ,64728000000
1961,Сахалинская область,Ногликский,городской округ,64732000000
1962,Сахалинская область,Охинский,городской округ,64736000000
1963,Сахалинская область,Поронайский,городской округ,64740000000
1965,Сахалинская область,Смирныховский,городской округ,64746000000
1966,Сахалинская область,Томаринский,городской округ,64748000000
1967,Сахалинская область,Тымовский,городской округ,64750000000
1968,Сахалинская область,Углегорский,городской округ,64752000000
1969,Сахалинская область,Холмский,городской округ,64754000000
1970,Сахалинская область,Южно-Курильский,городской округ,64756000000
2039,Свердловская область,Байкаловский,муниципальный район,65608000000
2040,Свердловская область,Камышловский,муниципальный район,65623000000
2043,Свердловская область,Таборинский,муниципальный район,65645000000
1973,Свердловская область,Артемовский,городской округ,65703000000
2017,Свердловская область,Артинский,городской округ,65704000000
2018,Свердловская область,Ачитский,городской округ,65705000000
2019,Свердловская область,Белоярский,городской округ,65706000000
1978,Свердловская область,Богданович,городской округ,65707000000
1981,Свердловская область,Верхнесалдинский,городской округ,65708000000
2022,Свердловская область,Гаринский,городской округ,65710000000
2023,Свердловская область,Ирбитское,городской округ,65711000000
2024,Свердловская область,Каменский,городской округ,65712000000
2025,Свердловская область,Красноуфимский,городской округ,65713000000
1999,Свердловская область,Невьянский,городской округ,65714000000
2002,Свердловская область,Нижнетуринский,городской округ,65715000000
2028,Свердловская область,Новолялинский,городской округ,65716000000
2030,Свердловская область,Пышминский,городской округ,65718000000
2006,Свердловская область,Ревда,городской округ,65719000000
2008,Свердловская область,Режевской,городской округ,65720000000
2031,Свердловская область,Сосьвинский,городской округ,65721000000
2032,Свердловская область,Сысертский,городской округ,65722000000
2012,Свердловская область,Тавдинский,городской округ,65723000000
2034,Свердловская область,Талицкий,городской округ,65724000000
2036,Свердловская область,Туринский,городской округ,65726000000
2037,Свердловская область,Шалинский,городской округ,65727000000
1972,Свердловская область,Алапаевск,городской округ,65728000000
2033,Свердловская область,Арамильский,городской округ,65729000000
1974,Свердловская область,Асбестовский,городской округ,65730000000
1977,Свердловская область,Березовский,городской округ,65731000000
1992,Свердловская область,Верхний Тагил,городской округ,65733000000
1989,Свердловская область,Волчанский,городской округ,65735000000
2007,Свердловская область,Дегтярск,городской округ,65736000000
1982,Свердловская область,Заречный,городской округ,65737000000
1983,Свердловская область,Ивдельский,городской округ,65738000000
1988,Свердловская область,Карпинск,городской округ,65742000000
1990,Свердловская область,Качканарский,городской округ,65743000000
1991,Свердловская область,Кировградский,городской округ,65744000000
1993,Свердловская область,Краснотурьинск,городской округ,65745000000
1994,Свердловская область,Красноуральск,городской округ,65746000000
1996,Свердловская область,Кушвинский,городской округ,65748000000
2001,Свердловская область,Нижняя Салда,городской округ,65750000000
2000,Свердловская область,Нижний Тагил,городской округ,65751000000
2004,Свердловская область,Первоуральск,городской округ,65753000000
2005,Свердловская область,Полевской,городской округ,65754000000
2009,Свердловская область,Североуральский,городской округ,65755000000
2010,Свердловская область,Серовский,городской округ,65756000000
1980,Свердловская область,Среднеуральск,городской округ,65757000000
2011,Свердловская область,Сухой Лог,городской округ,65758000000
2027,Свердловская область,Бисертский,городской округ,65759000000
1975,Свердловская область,Малышевский,городской округ,65762000000
1984,Свердловская область,Пелым,городской округ,65764000000
2015,Свердловская область,Алапаевское,городской округ,65771000000
2046,Смоленская область,Велижский,муниципальный район,66603000000
2047,Смоленская область,Вяземский,муниципальный район,66605000000
2048,Смоленская область,Гагаринский,муниципальный район,66608000000
2049,Смоленская область,Глинковский,муниципальный район,66609000000
2050,Смоленская область,Демидовский,муниципальный район,66611000000
2051,Смоленская область,Дорогобужский,муниципальный район,66614000000
2052,Смоленская область,Духовщинский,муниципальный район,66616000000
2053,Смоленская область,Ельнинский,муниципальный район,66619000000
2054,Смоленская область,Ершичский,муниципальный район,66621000000
2055,Смоленская область,Кардымовский,муниципальный район,66623000000
2056,Смоленская область,Краснинский,муниципальный район,66624000000
2057,Смоленская область,Монастырщинский,муниципальный район,66627000000
2058,Смоленская область,Новодугинский,муниципальный район,66630000000
2059,Смоленская область,Починковский,муниципальный район,66633000000
2060,Смоленская область,Рославльский,муниципальный район,66636000000
2061,Смоленская область,Руднянский,муниципальный район,66638000000
2062,Смоленская область,Сафоновский,муниципальный район,66641000000
2063,Смоленская область,Смоленский,муниципальный район,66644000000
2064,Смоленская область,Сычевский,муниципальный район,66646000000
2065,Смоленская область,Темкинский,муниципальный район,66648000000
2066,Смоленская область,Угранский,муниципальный район,66650000000
2067,Смоленская область,Хиславичский,муниципальный район,66652000000
2068,Смоленская область,Холм-Жирковский,муниципальный район,66654000000
2069,Смоленская область,Шумячский,муниципальный район,66656000000
2070,Смоленская область,Ярцевский,муниципальный район,66658000000
2078,Тамбовская область,Бондарский,муниципальный округ,68502000000
2079,Тамбовская область,Гавриловский,муниципальный округ,68503000000
2081,Тамбовская область,Знаменский,муниципальный округ,68506000000
2085,Тамбовская область,Мордовский,муниципальный округ,68514000000
2087,Тамбовская область,Мучкапский,муниципальный округ,68518000000
2088,Тамбовская область,Никифоровский,муниципальный округ,68520000000
2089,Тамбовская область,Первомайский,муниципальный округ,68522000000
2090,Тамбовская область,Петровский,муниципальный округ,68524000000
2091,Тамбовская область,Пичаевский,муниципальный округ,68526000000
2093,Тамбовская область,Ржаксинский,муниципальный округ,68530000000
2095,Тамбовская область,Сосновский,муниципальный округ,68534000000
2098,Тамбовская область,Токарёвский,муниципальный округ,68542000000
2100,Тамбовская область,Умётский,муниципальный округ,68546000000
2160,Томская область,Тегульдетский,муниципальный район,69652000000
2161,Томская область,Томский,муниципальный район,69654000000
2145,Томская область,Кедровый,городской округ,69707000000
2171,Тульская область,Арсеньевский,муниципальный район,70604000000
2174,Тульская область,Веневский,муниципальный район,70612000000
2175,Тульская область,Воловский,муниципальный район,70616000000
2176,Тульская область,Дубенский,муниципальный район,70618000000
2177,Тульская область,Заокский,муниципальный район,70622000000
2178,Тульская область,Каменский,муниципальный район,70624000000
2179,Тульская область,Кимовский,муниципальный район,70626000000
2181,Тульская область,Куркинский,муниципальный район,70630000000
2182,Тульская область,Одоевский,муниципальный район,70636000000
2183,Тульская область,Плавский,муниципальный район,70638000000
2184,Тульская область,Суворовский,муниципальный район,70640000000
2185,Тульская область,Тепло-Огаревский,муниципальный район,70642000000
2168,Тульская область,Ефремов,городской округ,70714000000
2195,Тюменская область,Абатский,муниципальный район,71603000000
2196,Тюменская область,Армизонский,муниципальный район,71605000000
2197,Тюменская область,Аромашевский,муниципальный район,71607000000
2198,Тюменская область,Бердюжский,муниципальный район,71610000000
2199,Тюменская область,Вагайский,муниципальный район,71613000000
2200,Тюменская область,Викуловский,муниципальный район,71615000000
2202,Тюменская область,Исетский,муниципальный район,71624000000
2203,Тюменская область,Ишимский,муниципальный район,71626000000
2204,Тюменская область,Казанский,муниципальный район,71630000000
2205,Тюменская область,Нижнетавдинский,муниципальный район,71632000000
2206,Тюменская область,Омутинский,муниципальный район,71634000000
2207,Тюменская область,Сладковский,муниципальный район,71636000000
2208,Тюменская область,Сорокинский,муниципальный район,71638000000
2210,Тюменская область,Тюменский,муниципальный район,71644000000
2211,Тюменская область,Уватский,муниципальный район,71648000000
2212,Тюменская область,Упоровский,муниципальный район,71650000000
2213,Тюменская область,Юргинский,муниципальный район,71653000000
2215,Тюменская область,Ярковский,муниципальный район,71658000000
2201,Тюменская область,Голышмановский,городской округ,71702000000
2191,Тюменская область,Заводоуковский,городской округ,71703000000
2232,Ханты-Мансийский автономный округ — Югра,Нефтеюганский,муниципальный район,71818000000
2233,Ханты-Мансийский автономный округ — Югра,Нижневартовский,муниципальный район,71819000000
2234,Ханты-Мансийский автономный округ — Югра,Октябрьский,муниципальный район,71821000000
2237,Ханты-Мансийский автономный округ — Югра,Ханты-Мансийский,муниципальный район,71829000000
2244,Ямало-Ненецкий автономный округ,Красноселькупский,муниципальный округ,71933000000
2872,Ямало-Ненецкий автономный округ,Приуральский,муниципальный округ,71938000000
2248,Ямало-Ненецкий автономный округ,Тазовский,муниципальный округ,71943000000
2249,Ямало-Ненецкий автономный округ,Шурышкарский,муниципальный округ,71946000000
2250,Ямало-Ненецкий автономный округ,Ямальский,муниципальный округ,71948000000
2879,Ямало-Ненецкий автономный округ,Губкинский,городской округ,71952000000
2254,Ульяновская область,Базарносызганский,муниципальный район,73602000000
2256,Ульяновская область,Вешкаймский,муниципальный район,73607000000
2260,Ульяновская область,Майнский,муниципальный район,73620000000
2271,Ульяновская область,Тереньгульский,муниципальный район,73648000000
2272,Ульяновская область,Ульяновский,муниципальный район,73652000000
2274,Ульяновская область,Чердаклинский,муниципальный район,73656000000
2298,Челябинская область,Еткульский,муниципальный район,75620000000
3012,Челябинская область,Кусинский,муниципальный район,75638000000
2308,Челябинская область,Нязепетровский,муниципальный район,75644000000
2310,Челябинская область,Пластовский,муниципальный район,75648000000
2311,Челябинская область,Саткинский,муниципальный район,75649000000
2314,Челябинская область,Увельский,муниципальный район,75655000000
2316,Челябинская область,Чебаркульский,муниципальный район,75657000000
2317,Челябинская область,Чесменский,муниципальный район,75659000000
580,Забайкальский край,Газимуро-Заводский,муниципальный округ,76510000000
582,Забайкальский край,Каларский,муниципальный округ,76515000000
583,Забайкальский край,Калганский,муниципальный округ,76518000000
588,Забайкальский край,Могочинский,муниципальный округ,76526000000
592,Забайкальский край,Ононский,муниципальный округ,76534000000
605,Забайкальский край,Агинский,муниципальный район,76602000000
578,Забайкальский край,Балейский,муниципальный район,76606000000
606,Забайкальский край,Дульдургинский,муниципальный район,76611000000
581,Забайкальский край,Забайкальский,муниципальный район,76612000000
584,Забайкальский край,Карымский,муниципальный район,76620000000
585,Забайкальский край,Краснокаменск и Краснокаменский,муниципальный район,76621000000
587,Забайкальский край,Кыринский,муниципальный район,76624000000
589,Забайкальский край,Нерчинский,муниципальный район,76628000000
593,Забайкальский край,Петровск-Забайкальский,муниципальный район,76636000000
598,Забайкальский край,Улётовский,муниципальный район,76646000000
601,Забайкальский край,Читинский,муниципальный район,76650000000
602,Забайкальский край,Шелопугинский,муниципальный район,76652000000
574,Забайкальский край,Петровск-Забайкальский,городской округ,76715000000
2348,Чукотский автономный округ,Анадырский,муниципальный район,77603000000
2345,Чукотский автономный округ,Эгвекинот,городской округ,77715000000
2323,Ярославская область,Брейтовский,муниципальный район,78609000000
2328,Ярославская область,Некоузский,муниципальный район,78623000000
2329,Ярославская область,Некрасовский,муниципальный район,78626000000
2337,Ярославская область,Ярославский,муниципальный район,78650000000
2619,Ярославская область,Переславль-Залесский,городской округ,78705000000
4,Республика Адыгея,Кошехабльский,муниципальный район,79615000000
6,Республика Адыгея,Майкопский,муниципальный район,79622000000
8,Республика Адыгея,Теучежский,муниципальный район,79633000000
9,Республика Адыгея,Шовгеновский,муниципальный район,79640000000
2,Республика Адыгея,Адыгейск,городской округ,79703000000
58,Республика Башкортостан,Калтасинский,муниципальный район,80633000000
59,Республика Башкортостан,Караидельский,муниципальный район,80634000000
62,Республика Башкортостан,Краснокамский,муниципальный район,80637000000
69,Республика Башкортостан,Миякинский,муниципальный район,80644000000
70,Республика Башкортостан,Нуримановский,муниципальный район,80645000000
78,Республика Башкортостан,Федоровский,муниципальный район,80654000000
11,Республика Алтай,Кош-Агачский,муниципальный район,84610000000
13,Республика Алтай,Онгудайский,муниципальный район,84620000000
14,Республика Алтай,Турочакский,муниципальный район,84625000000
15,Республика Алтай,Улаганский,муниципальный район,84630000000
16,Республика Алтай,Усть-Канский,муниципальный район,84635000000
18,Республика Алтай,Чемальский,муниципальный район,84643000000
19,Республика Алтай,Чойский,муниципальный район,84645000000
20,Республика Алтай,Шебалинский,муниципальный район,84650000000
188,Республика Калмыкия,Сарпинский,муниципальный район,85632000000
217,Республика Карелия,Питкярантский,муниципальный округ,86533000000
223,Республика Карелия,Суоярвский,муниципальный округ,86550000000
209,Республика Карелия,Калевальский,муниципальный район,86609000000
222,Республика Карелия,Сортавальский,муниципальный район,86610000000
210,Республика Карелия,Кемский,муниципальный район,86612000000
212,Республика Карелия,Лахденпохский,муниципальный район,86618000000
213,Республика Карелия,Лоухский,муниципальный район,86621000000
214,Республика Карелия,Медвежьегорский,муниципальный район,86624000000
215,Республика Карелия,Муезерский,муниципальный район,86627000000
216,Республика Карелия,Олонецкий,муниципальный район,86630000000
218,Республика Карелия,Прионежский,муниципальный район,86636000000
219,Республика Карелия,Пряжинский,муниципальный район,86639000000
220,Республика Карелия,Пудожский,муниципальный район,86642000000
226,Республика Коми,Вуктыл,муниципальный округ,87512000000
231,Республика Коми,Княжпогостский,муниципальный район,87608000000
232,Республика Коми,Койгородский,муниципальный район,87612000000
233,Республика Коми,Корткеросский,муниципальный район,87616000000
235,Республика Коми,Прилузский,муниципальный район,87624000000
242,Республика Коми,Усть-Куломский,муниципальный район,87648000000
243,Республика Коми,Усть-Цилемский,муниципальный район,87652000000
225,Республика Коми,Воркута,городской округ,87710000000
227,Республика Коми,Инта,городской округ,87715000000
229,Республика Коми,Ухта,городской округ,87725000000
272,Республика Марий Эл,Волжский,муниципальный район,88604000000
273,Республика Марий Эл,Горномарийский,муниципальный район,88608000000
275,Республика Марий Эл,Килемарский,муниципальный район,88616000000
276,Республика Марий Эл,Куженерский,муниципальный район,88620000000
280,Республика Марий Эл,Новоторъяльский,муниципальный район,88636000000
283,Республика Марий Эл,Сернурский,муниципальный район,88648000000
285,Республика Марий Эл,Юринский,муниципальный район,88656000000
288,Республика Мордовия,Атюрьевский,муниципальный район,89605000000
290,Республика Мордовия,Большеберезниковский,муниципальный район,89610000000
292,Республика Мордовия,Дубенский,муниципальный район,89616000000
293,Республика Мордовия,Ельниковский,муниципальный район,89618000000
297,Республика Мордовия,Кадошкинский,муниципальный район,89628000000
301,Республика Мордовия,Лямбирский,муниципальный район,89637000000
302,Республика Мордовия,Ромодановский,муниципальный район,89640000000
304,Республика Мордовия,Старошайговский,муниципальный район,89646000000
347,Республика Северная Осетия — Алания,Ардонский,муниципальный район,90610000000
348,Республика Северная Осетия — Алания,Дигорский,муниципальный район,90615000000
352,Республика Северная Осетия — Алания,Правобережный,муниципальный район,90635000000
196,Карачаево-Черкесская Республика,Абазинский,муниципальный район,91601000000
203,Карачаево-Черкесская Республика,Урупский,муниципальный район,91630000000
205,Карачаево-Черкесская Республика,Хабезский,муниципальный район,91640000000
356,Республика Татарстан,Агрызский,муниципальный район,92601000000
357,Республика Татарстан,Азнакаевский,муниципальный район,92602000000
361,Республика Татарстан,Алькеевский,муниципальный район,92607000000
366,Республика Татарстан,Бавлинский,муниципальный район,92614000000
367,Республика Татарстан,Балтасинский,муниципальный район,92615000000
370,Республика Татарстан,Верхнеуслонский,муниципальный район,92620000000
371,Республика Татарстан,Высокогорский,муниципальный район,92622000000
376,Республика Татарстан,Кайбицкий,муниципальный район,92629000000
377,Республика Татарстан,Камско-Устьинский,муниципальный район,92630000000
382,Республика Татарстан,Менделеевский,муниципальный район,92639000000
386,Республика Татарстан,Новошешминский,муниципальный район,92645000000
388,Республика Татарстан,Пестречинский,муниципальный район,92648000000
398,Республика Татарстан,Ютазинский,муниципальный район,92654000000
395,Республика Татарстан,Тюлячинский,муниципальный район,92656000000
402,Республика Тыва,Барун-Хемчикский,муниципальный район,93610000000
405,Республика Тыва,Кызылский,муниципальный район,93622000000
408,Республика Тыва,Пий-Хемский,муниципальный район,93635000000
424,Удмуртская Республика,Балезинский,муниципальный округ,94504000000
425,Удмуртская Республика,Вавожский,муниципальный округ,94506000000
428,Удмуртская Республика,Граховский,муниципальный округ,94512000000
430,Удмуртская Республика,Завьяловский,муниципальный округ,94516000000
433,Удмуртская Республика,Каракулинский,муниципальный округ,94522000000
436,Удмуртская Республика,Киясовский,муниципальный округ,94528000000
437,Удмуртская Республика,Красногорский,муниципальный округ,94530000000
438,Удмуртская Республика,Малопургинский,муниципальный округ,94533000000
441,Удмуртская Республика,Селтинский,муниципальный округ,94539000000
444,Удмуртская Республика,Шарканский,муниципальный округ,94546000000
445,Удмуртская Республика,Юкаменский,муниципальный округ,94548000000
446,Удмуртская Республика,Якшур-Бодьинский,муниципальный округ,94550000000
456,Республика Хакасия,Боградский,муниципальный район,95615000000
460,Республика Хакасия,Ширинский,муниципальный район,95635000000
451,Республика Хакасия,Сорск,городской округ,95709000000
484,Чувашская Республика,Аликовский,муниципальный округ,97505000000
487,Чувашская Республика,Ибресинский,муниципальный округ,97513000000
489,Чувашская Республика,Козловский,муниципальный округ,97519000000
490,Чувашская Республика,Комсомольский,муниципальный округ,97521000000
491,Чувашская Республика,Красноармейский,муниципальный округ,97524000000
492,Чувашская Республика,Красночетайский,муниципальный округ,97526000000
494,Чувашская Республика,Моргаушский,муниципальный округ,97532000000
495,Чувашская Республика,Порецкий,муниципальный округ,97535000000
496,Чувашская Республика,Урмарский,муниципальный округ,97538000000
498,Чувашская Республика,Чебоксарский,муниципальный округ,97544000000
499,Чувашская Республика,Шемуршинский,муниципальный округ,97547000000
502,Чувашская Республика,Яльчикский,муниципальный округ,97555000000
503,Чувашская Республика,Янтиковский,муниципальный округ,97558000000
479,Чувашская Республика,Алатырь,городской округ,97704000000
480,Чувашская Республика,Канаш,городской округ,97707000000
481,Чувашская Республика,Новочебоксарск,городской округ,97710000000
482,Чувашская Республика,Шумерля,городской округ,97713000000
314,Республика Саха (Якутия),Амгинский,муниципальный район,98608000000
318,Республика Саха (Якутия),Верхнеколымский,муниципальный район,98615000000
319,Республика Саха (Якутия),Верхоянский,муниципальный район,98616000000
321,Республика Саха (Якутия),Горный,муниципальный район,98620000000
332,Республика Саха (Якутия),Оймяконский,муниципальный район,98639000000
334,Республика Саха (Якутия),Оленекский,муниципальный район,98642000000
335,Республика Саха (Якутия),Среднеколымский,муниципальный район,98646000000
340,Республика Саха (Якутия),Усть-Майский,муниципальный район,98654000000
341,Республика Саха (Якутия),Усть-Янский,муниципальный район,98656000000
2339,Еврейская автономная область,Биробиджанский,муниципальный район,99605000000
2340,Еврейская автономная область,Ленинский,муниципальный район,99610000000
2343,Еврейская автономная область,Смидовичский,муниципальный район,99630000000
