territory_id,marketplace_share_2023,marketplace_share_2024,all_spending_growth_pct,marketplace_share_change_pp
1,0.14347079833589363,0.18065775038232587,16.78391993261128,3.7186952046432245
2,0.1550274887335036,0.20769907099122567,12.41844779143413,5.2671582257722065
3,0.16651163937640318,0.21778792216986667,13.744577203137887,5.127628279346349
4,0.13056698545979994,0.17912970841372067,19.280863992562104,4.856272295392072
5,0.16416205699755215,0.21405753380635875,16.44524112308541,4.98954768088066
6,0.1670191342320222,0.2153619402307485,20.188687718457878,4.834280599872631
7,0.12235981017848017,0.15859818610319784,19.103890203834737,3.6238375924717667
8,0.13184464143144084,0.1799259597400339,21.313852827620437,4.808131830859305
9,0.12135093740956304,0.20738075076800203,18.928096437363816,8.602981335843898
10,0.1109951398871349,0.14704101889666957,16.725792171341514,3.604587900953467
11,0.1242440839611022,0.1665989617764511,19.737430559918966,4.235487781534888
12,0.1104448979694219,0.14872946247552993,20.880521074847792,3.8284564506108025
13,0.1180593038404812,0.16766125000659735,17.8219238519967,4.960194616611615
14,0.14180800606945185,0.19979574975495387,18.58924268471305,5.798774368550203
15,0.18063102376470971,0.22216600322654612,15.65853239274595,4.1534979461836405
16,0.11659591135599197,0.1746182294776365,14.16554731937052,5.802231812164453
17,0.1399379315960596,0.1881362319480376,17.874865353367532,4.8198300351978
18,0.13581317170252538,0.18949638769253055,14.82635415177933,5.368321599000517
19,0.13094817000109438,0.19922435602306243,13.504438521751915,6.8276186021968055
20,0.12062256387115662,0.17245062769860742,15.866062292212057,5.182806382745079
21,0.0841791696554318,0.11830489815954796,15.849052571971933,3.4125728504116157
22,0.09130818112701376,0.14734775942320902,6.565093890325224,5.603957829619525
23,0.09415595182950583,0.1311367557901135,16.476159203636186,3.698080396060767
25,0.0817513227547626,0.1186430289070338,17.35098028311739,3.6891706152271206
26,0.08786619095653912,0.12562939379925211,15.35430796778714,3.776320284271299
27,0.09628809858370836,0.12772021241905082,16.663293866381057,3.143211383534246
28,0.07664173673080481,0.11503442632347367,17.261498850697055,3.8392689592668865
29,0.08091650997891657,0.11796854093466536,18.523403082848056,3.7052030955748787
30,0.05606300749565233,0.11178703538416958,10.3618461599144,5.572402788851725
31,0.0862199125641156,0.13942542371202896,8.49647218156797,5.320551114791336
32,0.0928016434859094,0.15408192147066652,14.806390066494046,6.128027798475712
33,0.07992442364128007,0.13957526844257875,10.97635661791998,5.965084480129869
34,0.07572684503908696,0.11712569194487726,4.686776559147288,4.139884690579031
35,0.0677067085518682,0.1148510317007037,11.442578177165675,4.71443231488355
36,0.09700619854465363,0.1473988718104965,12.658095155622618,5.039267326584286
37,0.08123251556102452,0.12061034494809979,12.660573480161762,3.9377829387075263
38,0.0963532582591501,0.13387409476861595,15.265150648951842,3.7520836509465845
39,0.09424571391581894,0.1459900314731739,14.333690336828653,5.174431755735497
40,0.08214044605619762,0.123081167151002,18.840569639823368,4.094072109480437
41,0.08508746238545874,0.12833033731375426,11.447681093637364,4.324287492829552
42,0.08903933825200744,0.12936998194019486,16.651336190376643,4.033064368818742
43,0.08255410727875358,0.13180938306145548,13.602764583444515,4.925527578270191
44,0.09275581638456538,0.1385567947863364,22.23329844323714,4.5800978401771015
45,0.08285939328305837,0.12511163404255904,9.425193465176275,4.2252240759500665
46,0.08794707209956322,0.13371710182289856,9.115810183931705,4.577002972333534
47,0.07899030092967613,0.13025295716702384,13.046559522846945,5.1262656237347715
48,0.07494915282563097,0.11702757292746369,7.446226996260408,4.207842010183271
49,0.10236456109701136,0.1480524939013847,12.75841562465767,4.568793280437333
50,0.08808701173206024,0.13491305443267687,12.401368728613594,4.682604270061663
51,0.08111137537378482,0.12101246088723701,15.657025527916746,3.9901085513452186
52,0.08524304578578858,0.13976773451440114,13.600700407448564,5.452468872861256
53,0.08862025718940275,0.12600385711513618,11.10939012584704,3.7383599925733426
54,0.10448182798136903,0.1544883655063819,19.66420367914401,5.000653752501287
55,0.09671238781340581,0.14584189051650823,16.34412493768822,4.912950270310241
56,0.08848469791995046,0.13260867998321316,13.33013236927827,4.4123982063262694
57,0.08917398964732166,0.12192741762578597,16.20170349339587,3.275342797846431
58,0.08152694713797158,0.1336441820220325,9.495238569623755,5.211723488406091
59,0.1037944075101551,0.1575588912439269,8.38071347722913,5.376448373377181
60,0.09337516993802548,0.14138452324412196,13.844073286072378,4.800935330609647
61,0.07928640178708753,0.12730666245237138,12.959923077256242,4.802026066528385
62,0.0654697492377558,0.11988318841130748,16.434563721405947,5.441343917355168
63,0.08492848233018947,0.13022996630640946,11.067950926283965,4.530148397621998
65,0.08215125075266756,0.1256277162688,5.854835944129122,4.347646551613245
66,0.08826449760740113,0.12591477534084883,16.89002021411994,3.7650277733447703
67,0.08354256833218064,0.12379851712618738,13.279331542429574,4.025594879400673
68,0.0753007737682762,0.13051263514324654,15.251424681899707,5.521186137497034
69,0.0770163017761273,0.11559334109851782,14.484098704901971,3.8577039322390525
70,0.11177033432854844,0.17221688294513657,11.090371355272023,6.044654861658813
71,0.08662707808546215,0.1389702474643402,16.164628304606367,5.2343169378878045
72,0.08063168534376189,0.13775551896733226,7.114113399608968,5.712383362357038
73,0.0836795091638322,0.11795529757709455,16.993319647355932,3.427578841326236
74,0.0845402690539538,0.12567840555421908,18.652556253628696,4.113813650026528
75,0.07887384065145986,0.11669841412155763,16.74204671003663,3.7824573470097764
76,0.09814467277048235,0.13597897398545267,19.414669858804,3.783430121497032
77,0.08299267454966348,0.12451614141185556,17.433527669240068,4.152346686219207
78,0.0824535922366026,0.1454852194972827,3.7201641415934183,6.303162726068008
79,0.09411948253755771,0.1351385308252192,17.388120876409687,4.101904828766149
80,0.06896955822003077,0.10763581939696804,8.522883475674314,3.8666261176937264
81,0.09009259413997263,0.1287463398207674,16.816344697377584,3.8653745680794787
82,0.0740145509343287,0.12046991939994141,6.875448006525442,4.645536846561271
83,0.08059470431949946,0.11821078202311919,14.914673551236458,3.761607770361973
167,0.14095409409132256,0.17412555421293183,17.579507504339364,3.3171460121609266
168,0.1597705682543015,0.21850938854699942,15.226875490290537,5.873882029269792
169,0.19260267105583886,0.23253924985536853,14.725244864938315,3.9936578799529663
173,0.2124907571073006,0.26395316549051323,13.442283454605942,5.1462408383212646
181,0.15932800342893114,0.21917470559550992,14.352698502131966,5.984670216657878
184,0.14129157966612718,0.1808636348835122,14.828124367525541,3.9572055217385023
185,0.18959180543140175,0.23349009090515724,12.334729248868314,4.389828547375549
188,0.1717230084507546,0.21040067410697846,17.322238694999847,3.8677665656223854
191,0.17535146607315774,0.242920630689189,12.205470564130572,6.756916461603127
194,0.12877176668881754,0.17463991016399819,14.906649498758394,4.5868143475180645
195,0.18462301854998842,0.2444137115550921,15.484069914506238,5.979069300510368
196,0.13392287842641226,0.18916747459343378,18.164516639546168,5.524459616702152
198,0.18323329652847017,0.23999776639067427,15.708452601448064,5.67644698622041
201,0.11951825514377627,0.19090837862534768,14.883980897740434,7.139012348157141
203,0.23303916207269051,0.30432778306284286,16.04593354744228,7.128862099015235
204,0.13492467820824852,0.20023721719903156,21.17223468303624,6.531253899078305
205,0.12006556671341333,0.18856698053228502,19.369098349651193,6.850141381887169
206,0.10155706832287041,0.1336100347477995,15.168499230546217,3.2052966424929092
207,0.13423400389613335,0.1700847141757376,14.501744528719108,3.5850710279604234
208,0.13463865400091385,0.1685131556041315,11.12424132802765,3.387450160321764
209,0.13869190549854432,0.1847767724662319,13.534261197587405,4.608486696768757
210,0.15743023411730145,0.18016023579136328,5.858999037536083,2.2730001674061833
211,0.11114026045253504,0.1518381582352305,9.11656045624647,4.069789778269546
212,0.1839665983645272,0.2235252016578062,14.979097246641327,3.955860329327901
213,0.1529225514649171,0.1913399489283916,14.05035363012146,3.84173974634745
214,0.13719754310513804,0.1792454274218153,12.198877494049531,4.204788431667724
215,0.13748049279508542,0.17310067110024005,14.880648603507463,3.5620178305154626
216,0.12685329382924448,0.17141770161874384,12.706874704007575,4.456440778949935
217,0.14192397128097764,0.17866687579221777,11.86949126333694,3.674290451124013
218,0.11926520334610884,0.16470212848054305,19.46359170827112,4.543692513443422
219,0.13361284312048624,0.18852158322260334,8.415417772877332,5.49087401021171
220,0.10882766177479002,0.1611124141498239,13.412515309464812,5.22847523750339
221,0.13247568528287615,0.17200238221291775,14.186720319725454,3.95266969300416
222,0.13947546190661583,0.17862657166286255,17.837448451214712,3.915110975624672
223,0.13611276075963832,0.1846568407019884,9.95683968894918,4.854407994235007
224,0.09235250288260345,0.1257992939957671,13.775757680214507,3.3446791113163634
225,0.10585778366524322,0.14658405538768396,15.027692179561903,4.072627172244074
226,0.10841463046384314,0.17232510672931897,8.674553667455376,6.391047626547583
227,0.11552206699432481,0.1534557999984875,14.173127229488713,3.793373300416268
228,0.1079730067562123,0.1464681897424172,12.793436615406396,3.849518298620491
229,0.09096936261139014,0.12948322648753055,14.610982144160722,3.8513863876140406
230,0.09907771460268723,0.151665090811724,8.91504933610998,5.258737620903677
231,0.11409251391531998,0.15945461283968282,11.931621840644624,4.536209892436284
232,0.09006313256587455,0.13645184666565882,9.828820622011492,4.638871409978427
233,0.112138284205703,0.16010273781299225,7.919502071341267,4.796445360728925
234,0.09475624558548264,0.14309520130572193,12.840588085831438,4.833895572023929
235,0.0976200559353998,0.14281255963318595,10.322353696108477,4.519250369778616
236,0.10029039404970475,0.15479111028053752,12.399514768789643,5.450071623083278
237,0.09498371330033599,0.13865038334872043,11.210597290023983,4.366667004838444
238,0.08981467224738367,0.13281994722001508,8.567255721526834,4.3005274972631415
239,0.13104450467885057,0.1766499503306704,13.243362733342035,4.560544565181984
240,0.10330584371718933,0.159170296578102,13.052462659717069,5.586445286091267
241,0.1181438685282263,0.16555376091949672,11.939480875614695,4.7409892391270425
242,0.09765850255216398,0.1551571803165848,12.39532504328662,5.749867776442081
243,0.08673597392257004,0.12022767672783981,9.878256563622912,3.3491702805269767
269,0.09887415872092731,0.1355563060713896,18.591603539268455,3.6682147350462295
270,0.12334757083719668,0.17315648463318556,14.977813395069983,4.980891379598888
271,0.13529339213890962,0.18132978527520346,14.952428048659883,4.603639313629385
272,0.10606683795948257,0.16361427404877396,14.07504200112002,5.754743608929139
273,0.08759667899724428,0.15163735097613673,16.540489874956222,6.404067197889245
274,0.11790861087498344,0.16543643926560878,15.298205209656924,4.752782839062533
275,0.11023513699707005,0.1834932413394077,12.99802127245313,7.325810434233765
276,0.07805632051776064,0.14112255668141085,11.721213495187666,6.306623616365021
277,0.08945708100651523,0.13839812757197573,14.700792892378423,4.89410465654605
278,0.10468375566596616,0.14354237001753226,21.664167916041976,3.8858614351566096
279,0.09708061601201708,0.1459177669512374,10.78443547552519,4.883715093922032
280,0.11100415037273233,0.16145289142835767,15.374060404533108,5.044874105562534
281,0.09683819736679582,0.15875240738789187,11.572781545351884,6.191421002109605
282,0.0891087863359281,0.15608800877320536,15.141881870528717,6.697922243727726
283,0.09471888577986026,0.14950466395031015,18.419780890046212,5.478577817044989
284,0.10203424510413885,0.14669919211567634,12.180008080661352,4.466494701153749
285,0.13185301773223573,0.22135785548505407,13.36503739368946,8.950483775281834
287,0.14540268176890817,0.18694473812303292,11.309250499204481,4.154205635412475
288,0.161315994195549,0.19968965762784996,17.984013298308987,3.837366343230095
289,0.14803142052908277,0.17241182286492915,14.459743511017686,2.4380402335846374
290,0.11044638505587652,0.15103968642132953,12.12413038215825,4.059330136545301
292,0.13093561366159662,0.18912789680617803,13.307906177057882,5.819228314458141
293,0.15019469306673353,0.19303735497370142,13.953039168574687,4.28426619069679
294,0.17630136226744295,0.20786663674254066,16.88809856471485,3.1565274475097715
295,0.1405900213965832,0.1991776260412238,17.85683529214468,5.85876046446406
296,0.12879321037596822,0.18016951252067281,19.506008507786387,5.13763021447046
297,0.1468662945150253,0.17816151867714128,16.84017930655932,3.129522416211597
298,0.13307539754470207,0.1716683823605881,15.58603124435236,3.8592984815886022
300,0.14065235135614798,0.17636219307346504,16.94151993779427,3.570984171731706
301,0.10541057111615781,0.14040300599076785,27.273042033100193,3.499243487461004
302,0.13868894427833253,0.18889092700334187,14.202580713423462,5.0201982725009335
303,0.12204489067067621,0.1585788419419575,15.92269477322068,3.65339512712813
304,0.1378992586096259,0.18420690464131773,12.694109596252034,4.630764603169182
305,0.1473384366726157,0.19403641394306884,12.96592508637553,4.669797727045314
306,0.18196678567936012,0.23167774341675873,10.34329239375551,4.971095773739862
307,0.160365226922928,0.19678611380840894,13.555851053335587,3.6420886885480925
308,0.13365741264815864,0.17277750650209392,15.736556892004906,3.912009385393528
309,0.036809347238870485,0.05528748137456083,14.45814272052932,1.8478134135690347
312,0.07592022468075911,0.12976232544043392,18.36983651296753,5.384210075967482
314,0.02029476273819807,0.04921502173245312,9.50426361363097,2.8920258994255046
316,0.03202975754935935,0.051796819288172154,11.09932921610386,1.9767061738812806
317,0.020045752251457803,0.07517878649614045,12.7131661771823,5.513303424468265
318,0.026062430622253812,0.043046251636498715,10.228809294778518,1.6983821014244904
319,0.02375911524969156,0.05318203230815725,13.564672285917489,2.9422917058465687
320,0.024546173517061964,0.07084435446227007,6.759637270132601,4.62981809452081
321,0.06931887417514486,0.08882572411405598,5.397620098086242,1.9506849938911122
323,0.02731292788097681,0.04749356848769524,8.891280550702053,2.018064060671843
324,0.034299655618163456,0.07947674970687182,15.07720720258554,4.517709408870837
325,0.08008520592255682,0.12475297261050657,18.380863961553185,4.466776668794975
326,0.04214369423579171,0.06944033929727512,10.19772174995046,2.7296645061483416
327,0.09784721414576823,0.13173634729718786,15.190924301232345,3.388913315141963
329,0.04668294441454381,0.07347533731988883,5.989941186170511,2.6792392905345013
330,0.07324543842337862,0.10990579527274387,16.906097139186716,3.666035684936525
331,0.02208506004083055,0.03256102205425056,14.345370585694827,1.0475962013420006
332,0.043458362486515086,0.07395234014674794,16.834234617523357,3.049397766023285
333,0.1068494925474912,0.13553763089261164,14.424193880282953,2.8688138345120446
334,0.02439530455340339,0.03844792686731534,8.562452311842206,1.4052622313911949
335,0.017879248155664326,0.030173661236723468,12.19111240461659,1.2294413081059143
336,0.04067065099997561,0.0981831911077608,13.155019361851505,5.751254010778519
337,0.024128840175382665,0.06280105067245619,8.48520104392163,3.867221049707352
338,0.03239220957918132,0.07623169191647185,17.897084315751876,4.383948233729053
339,0.023928800888798698,0.051014454771847954,8.136103386226079,2.7085653883049257
340,0.02976770235610302,0.0688093004959643,13.865036593938228,3.9041598139861287
341,0.027507204170412258,0.04310699045954561,14.031561571962282,1.559978628913335
342,0.059523643896203966,0.09872795960123924,4.331639365964501,3.9204315705035278
343,0.01782900442672682,0.053902682281769476,7.447035265791846,3.607367785504266
345,0.1354844466013236,0.17053441151866722,16.504535394595756,3.5049964917343606
346,0.17331462522752658,0.2209845312827499,15.779057076537594,4.766990605522331
347,0.18503307896047372,0.2446370366248227,15.618739928907566,5.960395766434898
348,0.20720040923749697,0.2560484868825724,17.820219204972986,4.884807764507546
349,0.1667519670706694,0.22598770216743616,19.438782989468905,5.923573509676677
351,0.16073974236469726,0.19593380046552042,17.8532617704807,3.519405810082316
352,0.16250277342286554,0.2016847462255087,17.970839578750674,3.9181972802643155
354,0.094228736205463,0.1278545258997225,16.714467486891117,3.3625789694259485
355,0.08946770690750923,0.12586801973224895,19.885976855003396,3.6400312824739727
356,0.08513028021958637,0.1328615146700489,13.669897934375651,4.773123445046252
357,0.09409289895184188,0.13981201511599653,11.943772908055838,4.571911616415465
358,0.09970306779064164,0.15198903063389183,16.413139614873362,5.228596284325018
359,0.0893788561439174,0.1303463190280419,11.415319268297575,4.096746288412449
360,0.1320419255192854,0.18032114408739683,13.834437676904487,4.827921856811143
361,0.09565673688090899,0.1465767989756325,10.45962921066459,5.092006209472351
362,0.09218683403165795,0.12468516466530229,16.381926825219928,3.249833063364434
363,0.0902220444227313,0.15263022450746602,10.326369986202156,6.240818008473473
364,0.08649383201407018,0.1434465096261142,15.846335651973419,5.6952677612044
365,0.08886942468124283,0.15821856201150167,14.030810027304286,6.934913733025884
366,0.10224576181641182,0.14633575965216417,8.525307227660894,4.408999783575235
367,0.08348745243899704,0.14247440172248393,12.26994165808697,5.898694928348689
368,0.0986767197227557,0.13690517620707274,15.53911547021376,3.822845648431704
369,0.09584427390475032,0.13575698848001638,15.556639232266157,3.9912714575266057
370,0.14407485991510013,0.18957003191654512,7.264957264957261,4.549517200144498
371,0.12265856419324751,0.1676723884792938,25.78770498016525,4.50138242860463
372,0.11099423469808982,0.15211310076083276,12.777111304662213,4.111886606274294
373,0.10338906220249418,0.1422256029887288,22.477573335272695,3.8836540786234623
374,0.11054088675190295,0.1550767608393026,18.621315464829834,4.453587408739966
375,0.10585097466243289,0.14573761984764097,18.931148305396704,3.9886645185208085
376,0.08171850479538424,0.1487836123773714,9.289165519371402,6.706510758198715
377,0.12772580144587756,0.17899122593517983,13.34895635590816,5.126542448930227
378,0.09300779104424689,0.1406301603876565,10.531455710488613,4.762236934340961
379,0.12095829323359793,0.15920164350408345,21.23060640599195,3.824335027048552
380,0.09773228446347394,0.13435886899197544,17.52196362643692,3.66265845285015
381,0.09364810230897312,0.1431289926057941,14.161664702990029,4.948089029682097
382,0.109287610439258,0.16214300388005606,10.553661373099255,5.285539344079806
383,0.10353747310407369,0.146954521430777,10.428551203790825,4.341704832670332
384,0.10033556757179073,0.14260251897411816,10.511696497111235,4.226695140232743
385,0.08959317635153835,0.12531539785142787,16.75119680766968,3.572222149988952
386,0.11681911532206746,0.17213768287979836,14.09187525195148,5.53185675577309
387,0.09851415436128634,0.14281442799647506,16.918522500071266,4.430027363518872
388,0.11849395957076113,0.17294670432555068,11.46996866182073,5.445274475478954
390,0.09409506915674988,0.14643688989166068,12.064010979846461,5.23418207349108
391,0.0998684333820292,0.14751057634850664,8.511903898327212,4.764214296647744
392,0.15699341251267732,0.1982008877014472,18.148352011272806,4.120747518876988
393,0.1206493088202832,0.1612765252859701,14.072540708508763,4.062721646568692
395,0.10583811658618368,0.15773996559717507,7.948646445578955,5.190184901099139
396,0.11260202368172213,0.16587682950875504,10.348034072431256,5.3274805827032905
397,0.11505459230690583,0.16301427374774338,18.430730154055695,4.795968144083755
398,0.10455467018194912,0.16365196511164828,5.444342476760888,5.909729492969916
401,0.12685080738657747,0.13434536256487317,14.0603115217943,0.7494555178295698
402,0.11700855899975311,0.15456906198189932,16.60204851952991,3.7560502982146207
403,0.14046115779413018,0.17751165821606127,11.344188392690778,3.7050500421931085
404,0.1590439886667525,0.18413438079918265,22.387077944424362,2.509039213243014
405,0.08730961119500534,0.10736141496539577,23.262139296168094,2.0051803770390424
408,0.12440628631850326,0.17227542772664148,20.537653988997917,4.786914140813822
410,0.10261447114923511,0.12755793453038675,24.349557977954216,2.4943463381151636
413,0.1509158746817344,0.1797494150834483,17.547595108070624,2.8833540401713904
414,0.11755266812426729,0.1369311581374942,16.12830627209638,1.9378490013226917
416,0.12397164728491578,0.14390778892312217,31.978592553507546,1.9936141638206395
418,0.08448608322424028,0.12079239030707263,18.821995033159624,3.6306307082832348
419,0.0949041592684719,0.13178924305895348,17.58969054285078,3.6885083790481583
420,0.08946403106409649,0.12453346133258547,18.85365996600832,3.506943026848898
421,0.09191772785125385,0.1297694061925628,20.97256471653384,3.7851678341308954
422,0.09651077182597173,0.13395046090997229,20.982448287988742,3.7439689084000554
423,0.09961999470349818,0.1527452174704196,19.23165188009941,5.3125222766921425
424,0.08311176187952593,0.12151264700742215,13.113635508037502,3.8400885127896216
425,0.08571503826510567,0.1413819716466032,15.684183847370669,5.566693338149754
428,0.10768186828870717,0.15818761525419756,18.709223575497603,5.050574696549039
429,0.09177495975177723,0.1311997368659791,14.108179080358463,3.942477711420188
430,0.08176679321265776,0.12275972508774774,22.83006611339451,4.099293187508998
431,0.08649180932578053,0.1298010734853897,13.53644670905798,4.330926415960916
432,0.10515246386066109,0.14688195871409968,14.281578260585892,4.172949485343859
433,0.0925815225265995,0.15614036920802782,9.533255107932437,6.355884668142832
434,0.08752658667836492,0.12350941217020787,14.213635129695689,3.598282549184295
435,0.09379267082566041,0.13564744482267158,16.211228402325737,4.185477399701116
436,0.09182856085484979,0.15169170786158978,12.833978211219389,5.986314700673999
437,0.08833673266448361,0.13842448787933817,17.053923503979806,5.008775521485457
438,0.07587384240027274,0.14033545324779836,17.540956558872622,6.446161084752562
440,0.08864255862582915,0.13281125046658385,21.54446506744272,4.41686918407547
441,0.09918322295876554,0.1377869467961975,15.781706254823469,3.860372383743195
442,0.06738759875661805,0.11735672178322247,11.749825118677325,4.996912302660442
443,0.0940860905623727,0.13925953258923252,20.730148385803094,4.517344202685981
444,0.0920890460598142,0.1474905494792962,12.234806411585119,5.540150341948201
445,0.07889727515416624,0.11784475780067659,16.92912987118207,3.894748264651035
446,0.08870305585829606,0.15387441747082728,15.561102650289715,6.517136161253122
447,0.09235564413144544,0.1331847935920902,11.219717168483335,4.082914946064477
448,0.10271089098489063,0.13691636946552924,15.033015765422908,3.420547848063861
449,0.13477585539854364,0.17193141641920895,14.557785438006498,3.7155561020665306
450,0.11526987035543616,0.15427305568627045,10.845940700556511,3.9003185330834285
451,0.1570366516703914,0.20774743521428507,20.47822522978182,5.071078354389366
452,0.10933728899976118,0.14502220354899562,15.068308832272571,3.568491454923443
453,0.10480647458708293,0.15497530778400057,10.960163874122731,5.016883319691763
455,0.11072978635496611,0.15941606725105137,14.991302861013489,4.868628089608526
456,0.11614109145692873,0.17598038106761452,9.8380942114908,5.983928961068578
457,0.11519047275710374,0.1650225465425705,14.1448824500366,4.983207378546677
458,0.13096124003604204,0.17705152293610393,18.122249653248645,4.60902829000619
459,0.09395170210999333,0.13827386220351198,18.190020570243504,4.432216009351865
460,0.11932547178896334,0.17194101104412585,16.25223004560896,5.2615539255162505
478,0.09745589738333695,0.1321560037622517,17.51414178630808,3.4700106378914755
479,0.12833393185842487,0.1682574333334701,15.674069819102199,3.9923501475045224
480,0.1054776233222774,0.1456240407422286,17.447315257841577,4.014641741995119
481,0.09777007686993626,0.13291290123495567,17.62494033451636,3.5142824365019405
482,0.11636730227468535,0.15301094157170428,10.94232452862418,3.664363929701893
484,0.08184672180541792,0.1289453445117477,7.777374177664775,4.709862270632977
485,0.09863000670128337,0.14895130932882064,14.157979037288904,5.032130262753727
486,0.10874603447688537,0.15783739510692382,12.388023640486212,4.909136063003845
487,0.11488351132522794,0.16688970971468853,3.1664935175829356,5.200619838946059
489,0.11497967329274549,0.16635196491454252,10.92885272223727,5.137229162179703
490,0.09579562469152447,0.151969231117279,12.484722388025782,5.617360642575453
491,0.07060662172579404,0.1426671591446547,12.026201675135951,7.206053741886064
492,0.10632832814240288,0.14932830021136337,12.299207509762367,4.299997206896049
493,0.10700490328821562,0.1416182568655062,7.0916894182750045,3.4613353577290575
494,0.07301089442856366,0.14564156075071544,13.38544734165017,7.263066632215177
495,0.13264697645048107,0.1700669257675017,13.507766272189347,3.741994931702064
496,0.09823837912999984,0.14080909932541164,9.577010664923002,4.257072019541179
497,0.10046594126180919,0.14508209672207936,17.921651528898952,4.4616155460270175
498,0.10124567593162052,0.14397732621375123,24.189766985127136,4.273165028213071
499,0.09842949814387063,0.15054243260342462,7.610252523282202,5.211293445955399
501,0.08201622789913446,0.12488634157985061,10.057369603671674,4.2870113680716155
502,0.08297876511480336,0.11666081930013801,4.715322654742571,3.3682054185334653
503,0.07853708483765046,0.1215611959100883,9.354308989650484,4.302411107243784
504,0.09177455806746539,0.12518014662413504,17.832679262362493,3.3405588556669654
505,0.10437872697308888,0.1455230724314146,17.917138442037505,4.114434545832572
506,0.1291212501285132,0.1602599281695968,13.393164847788608,3.113867804108361
507,0.1022509438836236,0.14109409882555338,21.313495327102807,3.8843154941929776
508,0.09161035829336923,0.12943584029011881,18.894658727305735,3.782548199674958
509,0.09176115529768823,0.12828526766801993,17.303446364454533,3.6524112370331694
510,0.10617356373445132,0.14128146401690314,17.281759524954808,3.5107900282451823
511,0.12224070085866436,0.15852484216564797,21.01323023991959,3.6284141306983613
512,0.12090981664609063,0.15533788880630364,15.79718650393418,3.4428072160213015
515,0.11269796407633302,0.1565002942869298,17.207411816896112,4.380233021059678
516,0.13807417855556894,0.18384470401225825,14.347454692369844,4.577052545668931
517,0.08664328983651676,0.14932477561813973,24.598977953436663,6.268148578162297
518,0.12212801219523604,0.1615791312523673,16.150687817228615,3.9451119057131265
519,0.09252403737262495,0.15271424913764356,13.336329780403222,6.0190211765018615
520,0.12060996825690269,0.17386496909822402,16.496525782352013,5.325500084132133
521,0.12237343932326993,0.16303800452350095,12.916514431859682,4.066456520023102
522,0.11945966129707808,0.18244291496702522,18.082941205203774,6.298325366994714
523,0.12829239140032223,0.18656985121331437,24.377702881042772,5.8277459812992145
524,0.10305236856851052,0.1486757678999034,14.031882500447779,4.562339933139286
525,0.09067875856128295,0.14727769570146115,4.469504718998607,5.65989371401782
527,0.11128956259882265,0.14248233722446066,14.438199764585846,3.1192774625638005
528,0.09567356082791999,0.17382233154048501,12.694234106325908,7.814877071256503
529,0.10547496642945246,0.1434777097660225,15.898516657210028,3.800274333657004
530,0.11154150955956021,0.14689918896748605,15.085013496272248,3.5357679407925833
531,0.08819848519820567,0.15399800711838682,14.044618387682473,6.579952192018116
532,0.08421755494366373,0.14128329943085874,15.835893055126405,5.7065744487195005
533,0.10561932175205091,0.16381815031406924,15.517264895092175,5.819882856201833
534,0.1105565789678891,0.15684766709602907,9.353256426560087,4.629108812813996
535,0.10459078580570276,0.14169962657974913,14.992045939549147,3.7108840774046374
536,0.0990326533079684,0.15543533194410794,12.803319279930392,5.640267863613954
537,0.09939223825849257,0.14628164955453946,6.723475936835377,4.688941129604689
538,0.12211960950190627,0.15727773719184057,12.605045793224946,3.51581276899343
539,0.09094107505269881,0.1426444297053319,11.707673842922507,5.170335465263308
540,0.11326075582686894,0.15881607198731781,15.981188804445967,4.555531616044887
541,0.11060548102435087,0.1642485586445675,14.952309408363496,5.364307762021663
542,0.07441792528391832,0.17052926248927955,23.945714210567836,9.611133720536124
543,0.09720097336540977,0.1444491979655668,15.269720210805948,4.7248224600157025
544,0.11614365909005031,0.16592138121095734,15.05756904418556,4.977772212090703
545,0.10326181657303586,0.15727236091556918,14.97205494056988,5.401054434253331
546,0.1194628018441946,0.17136714614569218,8.12055253244035,5.190434430149758
547,0.11551684207266506,0.1555828023184301,13.167361534883536,4.006596024576504
548,0.09696448262473206,0.142694149347844,13.071232191952031,4.5729666723111935
549,0.09959935187022384,0.14079876673782374,12.166006322542788,4.1199414867599895
550,0.09195434882185503,0.1501191000868921,14.793540695784113,5.816475126503708
552,0.09713351415731843,0.13386793378431133,10.637569705876437,3.6734419626992905
553,0.12605605113230223,0.19086164863088884,17.713821068623893,6.480559749858661
554,0.10254217520474769,0.14348718120372259,27.482913560693454,4.09450059989749
555,0.13973720885489627,0.18350106941640235,10.259167698510296,4.376386056150608
556,0.0521558854628102,0.17453227780578517,16.715182312261277,12.237639234297498
557,0.08324954766976676,0.1395605430844524,11.38364926154205,5.631099541468563
558,0.10545444974086204,0.16731441288674612,14.611700192097764,6.185996314588407
559,0.10431736091704293,0.1556824122326784,14.065985873399377,5.136505131563547
560,0.10064908252326248,0.18620250554101112,13.709112591807383,8.555342301774864
561,0.09068857049850239,0.14184354710201671,15.22450125930892,5.115497660351433
562,0.13594543520732155,0.1922256086984976,13.916893793054786,5.628017349117606
563,0.11827944111023479,0.1630805411937007,10.246055728071513,4.48011000834659
564,0.10509971489264396,0.15398924620430707,14.077250866640178,4.8889531311663115
565,0.1321378204923943,0.19812582355458966,14.876532637496599,6.598800306219535
566,0.11279500345292365,0.1700048665814964,12.874282782991987,5.720986312857276
567,0.08982507268429107,0.1587561040964939,12.695580633490454,6.8931031412202834
568,0.10237666962112217,0.15611038899560523,13.97195495298491,5.373371937448305
569,0.10947569655049577,0.15599785770334798,14.360270618797543,4.652216115285221
570,0.14839171797733564,0.20344465763067077,12.535198151736715,5.505293965333513
571,0.10534991616902178,0.1459206418288353,11.499620075305739,4.057072565981351
572,0.131497629091753,0.18566897482047276,15.415785226702727,5.417134572871976
574,0.11016552663061359,0.1362834241189532,15.06830004572819,2.6117897488339605
578,0.10742825642101732,0.12822042807734582,12.843492804742729,2.0792171656328504
579,0.08270371640573507,0.11484515547842182,17.42211925314201,3.2141439072686753
580,0.031122416245438943,0.05525806499688806,11.164688758516617,2.4135648751449117
581,0.09687967788364636,0.13306023330702868,13.324419461347459,3.6180555423382317
582,0.06108711152325636,0.11773651413700015,15.515527058956181,5.664940261374379
583,0.022623952299720876,0.09543619261808904,18.220274573921035,7.281224031836817
584,0.07810349438871228,0.1166788309335683,10.868392853390873,3.8575336544856023
585,0.09025571620829886,0.12430850662629782,16.92679166242417,3.4052790417998953
586,0.07301161624263744,0.11068854436961223,12.703417703417719,3.767692812697479
587,0.08045365378814719,0.13299680481588566,12.156769671365964,5.254315102773847
588,0.066760972789989,0.12456213002842674,13.196879632263748,5.780115723843774
589,0.07839336579385651,0.10858398033378754,14.901300980253641,3.019061453993102
591,0.09412328452281275,0.13188562661557307,13.159212975096125,3.7762342092760317
592,0.06807556379676498,0.1045392920172737,11.462676743690325,3.646372822050872
593,0.08414770090558822,0.14635646436653335,15.367057254453641,6.220876346094513
594,0.07222088317598852,0.10851033772393255,17.090763710641955,3.628945454794404
595,0.08076511861116262,0.12125099987899647,11.539564220183497,4.048588126783385
598,0.0852221338158855,0.12778588112156697,12.195962108889091,4.2563747305681465
599,0.1094913379631834,0.1483675543671785,12.910127086003008,3.887621640399509
600,0.07409516046606894,0.1180996644211777,14.047241064126625,4.400450395510876
601,0.07794664685188037,0.11333375006288271,14.91489316973016,3.5387103211002344
602,0.027106750237450798,0.08520683994575447,16.302573786138996,5.810008970830367
603,0.09538483376930924,0.1249771878454668,13.005260356633253,2.9592354076157554
604,0.06747616464853155,0.095764996671938,12.7839638910771,2.8288832023406445
605,0.05599098675269096,0.09624588949577118,11.41492792616219,4.025490274308022
606,0.06686731176336609,0.0984562874266451,11.867445775673978,3.1588975663279006
607,0.0701153198356096,0.09968248522057131,12.31658302534222,2.956716538496171
608,0.05948399754627449,0.08059567364349692,11.441755985666703,2.111167609722243
612,0.06180815361486066,0.08637797970735474,12.90674893219479,2.456982609249408
613,0.0875138519767993,0.11942428206979412,12.632575908949217,3.1910430092994826
614,0.04171588837744292,0.06347817072073268,13.58689237168258,2.1762282343289767
615,0.03901616221014286,0.0731010825573963,14.976180419813945,3.4084920347253433
616,0.048593740996935315,0.10160396487101636,15.694271534557247,5.301022387408104
618,0.04223631318303011,0.05995847863927841,8.773322540243921,1.77221654562483
619,0.03560184005841175,0.050106829309823187,15.796670691559079,1.4504989251411435
621,0.043860904806885224,0.06617148437392541,18.439172131569848,2.231057956704018
666,0.08751393031692549,0.11892905360143247,16.001754736162876,3.141512328450698
667,0.1138563350913584,0.1503744239688892,15.497614358968658,3.6518088877530803
668,0.1328216987043225,0.16995552757792387,14.6723451506239,3.7133828873601367
669,0.11610535486013657,0.1528357798266212,14.73661579622705,3.6730424966484625
670,0.11922894680515723,0.15336239393053724,19.042708154821653,3.413344712538001
671,0.11886078715818915,0.15481540734262902,11.917543944499066,3.595462018443987
674,0.11251926690864522,0.14908407344810917,18.547964276722094,3.656480653946395
675,0.10939715696191249,0.14426169314102535,16.912327174926702,3.4864536179112866
676,0.10541054484281576,0.14072957579771883,20.80843092156215,3.5319030954903075
677,0.11463646999453032,0.155241692949224,22.082189924450326,4.060522295469367
678,0.0819215836493863,0.11051538238781454,8.43972620019786,2.859379873842824
679,0.10610656697084893,0.1379910119072082,19.148866456786664,3.1884444936359264
680,0.12047017452897703,0.16501505803924524,17.67416782883977,4.454488351026821
683,0.12313401395287592,0.18025635530117465,10.463991558460584,5.712234134829873
685,0.1168439100326956,0.1774018535667068,24.73527153680124,6.055794353401119
686,0.09747861355940439,0.13843422130871474,22.197009738701468,4.095560774931036
687,0.13437289721852105,0.22957714929694595,16.092049825593733,9.52042520784249
689,0.13335831065352302,0.18926317013916763,15.178630381558843,5.590485948564461
690,0.08015464057252598,0.1304178055375214,14.76428062315447,5.026316496499541
691,0.14622800390279145,0.2173405288378889,2.0939005281179313,7.111252493509745
692,0.12285169571690709,0.1694614875349925,12.263780316696726,4.66097918180854
693,0.09573600186768748,0.13472480189062022,16.462649255305696,3.898880002293274
694,0.11795192413837043,0.16326620480397103,10.229631076494861,4.53142806656006
695,0.14231222294956453,0.18652178283669907,16.40118402225321,4.420955988713454
696,0.09477794418014374,0.16797233224827143,13.25806242294465,7.319438806812769
697,0.1295598142024457,0.16201070759964148,11.685417665388286,3.2450893397195784
698,0.13635735587718947,0.18072748064547559,14.26390452941131,4.437012476828611
699,0.13197911354907313,0.18426668427855594,15.675457588661533,5.228757072948281
701,0.12511177507607155,0.17355032059177122,17.27293883359211,4.843854551569968
702,0.1309748090571494,0.18093819226274677,15.575667764809609,4.996338320559738
703,0.117642419771073,0.16336479831929937,13.356527117399208,4.572237854822638
704,0.09470752001719417,0.15366071111872073,15.238048589341702,5.8953191101526565
705,0.1419774506935964,0.19066878521192965,16.53197506757744,4.869133451833324
706,0.13538155128361293,0.19604463598179087,15.686497653897336,6.066308469817794
708,0.046287736870491,0.1954610861541962,22.202095522268863,14.917334928370519
710,0.13256499433048435,0.18006233592083346,15.577976638757217,4.74973415903491
711,0.10688450593607933,0.1647501639432345,16.792680132739115,5.7865658007155165
712,0.1201369855116053,0.16642506350800457,15.464759959141983,4.628807799639927
713,0.12013791170457803,0.18355188600937167,12.845266412018553,6.341397430479363
714,0.12211893691929315,0.16242104172718366,13.061995498769363,4.030210480789051
715,0.14611026230007848,0.1966852505461649,13.998595082789755,5.057498824608642
716,0.09367205065911506,0.16355698584720124,21.015444061776243,6.988493518808618
717,0.10252879822489432,0.15864548919115035,18.23957923047237,5.611669096625603
718,0.0740039288496311,0.10319596953947596,5.559893285742246,2.9192040689844863
719,0.1340847079800446,0.1721391154682902,14.635673052402186,3.8054407488245596
720,0.05168339313076236,0.07904787491442047,13.71766563851564,2.7364481783658112
721,0.14247078256628978,0.20014776703550197,15.067268830131365,5.7676984469212185
722,0.11554004675763997,0.17065632570918673,17.73829621715146,5.511627895154676
723,0.13106206823964442,0.17663738082577032,14.767750126380053,4.55753125861259
725,0.10635526984741876,0.1490683995383811,13.842747474747474,4.271312969096234
726,0.04169676084138469,0.07135562300854302,12.937325271889065,2.965886216715833
727,0.08519033926852271,0.11727657259074104,16.832848741329354,3.2086233322218325
731,0.09200092559632178,0.12845557726326737,16.625821135027998,3.645465166694559
734,0.1253990526543668,0.17203097117581742,15.359272620187014,4.663191852145062
735,0.09813917500816287,0.15136789858493316,13.604205641834199,5.322872357677029
736,0.08054334725230128,0.12333374834343737,14.404546508930661,4.279040109113609
737,0.09840485985710205,0.15727613694774897,13.719981653179559,5.887127709064692
738,0.08143703582721197,0.12195358502124339,10.961076914923428,4.051654919403141
739,0.1185571988254056,0.1675343874105639,13.601925911087577,4.89771885851583
741,0.10257266772345501,0.13918542691339508,14.63142623096434,3.6612759189940074
742,0.10263787429891504,0.1427397719902226,11.901475056849042,4.010189769130758
743,0.10491854674669439,0.16265209157003732,10.380208192021412,5.773354482334294
744,0.09019875008197237,0.14225080533874263,13.357543222546763,5.205205525677026
745,0.11954702063700773,0.1614280081422349,14.167001544740332,4.188098750522718
746,0.08702278500797828,0.1436080443288391,9.20322923670418,5.658525932086084
747,0.10833940950024563,0.1485942985791783,11.526897232451304,4.0254889078932665
748,0.09613351254205281,0.12971570245486766,20.058414757151777,3.358218991281485
749,0.10027805353724724,0.15027690882996494,13.932536848256616,4.99988552927177
751,0.10470126824718119,0.14784381436162355,13.410955866045683,4.314254611444237
752,0.10024306078125572,0.15179279202015863,14.885385049763533,5.154973123890291
753,0.07917997406571894,0.13746146250716598,9.788199367433737,5.828148844144704
754,0.0891080330061876,0.12581694114848377,10.820675730429663,3.6708908142296175
755,0.1132051499299352,0.16160062029048763,13.47464225631676,4.839547036055243
756,0.09536947850040078,0.13320316603895,13.0026579312009,3.783368753854921
757,0.09670747259692809,0.13233531565253417,19.430921235817735,3.562784305560608
758,0.08878482361425422,0.14385053927109812,10.853810845855838,5.50657156568439
760,0.11306041324580456,0.16788274530182867,18.326258338386904,5.4822332056024115
761,0.08588071816930032,0.144635062204609,16.100615914806692,5.8754344035308685
763,0.08848443378421024,0.11994642953495512,16.30915496476937,3.1461995750744878
764,0.10727452474376685,0.181760151885333,13.810627600410253,7.448562714156616
765,0.12206095752649736,0.16484773188109267,11.080873977425698,4.278677435459531
766,0.09738090497371277,0.13381412165250553,15.241968064321698,3.643321667879276
767,0.1002632876547454,0.1394048169998146,19.47137931703655,3.9141529345069204
769,0.12348614575369095,0.16291715622130767,11.017533320240158,3.9431010467616727
770,0.08649001353175599,0.13609445564357528,7.539597159927847,4.960444211181929
771,0.08263653146677785,0.12327502131198438,6.463396574136526,4.063848984520653
773,0.07843319774120246,0.13323508401023157,9.57527624309391,5.480188626902911
774,0.08866813525606064,0.14001392526047193,5.835036208503608,5.134579000441129
775,0.05543130621090525,0.08168984732157898,15.856216258204858,2.625854111067373
776,0.07067382944667523,0.10190181500866495,18.597044984151513,3.1227985561989717
777,0.06283551279399739,0.091561406325975,16.468016556245146,2.8725893531977604
778,0.07599941154768354,0.10343466233650361,12.767621166314914,2.743525078882007
779,0.08225680254476077,0.12033721407526383,11.840600922371669,3.808041153050307
780,0.08902425848276334,0.12455885270970814,15.286343075958397,3.55345942269448
781,0.0815661420196955,0.11683127183567855,12.863345721185727,3.526512981598305
782,0.06368509631163616,0.09344849539562604,15.004490127374837,2.976339908398988
783,0.07375702485337664,0.11263094149858949,12.497031475493682,3.887391664521285
784,0.07041235545193865,0.10376902230235412,17.83405252863095,3.335666685041547
785,0.05799277510297765,0.08604918610419587,17.19357931810219,2.8056411001218224
787,0.06492660944000861,0.12939619859668658,12.475804511556454,6.446958915667797
788,0.06371152843314817,0.11228452573484038,21.63220117828477,4.8572997301692205
789,0.07547408408040156,0.10778961564719175,12.08908025441293,3.2315531566790194
790,0.07578102162777207,0.11828017620931879,7.758490904489945,4.249915458154671
791,0.0565113406421609,0.1453130428880155,19.858015850900436,8.88017022458546
792,0.06832104480516872,0.13740037274269698,15.385736371239567,6.907932793752826
793,0.06225727097577934,0.10572667488415777,5.710455863623354,4.346940390837842
794,0.06492444431750644,0.10367178362508456,20.078893705218338,3.874733930757812
795,0.06658969808153856,0.10206959988748608,7.8146606412248465,3.5479901805947525
796,0.048013865722275395,0.11466125040872467,17.627992753741452,6.664738468644928
797,0.06894636574646433,0.12197190779571966,14.332135544667835,5.302554204925533
798,0.07208613140661263,0.10472117840133198,9.79685693086183,3.2635046994719348
799,0.07185620101052335,0.11597464122174424,16.8761466156123,4.411844021122088
800,0.0601421761809671,0.10244072265978597,14.00721106541658,4.229854647881887
801,0.05874157013163731,0.1388535428209143,19.03585950242355,8.0111972689277
802,0.07779839309616564,0.11273714343268652,15.88582223967714,3.4938750336520883
803,0.06948019218856792,0.11899348283814065,16.379144935373024,4.951329064957273
804,0.0728438484892052,0.11266357840480411,9.786715872165196,3.98197299155989
805,0.07112620211960902,0.10933574857353147,13.84237834364004,3.8209546453922454
806,0.08389063036074136,0.11979306115041181,14.317381833049048,3.5902430789670454
807,0.07165961651755504,0.11328065228942791,15.74697262559679,4.162103577187287
808,0.08854102759819206,0.1339037310537597,13.773388773388762,4.536270345556763
809,0.1115534415942947,0.147978633783202,17.506105611870936,3.64251921889073
810,0.14543843751576715,0.188555275423784,19.42821478185588,4.311683790801685
811,0.14595127807833264,0.18263701093646112,18.676112826759848,3.6685732858128484
812,0.12928737666760393,0.16669556707101182,20.226119071498204,3.74081904034079
813,0.15336408653081224,0.18718597754769306,25.021573487560822,3.3821891016880823
814,0.14051514798889855,0.18248070277709846,22.343051499343435,4.196555478819991
815,0.13037831756854765,0.18260609107999093,19.077648386186887,5.2227773511443285
817,0.16462431346162723,0.21290033639363326,20.56331520026884,4.827602293200603
818,0.160961806882478,0.19290614033112222,27.271777995759905,3.1944333448644224
819,0.12925553570740175,0.16707165882344377,20.999041010887343,3.7816123116042015
820,0.12291613852619632,0.16014102967514765,21.888901597939903,3.7224891148951333
821,0.14099680732051062,0.18574749288846673,19.230582622407333,4.475068556795611
822,0.14680391231171264,0.18577635909213597,18.699028339782853,3.897244678042333
823,0.1332861965273693,0.18125439685247727,19.83637198585273,4.796820032510796
824,0.12500389551757593,0.15958627008665585,18.40083554512322,3.458237456907992
825,0.1566939877328896,0.2055122375230168,18.58178364928056,4.881824979012722
826,0.13673708872950838,0.18814965591576205,16.509785963841118,5.1412567186253675
827,0.1563892355232178,0.2155758676377564,13.022520837147834,5.918663211453862
828,0.1499113441349557,0.20381341127239258,14.82141496575602,5.390206713743689
829,0.15304514432666752,0.19482910772004106,15.833195180636528,4.178396339337354
830,0.14287768048863717,0.1828845452916378,21.75882552788444,4.000686480300065
831,0.15211850933149076,0.2134085749968924,15.481672294666971,6.129006566540163
832,0.14057046614469165,0.18814525137205362,21.17810558081361,4.757478522736197
833,0.13233228810921324,0.18510951984291937,18.216818138492073,5.277723173370613
834,0.17195819233374687,0.2300268978246285,17.749008524410815,5.806870549088164
835,0.16930970593032288,0.22254520490043092,12.30303886153159,5.323549897010804
836,0.16330369956844193,0.22694180078268555,14.138244716615468,6.363810121424363
838,0.1717796106516577,0.23654216635252187,20.839715498132794,6.476255570086417
839,0.14950534090642867,0.1995438603010401,12.52795594348488,5.003851939461143
840,0.15058099426991794,0.22343124878089346,12.30554586675967,7.285025451097551
841,0.12663528835883534,0.16743639550673442,21.66211222873875,4.0801107147899085
842,0.05301503171462612,0.08372474315984209,14.703547270475381,3.070971144521597
843,0.0680176954245816,0.1024340148199736,16.984546595721195,3.441631939539201
844,0.08306617839300039,0.13326925992944327,14.870905274485668,5.020308153644288
846,0.08867788600640696,0.12432206111992267,16.5392338999796,3.564417511351571
847,0.08245643737466514,0.13065697578812777,13.679966005768174,4.820053841346263
848,0.029997907042677716,0.09510224723738096,13.38934066245432,6.510434019470325
849,0.07516074892705432,0.11555163749962556,12.285361529694816,4.039088857257124
851,0.06153560553224947,0.12133227164943404,13.196321764537956,5.979666611718457
852,0.04343882178432998,0.1238236938117705,10.858023211540901,8.038487202744053
853,0.05114037529099388,0.10330073306929555,16.667258375640536,5.216035777830167
854,0.030044147359651514,0.061103412069605574,17.14060583307504,3.105926470995406
855,0.03568373904371355,0.06426454628392846,10.631391815711112,2.8580807240214905
856,0.07931334102049453,0.12647989370276616,14.272827894231277,4.7166552682271625
857,0.06058939777579473,0.10097255200789944,8.635624695928712,4.038315423210471
859,0.0314516403021925,0.12589422440179868,21.03669609768484,9.444258409960618
860,0.054014952560481465,0.09815938630686831,15.7389447097964,4.414443374638685
870,0.05516018561328168,0.1091742167944163,11.084553725883772,5.401403118113461
871,0.05585517488536732,0.10724958660305912,14.570021749815298,5.13944117176918
872,0.06039844998306645,0.0881154082767711,21.780011729818472,2.771695829370465
873,0.07760104392696691,0.11804719339016999,6.147095552628223,4.044614946320308
874,0.07532027118479132,0.10599487657864913,11.337014637566845,3.0674605393857814
875,0.051945766600409206,0.09375358478975321,11.07766435562505,4.1807818189344
876,0.046547653756884265,0.10291363190084517,13.312219715153928,5.63659781439609
877,0.052894994462946356,0.10813287037559056,6.976623967412099,5.523787591264421
878,0.0711146293978593,0.11073955918706135,11.030662416001347,3.9624929789202055
879,0.02275260582610412,0.09221605200913165,16.11712158125833,6.946344618302752
880,0.0321237982038518,0.09383696925752842,10.874627069785191,6.171317105367662
881,0.07457069788550212,0.11908525260202983,11.524735194992797,4.451455471652771
882,0.03247708511266983,0.11185884387342204,11.300526120396448,7.938175876075221
883,0.07635242707479609,0.10994907535629483,7.906494731485725,3.359664828149875
884,0.04199057363990396,0.11493387143383656,8.77766121097805,7.29432977939326
885,0.08256368868207349,0.12051477508631386,5.270232833415189,3.7951086404240373
886,0.07193127534831999,0.12958354074364584,12.290305813836856,5.765226539532585
888,0.05698880621748594,0.11313863128773714,14.145926346769544,5.61498250702512
889,0.05599808647806275,0.09702028321781735,2.202051741987643,4.102219673975459
890,0.0957813369674713,0.12632208810763934,14.106270925542752,3.0540751140168036
891,0.10357134733560369,0.1546488286341822,-0.07063316006136189,5.107748129857851
892,0.10563021190357502,0.1446197052714748,13.300080690476124,3.898949336789978
895,0.12102154526209663,0.16029522153759893,7.151310125369248,3.9273676275502294
896,0.10374347406809921,0.13199593636861937,10.51716999360124,2.8252462300520156
897,0.13304102803797416,0.17086214805449765,14.529769549518988,3.782112001652349
898,0.09656723411516399,0.16031134769914918,10.056047096348353,6.374411358398518
899,0.12668302850872343,0.18651930532488178,6.462291306850898,5.983627681615836
900,0.12054744620132611,0.16532544175040684,13.846320975886695,4.4777995549080725
901,0.12453456065794298,0.16198745082689564,11.835464501585902,3.745289016895266
902,0.12708994270131901,0.16066091606922808,10.702939345033101,3.3570973367909067
903,0.11177631839828321,0.16702609458606854,1.889080194970516,5.524977618778533
904,0.10008507859065537,0.15437213936138394,7.9974432973716425,5.4287060770728575
905,0.11498841555801569,0.16279293671683212,13.612908384176325,4.780452115881643
907,0.048195726885006,0.1291908585193449,9.268194249763084,8.099513163433889
908,0.11583881108357895,0.1579587706213102,11.616477635151966,4.211995953773124
909,0.10889384256815683,0.15038911330371094,12.142033635315542,4.149527073555411
911,0.11794590314964032,0.15361195847763753,12.91745943005196,3.5666055327997217
912,0.11793261425866881,0.1488568306364627,16.260268847787884,3.0924216377793896
913,0.1394634230077346,0.1748181776518332,12.228299520281372,3.53547546440986
914,0.14042283861187846,0.18251490594348693,6.131846088383686,4.209206733160848
915,0.12845318638015832,0.17055261368455232,9.60002819184551,4.2099427304394
916,0.06808769903792063,0.11510477074998582,7.779813047416018,4.701707171206519
917,0.06685977702779267,0.10964025306991294,10.09925773553575,4.278047604212028
918,0.11153570120961849,0.14628902955287482,18.869308280930362,3.4753328343256324
920,0.15536095891757704,0.1906161894552293,11.450429524757588,3.5255230537652253
922,0.15481132203131379,0.21523061201825378,12.56096805318274,6.041928998693999
923,0.168840710895916,0.22993558176557724,14.357130286295927,6.109487086966123
924,0.14238349069858716,0.20085554877922215,13.770855839635088,5.847205808063499
925,0.14404235232229134,0.19302249964087034,10.082703143899518,4.8980147318578995
926,0.1429650372952421,0.20033422652006116,15.421416091188945,5.736918922481907
927,0.1259197133529971,0.1516446553752712,23.341915441411153,2.5724942022274098
928,0.1248518194498916,0.15996043968136534,21.554217221806503,3.5108620231473737
929,0.15003716863642722,0.20405629870117395,12.318019022319216,5.401913006474674
930,0.17571803926998267,0.23537623093557355,5.315581163202054,5.965819166559089
986,0.10998175111672369,0.1394248934600553,17.808594971823545,2.9443142343331603
987,0.12155729839329725,0.15888296350855338,18.550602973701636,3.7325665115256133
988,0.11412611316600581,0.14380896079746183,18.141780486327885,2.9682847631456024
989,0.11532318306428226,0.14699182441091158,17.983581168556185,3.166864134662932
991,0.13511327289067707,0.1680782668074825,20.158658699244736,3.2964993916805434
992,0.125270159764544,0.1613849210612393,16.685376703198006,3.6114761296695304
993,0.14158263677000935,0.1815762609031364,16.058903583766625,3.999362413312704
994,0.14039775696275206,0.20981568800431208,13.2154430985149,6.941793104156002
995,0.134171468927594,0.17483578681411324,13.014137322746722,4.066431788651926
996,0.14549381111346799,0.17821634622596305,19.002852605989084,3.272253511249507
998,0.12440076430914217,0.1544936173942644,19.793354821218777,3.009285308512223
999,0.12347587665318305,0.1731090885275793,14.001341703798165,4.963321187439626
1001,0.1546952033170496,0.1773450526550924,18.87892513500995,2.264984933804279
1002,0.1432089471989467,0.18826124988144236,9.34600824565135,4.505230268249566
1003,0.13956678426688282,0.17620445086826578,15.358497676617922,3.663766660138296
1004,0.13036864669838286,0.17758237648467937,9.64414095877899,4.721372978629651
1005,0.15386782063603519,0.19023481030818026,21.554255911691733,3.6366989672145076
1006,0.13280134545756397,0.1692031200502081,15.644765852367936,3.6401774592644127
1007,0.10921666911186995,0.14308711183900283,17.720624824832832,3.3870442727132883
1008,0.10646284616680084,0.14021895523799946,17.363146522083305,3.3756109071198623
1009,0.12175216408472078,0.15617137372019085,17.70686228978886,3.441920963547007
1010,0.12864018688040987,0.17079543188756377,16.3177970043725,4.215524500715389
1011,0.13681344446040836,0.17156758292773042,17.45817613371614,3.4754138467322058
1012,0.13145733939565865,0.16831039338856021,14.481408255024842,3.685305399290156
1013,0.1663606203419642,0.21979050998791194,13.28146896206146,5.342988964594775
1014,0.13324723676778114,0.19690084186971105,8.969153607319358,6.365360510192991
1015,0.15066281359360706,0.1971237035165155,16.993260239571264,4.646088992290845
1016,0.14384482543221405,0.2133138506224503,13.064651906726166,6.946902519023626
1017,0.1660492375902509,0.21297046262374156,14.445925508189994,4.692122503349067
1018,0.1339948768286624,0.18820664117167304,16.130006324852598,5.421176434301064
1019,0.16268854397434143,0.202688366344374,11.257785486827764,3.999982237003258
1020,0.14698263983663226,0.19585057986940835,11.764126756230153,4.8867940032776085
1021,0.14620355486448106,0.1836844312605486,17.48708135396346,3.7480876396067537
1023,0.14783752952735957,0.1933905575244954,14.358088756316834,4.555302799713584
1024,0.1495173445808037,0.19872490432034093,13.282222184341075,4.920755973953722
1025,0.16871790809666776,0.21204487164888178,14.42475568144772,4.332696355221402
1026,0.1420176147545502,0.17801057091363137,9.199775391632192,3.5992956159081184
1027,0.14115550439580127,0.2015388726156706,14.253584739383474,6.038336821986934
1028,0.13577971876517891,0.1866437846231339,15.614437359545441,5.086406585795499
1029,0.17145629367777007,0.2150424701952487,14.297146130260451,4.358617651747862
1030,0.15919352089464753,0.21119959362218502,12.95613466516141,5.200607272753749
1031,0.15093693722655235,0.19509510518113374,14.99734741847667,4.415816795458138
1032,0.13450722329453257,0.1899003268143492,13.156540653480642,5.539310351981664
1033,0.14882503119206786,0.20597813111567884,11.863181730825477,5.715309992361098
1034,0.16674730312035127,0.21535798710940487,12.72804501602307,4.861068398905361
1035,0.13629251040232246,0.18345206789817595,13.217877143214896,4.715955749585349
1036,0.16837821317043358,0.2096131514483418,15.910248155769624,4.123493827790822
1037,0.15694884484660881,0.20381353794707824,14.281057602588177,4.686469310046943
1038,0.15951498630335045,0.2010649105058939,12.797846396431357,4.154992420254344
1039,0.13211173041080082,0.17482075577929182,20.35910905129672,4.2709025368491
1040,0.15544557489549984,0.20424407939640285,16.118836631103804,4.8798504500903
1041,0.15187797279276563,0.19075123309825293,15.193139405212118,3.8873260305487296
1044,0.15915935127001796,0.20667550251953468,13.209116689423372,4.751615124951672
1047,0.11488453911817147,0.1601958761526934,10.379862390749416,4.531133703452193
1048,0.10037418044178,0.1331893942107416,9.542751510728475,3.281521376896161
1049,0.10032614513889844,0.14058176707004225,12.22996186874601,4.02556219311438
1051,0.10158858916747866,0.1330835319330309,16.33588906416228,3.1494942765552243
1052,0.10761897509575456,0.1526945697426114,15.121274130693173,4.5075594646856825
1053,0.10702839343787464,0.14937996748518892,9.0323119493932,4.235157404731428
1054,0.11087818035532594,0.1458409433192425,14.68760300148173,3.496276296391655
1055,0.10463006388922985,0.1448262566055086,16.239515594823818,4.019619271627875
1056,0.10279278146751021,0.14233793156117958,9.352726220196095,3.9545150093669363
1057,0.1113559823425273,0.15118962213129572,9.569743063843795,3.9833639788768416
1058,0.11385284150233431,0.16435840116483394,5.621748110471136,5.050555966249963
1059,0.09977202968853947,0.14159707653789316,13.503969645760927,4.182504684935369
1060,0.11085611706697757,0.15870871544891008,7.0145181526696465,4.785259838193251
1061,0.10837404100796061,0.14837126592871933,14.052411404003951,3.999722492075872
1062,0.11797369711455535,0.15467327576699172,7.345943048429615,3.6699578652436364
1063,0.12011542779516447,0.15385156590691673,14.349429856327166,3.373613811175226
1064,0.1028877806209378,0.14484552960829825,6.3298533384037015,4.195774898736045
1065,0.11083562411259308,0.14278037908204289,12.852311161217589,3.1944754969449805
1066,0.12108007809706128,0.16084403571715944,12.571048365976068,3.9763957620098154
1067,0.12866639190272908,0.17525743250865056,9.656895364176554,4.659104060592148
1068,0.13753036377239275,0.1765193988593944,15.53241203848752,3.898903508700166
1069,0.09242210964356469,0.12980720959631617,10.655899657524227,3.738509995275148
1070,0.14503156356081948,0.17594445436743558,12.935607321659015,3.0912890806616105
1071,0.08501303751712204,0.1270206918295456,15.888064245905031,4.200765431242355
1072,0.11452920684084539,0.15329686459276384,12.65943301761354,3.8767657751918456
1107,0.10794480447224054,0.14250863199334937,18.046709713628562,3.456382752110883
1108,0.1448060386882523,0.18610407170822843,15.707096103544881,4.129803301997614
1109,0.12486338584535067,0.16440274774647107,17.776511868482125,3.9539361901120396
1110,0.12166177157073993,0.16763536980695862,17.727410479304552,4.5973598236218685
1111,0.13558609920547376,0.17700339872339152,12.536530590597694,4.141729951791776
1112,0.12245119450692672,0.16506486319846345,17.42286622324447,4.261366869153672
1113,0.1504080420858753,0.21653034823834771,22.49992277924131,6.612230615247242
1115,0.15121663747453576,0.21025889784626026,15.405212658438305,5.9042260371724495
1116,0.1475177565134807,0.19237767164370398,19.57294347781322,4.485991513022328
1117,0.12025146332444221,0.16512085873704885,19.580332582281624,4.486939541260663
1118,0.2002037635535974,0.2612318152536574,15.199588017882949,6.102805170006001
1119,0.12956808641860149,0.18295512123469007,13.995907181000277,5.338703481608858
1120,0.1622798445351503,0.2125295873381193,11.931887497097705,5.024974280296901
1121,0.13350005173891238,0.20766614149440507,8.719239135070577,7.416608975549269
1122,0.11641644260117294,0.18748498903979094,13.88290930455427,7.1068546438618
1123,0.14339726448018092,0.1974744117607747,15.15939398052324,5.407714728059379
1124,0.11622759268434951,0.1961761492953459,9.354871737592596,7.994855661099639
1125,0.14803565945485953,0.19615333634285367,16.12345786169973,4.8117676887994145
1126,0.15859718393896066,0.20463526499916887,15.716668210877426,4.6038081060208205
1127,0.14128618312099525,0.18601109966930376,14.19130406577902,4.4724916548308515
1128,0.12992506541822918,0.20476826631455272,14.184265367614856,7.484320089632354
1129,0.12522774047690913,0.18364265039116823,14.211942656813203,5.84149099142591
1130,0.12664148946501486,0.18144758026880478,13.122171945701378,5.480609080378993
1131,0.11180576915800876,0.17030701636921783,18.30283412723226,5.850124721120907
1132,0.15232804487573223,0.20034016815235992,12.265925327085835,4.8012123276627685
1133,0.1709719246943643,0.22164101731886435,17.790384787873357,5.066909262450004
1134,0.08615760065246691,0.11562968088151411,14.997616481268828,2.9472080229047197
1135,0.09424474625127727,0.12534297454068236,15.789023906139743,3.109822828940509
1136,0.10264741775953662,0.1323638090855764,14.316027480650483,2.9716391326039786
1137,0.1148336921904254,0.1523312115828736,14.035734775838037,3.7497519392448204
1138,0.11416826199959622,0.14390988507958366,12.40508450733735,2.974162307998744
1139,0.11856429194930496,0.14808859023306317,16.15893788285325,2.9524298283758217
1140,0.09927598315293347,0.13195288794866267,15.107871771053837,3.2676904795729196
1141,0.10897576631247123,0.13989578641457154,11.091758584401902,3.0920020102100305
1142,0.10506459797311098,0.14301541692214187,16.5531184483924,3.795081894903089
1143,0.12019467784122585,0.1565086266733461,13.446848152365188,3.631394883212026
1144,0.13781621012912224,0.18502089558431922,11.762811511168536,4.720468545519699
1146,0.11280842569607658,0.165159376674753,11.95925614428559,5.235095097867642
1147,0.0981127532079523,0.1529544484726536,22.27177803792706,5.48416952647013
1148,0.12645331325834064,0.16645860034341972,15.917006134425549,4.000528708507908
1149,0.08944025730640565,0.15301197749437612,15.24568298625313,6.357172018797047
1150,0.09620669951601037,0.12713505133469571,16.962590432420342,3.092835181868535
1151,0.10926156384824091,0.19836585336666343,18.459980846960967,8.91042895184225
1152,0.04062911387880407,0.07338207410639865,12.558514554144228,3.2752960227594574
1153,0.12808673586957772,0.1614813704070217,12.912363966703122,3.3394634537443983
1154,0.09903630276831021,0.18538087004529366,21.145839132460374,8.634456727698344
1155,0.11188022479267229,0.15647623399996724,10.787178103181084,4.459600920729495
1157,0.14129973870943832,0.1869856078257317,14.119855154359806,4.568586911629338
1158,0.12753924202164066,0.1603965509895191,15.29522995157999,3.2857308967878445
1159,0.13143169136041696,0.17370459570660637,9.721643965978721,4.227290434618941
1160,0.12518396802567505,0.16862208976021179,14.24814685870157,4.343812173453673
1161,0.11152249274426478,0.15114278154740177,13.535683168316837,3.962028880313699
1163,0.13174592650969433,0.17980903074399546,16.763241385388206,4.806310423430113
1164,0.10532449239833792,0.1637239314256694,18.43817872614517,5.839943902733149
1165,0.12284586715430046,0.1561054912489904,13.850587493976807,3.325962409468994
1166,0.14283171152884508,0.19702602447130438,14.803408468267598,5.41943129424593
1167,0.11946918437157446,0.16492127923286642,16.764370032881803,4.545209486129196
1168,0.13061250992814136,0.17688447456532827,14.940993014436344,4.6271964637186915
1169,0.09634467124704466,0.12854145427610755,14.936304258453049,3.21967830290629
1170,0.11474898482149526,0.16330098467716192,7.539647968553442,4.855199985566666
1171,0.11413477424168074,0.15420643002113235,7.004400523738408,4.007165577945162
1172,0.09536918130609622,0.14648972133827506,10.014870395087572,5.112054003217885
1173,0.10314651529157969,0.1458082534406436,10.003024814411221,4.2661738149063915
1174,0.0905747358636181,0.14311639029742076,9.703562280991228,5.254165443380267
1175,0.08553939039392616,0.12576212824797187,9.574907922636044,4.02227378540457
1176,0.06290070365123727,0.09229618636917715,17.079959939573097,2.9395482717939876
1178,0.09502346319653467,0.18335292207612305,5.464498496416392,8.83294588795884
1179,0.10441901013732079,0.1552033307513481,12.1116375388284,5.078432061402731
1180,0.08762235399122682,0.13593737705204892,3.0902153575228297,4.83150230608221
1181,0.08464663499791458,0.12788569948945996,15.705699849304144,4.3239064491545385
1184,0.08947912298572884,0.13128007836418515,14.187852305264492,4.180095537845631
1185,0.0812843992692202,0.1342004112684727,9.778984012675762,5.2916011999252515
1186,0.07116383005199614,0.106728100539471,19.561021778400512,3.5564270487474863
1187,0.08443030486916785,0.12675336665171294,14.770196067105434,4.232306178254509
1188,0.08282362331194208,0.11125845958678926,24.74065554346454,2.843483627484718
1189,0.09215288947146134,0.1540883234231957,18.692102586657143,6.193543395173435
1190,0.08881981721032149,0.12329012144918959,20.32905303197383,3.44703042388681
1191,0.07503687791416125,0.12472105040341563,17.747533484301915,4.968417248925439
1192,0.09033420965207216,0.14622109026674393,16.932835485177034,5.5886880614671774
1193,0.09532375564830115,0.15173696333094627,15.78000618600337,5.641320768264513
1194,0.0865456124322949,0.15848143413009286,8.650842857644214,7.193582169779796
1195,0.10615586654130892,0.1789231422639291,9.171622377068323,7.276727572262019
1196,0.08224789315148856,0.14570128847225197,16.97977931762584,6.345339532076341
1197,0.07693719923301215,0.1239302703494632,16.349919191706718,4.699307111645106
1198,0.12242215326595236,0.15175764725992066,16.51213193164267,2.93354939939683
1200,0.15905906275855738,0.22167801155566733,9.122141541129292,6.261894879710994
1201,0.1585074004049136,0.20733703632156616,14.750600256350088,4.882963591665257
1203,0.16264726625408107,0.2065393599594554,11.068549883211842,4.389209370537434
1204,0.14567268003005782,0.1873127859468524,10.877028406560264,4.164010591679459
1205,0.164130835308668,0.20127963585840622,15.555880311278347,3.714880054973821
1206,0.1805811454486327,0.2120914855746022,13.849832647175875,3.1510340125969485
1207,0.15618580181357553,0.18875659071501663,18.31259892857997,3.2570788901441103
1208,0.15130141765882474,0.22902094104037052,19.049314650399296,7.771952338154578
1209,0.16012931532178168,0.20185420556198694,13.43163018381257,4.172489024020526
1210,0.2012785883563698,0.25800772894651286,11.328935938397212,5.672914059014306
1211,0.1405724965790608,0.17215632272429585,18.0469792624657,3.1583826145235054
1212,0.14229639443077127,0.17406452598819622,17.190801043351,3.1768131557424946
1213,0.17780747875191952,0.21274488687816154,12.49494584837545,3.493740812624202
1214,0.15387594298905455,0.19552848343891394,6.186031613604892,4.1652540449859385
1215,0.18578124479464417,0.2194336000421113,11.607670122260206,3.3652355247467125
1217,0.1595496433276173,0.2006078347303977,15.3032415808676,4.105819140278038
1218,0.15795816910752528,0.19593724968515025,12.678516612825419,3.7979080577624975
1219,0.18988493421866215,0.22776678741928347,9.625444790437964,3.788185320062132
1220,0.18289664549443177,0.2373099335597149,21.981633602281782,5.441328806528311
1221,0.1548791180687533,0.1785490483343258,23.43155276447153,2.3669930265572514
1222,0.17738035385364256,0.24031922780369738,10.552057041361795,6.293887395005482
1223,0.16063556400130172,0.20494981468547105,8.232274315849164,4.431425068416933
1224,0.08999695666606394,0.12121036965578076,17.780276100688507,3.1213412989716818
1225,0.10371918014750812,0.14158786809768673,15.636964455779045,3.78686879501786
1226,0.110153361285338,0.14738572346490328,17.10436131987858,3.7232362179565284
1227,0.09826170490869592,0.1389781224413839,15.867955795990053,4.0716417532688
1228,0.11143643398601681,0.14699148053413597,18.231208376141694,3.5555046548119154
1229,0.10154549215181964,0.1374486074047984,15.477136542667047,3.590311525297875
1230,0.09513206173938034,0.13188470406149136,16.98049812498399,3.675264232211102
1231,0.09587676497808179,0.126558887171606,15.966432963229838,3.06821221935242
1232,0.11034990806401185,0.15104981411911703,14.935938142019346,4.069990605510518
1233,0.08797758759645558,0.12180618859158175,16.95767809091644,3.3828600995126177
1234,0.0976698221585615,0.130734109220612,16.639172651111743,3.3064287062050486
1235,0.10640092641275374,0.14416122769572326,18.049829371369896,3.7760301282969517
1236,0.09412121901868213,0.12880648338856868,16.825063223899207,3.4685264369886544
1237,0.1112064468736881,0.15707920676662515,19.076186606481315,4.587275989293706
1238,0.09750722164037712,0.13311487060539576,19.850253156253174,3.560764896501864
1240,0.1130700133180332,0.176569831405856,24.112056973509155,6.349981808782281
1241,0.10568195262075147,0.14776921045865873,19.354692289965982,4.208725783790726
1242,0.1178793433254161,0.17081991731963486,18.94361199537704,5.2940573994218765
1243,0.09355244302060572,0.13625646382275117,20.98964436495343,4.270402080214544
1244,0.11264037185750218,0.16416282881578678,15.184615887758767,5.1522456958284595
1246,0.101432950010434,0.14585322483607435,18.059646074483695,4.442027482564035
1249,0.09972055838371204,0.14608885339092484,18.07393286305212,4.63682950072128
1250,0.1336158944636035,0.17098101190006498,18.704659421554126,3.7365117436461484
1251,0.1159476638698647,0.1801803016515466,16.649572402634917,6.423263778168191
1252,0.0954193686835579,0.1354304056696082,21.939083902209134,4.001103698605031
1253,0.12516683969683376,0.17673972095157833,15.287743104080942,5.157288125474457
1254,0.11291964305313029,0.1587450614330624,19.829892966360863,4.582541837993212
1256,0.11448596083178508,0.15152802961143352,17.56200237942711,3.704206877964844
1257,0.1196637778563821,0.16529215059217275,19.345097402826482,4.562837273579065
1258,0.09165935259077533,0.12647487833428508,17.381285270899216,3.4815525743509754
1259,0.0993387763267029,0.13979559637866806,14.821283305767285,4.045682005196516
1260,0.1011233923486224,0.1331365523190984,15.194521605174582,3.2013159970476006
1261,0.09411331885896136,0.13741960766048308,12.494731723131803,4.330628880152172
1262,0.09955199798659446,0.14312544032794144,14.427391903511143,4.357344234134699
1264,0.08202612637933131,0.14295798771261553,13.27240401982559,6.093186133328422
1265,0.09255289997360554,0.14397332632382423,9.29515557093612,5.142042635021869
1266,0.11129310935646895,0.15276656386055995,7.861797021204908,4.1473454504091
1267,0.026265828222533403,0.127144579899678,10.495608948651004,10.087875167714461
1268,0.10594881251920833,0.14710591790979524,11.742043348154251,4.115710539058691
1269,0.0908173505436924,0.14591682475507753,10.031243026110248,5.509947421138513
1270,0.10723247153511867,0.15677165361810327,13.070516379789021,4.953918208298461
1271,0.09519894538767965,0.1530712567119211,13.615570353322903,5.787231132424145
1272,0.10135746638578214,0.14926076194157045,9.752821063944106,4.790329555578832
1273,0.09223933701153879,0.15863344077156674,14.067250983368297,6.639410376002795
1274,0.08877486115431295,0.12819809509839994,10.60547970824761,3.942323394408699
1275,0.09447557777898384,0.14827688948950504,16.19825805872317,5.3801311710521205
1276,0.06976004715665725,0.1365326794315371,5.148441277060534,6.677263227487986
1277,0.08388269369139072,0.15132958161920942,7.677994158940882,6.74468879278187
1278,0.08555299206991396,0.13324662387488942,11.040544828533406,4.769363180497546
1279,0.10889307873489075,0.15048275723995655,12.756993179796371,4.15896785050658
1280,0.10213498220826779,0.14381574102018105,11.798848354397773,4.168075881191326
1281,0.13241386119019724,0.17282569521144941,9.31034786592888,4.041183402125218
1282,0.03987498941516654,0.1361273990740956,11.552449547172516,9.625240965892907
1284,0.09580063112926375,0.14289708230805878,11.630659825366818,4.709645117879504
1285,0.11375125221719745,0.15498338840629924,9.960005307352592,4.123213618910179
1286,0.11926619466127246,0.16677852261725704,12.49670636033693,4.751232795598457
1287,0.10105908677941398,0.15630393422705702,8.382844411437063,5.524484744764304
1288,0.1107570101077725,0.17176328780007308,9.269465694395373,6.100627769230058
1289,0.06800605953876154,0.1147546551829333,10.521716174020689,4.674859564417176
1290,0.09042073637675864,0.14763381958882618,12.321679816203313,5.721308321206754
1291,0.0823018493603147,0.15660442460949578,11.9978556814605,7.430257524918107
1292,0.10551391748806778,0.17211063742462338,10.206558689141708,6.65967199365556
1293,0.1037793373255772,0.15005043124452302,11.101552931152426,4.6271093918945825
1294,0.09419666140093429,0.13835269907694833,12.962448201097331,4.415603767601405
1295,0.09190957120210648,0.14858137851187478,5.237364677365841,5.66718073097683
1296,0.0961838409198828,0.1401047415706297,15.23191024416084,4.392090065074688
1297,0.03415866570218141,0.13565446459846872,11.131410994264312,10.149579889628733
1298,0.08679396514854647,0.1314862496757281,11.504428643804276,4.4692284527181645
1299,0.08341902505967065,0.13074006481850006,10.650469460846,4.732103975882941
1300,0.08919129692769025,0.14883487292632283,11.546178880035907,5.964357599863258
1301,0.11363136708594895,0.16808861225358077,7.336228442085679,5.445724516763181
1302,0.08841382384639788,0.1281756026587214,10.708338996873712,3.9761778812323527
1303,0.10903370590047327,0.14368586693507948,18.807509679304534,3.465216103460621
1304,0.12540712202300866,0.1698380333266226,11.803144782519915,4.443091130361393
1305,0.13174959106658554,0.18952180514132144,3.3521401515804294,5.77722140747359
1306,0.1476440967639631,0.18489424878134217,13.373499475101557,3.725015201737908
1308,0.140946508045485,0.17838359640969592,15.60121267639425,3.7437088364210918
1309,0.14772000066799496,0.22113041483617302,10.089688026691434,7.341041416817806
1310,0.12816865755978468,0.1651876811990096,14.208701772250487,3.701902363922491
1311,0.10715940373622056,0.18720391637481973,17.934256333224695,8.004451263859917
1312,0.13497510792816783,0.17832708629148183,18.57102646676545,4.3351978363314005
1313,0.12216929412567284,0.1927143706549226,18.44246878239888,7.054507652924976
1314,0.12609805784312186,0.19424413123054488,19.184918979034716,6.814607338742301
1315,0.12222413450863907,0.16781637092965385,21.890447991761075,4.559223642101477
1316,0.14873202549738904,0.19950819528491795,16.723047727630735,5.077616978752891
1317,0.13851651686146507,0.1955214862260832,16.364371534195943,5.700496936461813
1319,0.07720301701004549,0.1626112937494957,19.013989745493376,8.54082767394502
1320,0.13656201385068023,0.1777656347312124,16.144630692188123,4.120362088053217
1321,0.13786993195680283,0.1830479070800944,20.586130394331924,4.5177975123291585
1322,0.14719779547405767,0.2160904633400581,21.558675070001776,6.889266786600043
1323,0.12275879669855516,0.18599792078292332,12.805908298651868,6.323912408436816
1324,0.08353185975829676,0.15412447374650262,20.8214688785316,7.059261398820587
1325,0.1456719486749995,0.22749230047838162,17.266092961209488,8.182035180338213
1326,0.07333626393631076,0.15031975371467998,18.557131683731498,7.698348977836922
1327,0.09498374705700384,0.17715613759012247,19.26448528033,8.217239053311863
1328,0.17617396919752015,0.22881987293338002,7.953540899151101,5.264590373585987
1329,0.14475801515003714,0.20171948181975582,12.693957706473835,5.6961466669718686
1330,0.12868039688551688,0.1808459486046703,10.898411913468586,5.216555171915341
1331,0.16032000840191132,0.21907719214420793,17.525636416551116,5.875718374229661
1333,0.09154721511168255,0.12771522272383148,21.935523356335217,3.616800761214893
1334,0.10029751381909922,0.13695897046802546,20.06596190809016,3.6661456648926243
1335,0.08336810282492198,0.13131203728924504,20.66892669360123,4.794393446432306
1336,0.08704928183434961,0.15313783249841476,5.881062214239052,6.608855066406514
1337,0.0915239168058457,0.13995155592697225,5.214719719101901,4.8427639121126544
1338,0.09418560907696112,0.14181788129815054,10.287752402714133,4.763227222118942
1339,0.08442156381422578,0.1347324949504822,7.0430935931209415,5.0310931136256425
1340,0.115254053397654,0.16283558562812328,11.353074726405211,4.758153223046928
1341,0.09787796437019607,0.1426829533093496,12.798533659000055,4.480498893915354
1343,0.09369400210430383,0.1433978784501456,12.254688383562161,4.970387634584177
1344,0.12802375523055112,0.18039544540791475,11.886906635036665,5.237169017736362
1345,0.10554715140438414,0.15377041729173524,13.423825552465974,4.82232658873511
1346,0.1144674559971826,0.15981806476584068,13.191502943147771,4.535060876865808
1347,0.10826885249484881,0.16642120047971168,13.219689023111037,5.815234798486286
1348,0.13527463939896173,0.1726377663090158,11.221414308857325,3.7363126910054083
1349,0.11867589538372848,0.18067679666622996,10.239281692096448,6.200090128250148
1350,0.09571704428171779,0.14238063958751493,10.165175073204935,4.666359530579714
1351,0.0885730416059294,0.14444789675714534,17.318470544276998,5.587485515121594
1352,0.0872464079381594,0.1443473916079979,12.447559791026741,5.71009836698385
1353,0.12809024946616618,0.1916321964809009,12.932854127445935,6.354194701473473
1355,0.09748772386111405,0.1517911453439709,13.818432282986691,5.430342148285685
1356,0.1010639088591234,0.14319908405507478,13.709408053442207,4.213517519595138
1357,0.0880252062879414,0.14342724205331833,16.521265669277696,5.540203576537693
1358,0.09743387481824867,0.14565111883150508,11.028164234815051,4.821724401325642
1392,0.1475599032709119,0.18736718950203254,14.641283808232863,3.9807286231120647
1393,0.15431342037864101,0.1995556650248529,17.33420803604084,4.524224464621188
1394,0.14415365698066637,0.18166574414379022,18.626000836039736,3.7512087163123846
1395,0.11988730044432626,0.1489492867570054,16.125402616216956,2.906198631267913
1396,0.13154583932601968,0.16337653826244394,16.602322029292417,3.1830698936424264
1397,0.12788498942239565,0.15871253353035805,16.40891503794002,3.08275441079624
1398,0.12677422936306754,0.1590480990077727,16.337325857574747,3.227386964470516
1399,0.12618487619185384,0.1562054456753862,14.671580172058118,3.002056948353235
1400,0.13815499296043598,0.16738279947882986,16.565830624009294,2.9227806518393877
1401,0.14021483131215431,0.17538578582408634,20.966668599562066,3.517095451193203
1402,0.1316652257231896,0.16171824296404694,17.78013392857143,3.0053017240857347
1403,0.12464216615420343,0.15826957145799195,20.20411917575029,3.362740530378852
1404,0.13163815585523805,0.1707844984471417,17.699661830215874,3.914634259190364
1405,0.17206739765137977,0.20229251937121132,21.299581465508098,3.0225121719831547
1406,0.14083952196562058,0.1747776848082653,17.562807851627404,3.3938162842644726
1407,0.11688816209055086,0.16008012921089945,19.278999432240052,4.319196712034859
1408,0.13217095814931226,0.162407955381494,16.95511997757999,3.0236997232181735
1409,0.13384615061741972,0.16365939228218276,15.38894147308374,2.981324166476304
1410,0.10991236431400153,0.15287514980775616,26.18163608596533,4.2962785493754625
1411,0.12933912261915143,0.17473073435719289,27.946053088920976,4.539161173804146
1412,0.1583596127653207,0.21225426410052103,13.745261184434288,5.389465133520033
1413,0.13213216291968524,0.17215072344769966,15.636064854627186,4.0018560528014415
1414,0.14313284069674356,0.17418955949363815,15.23050185564725,3.105671879689459
1415,0.16611899700728133,0.21025833256659218,14.013559590833413,4.413933555931085
1416,0.12913201370505256,0.18465251137488306,12.05319217059062,5.55204976698305
1417,0.16551373180849138,0.21644953549054713,13.129122160989692,5.093580368205575
1419,0.1619271583619089,0.2082517989562439,14.216352003768096,4.6324640594335
1420,0.14392302296781778,0.1948681425635493,9.246901416613529,5.094511959573153
1421,0.12854304831359545,0.18440335108935005,17.371995717057096,5.5860302775754604
1422,0.1483155333736237,0.18739774042253307,15.80961071433704,3.9082207048909385
1423,0.15632022954460253,0.19907178616904664,16.79082371335321,4.27515566244441
1425,0.14706632467567773,0.1985266265783415,10.081526709578537,5.1460301902663765
1426,0.18456745744527833,0.2298798938133031,15.660765872577853,4.531243636802476
1427,0.15426759442747048,0.19904853311928497,15.96793328104491,4.478093869181449
1428,0.16029374040780076,0.20930323215474245,13.753785854266876,4.900949174694169
1429,0.15405820333456466,0.18761038151267975,12.925600407258786,3.3552178178115093
1430,0.07348058947734742,0.10176684153972938,9.299933177565167,2.828625206238196
1431,0.08564138653075785,0.127398335736187,7.071935837042198,4.175694920542915
1438,0.0952169678753106,0.13605999234170266,17.933850045851507,4.084302446639206
1439,0.12213509498420583,0.1455613188626225,14.487305569493225,2.3426223878416668
1440,0.15294154181230055,0.18273292419993428,16.04304088558277,2.9791382387633734
1443,0.12374872774801793,0.14748285173410594,16.567634278930665,2.373412398608801
1444,0.12060984717565415,0.1434072431052901,16.264518385123594,2.279739592963595
1445,0.13343606122602358,0.15875602820865434,16.235522006130477,2.5319966982630753
1446,0.1393115799321941,0.1659944680402686,18.744909972227774,2.668288810807451
1447,0.13172134264801375,0.16419955707874018,16.83082637817954,3.247821443072643
1448,0.12677798607512222,0.15052319434246259,14.642671721623213,2.3745208267340363
1449,0.1364790138365747,0.1744541637652124,14.734608739246035,3.797514992863768
1453,0.1492489736906494,0.17242430265424455,19.2971593489742,2.3175328963595145
1454,0.1513820093629146,0.16856717510666094,23.68450704225351,1.7185165743746345
1456,0.11798179928030439,0.14080620265510244,14.917191116695271,2.282440337479805
1457,0.1152664589466591,0.14323087517971647,16.19576727696863,2.796441623305737
1459,0.12402467513682015,0.14702358708466148,15.592364425162675,2.299891194784133
1461,0.12974175088753737,0.15568324382257082,16.104179225261973,2.594149293503345
1463,0.14062320102795903,0.17256873171643508,18.441715269391846,3.1945530688476054
1464,0.1326658887778226,0.15844098397720793,16.955945189332546,2.577509519938534
1465,0.12392685856013563,0.14909101226724294,15.609072609017538,2.5164153707107313
1467,0.12131311571624442,0.14601771729064103,14.85268555454049,2.4704601574396605
1468,0.1388716911997609,0.16346801590675913,19.84268988802773,2.459632470699824
1472,0.1304273296614502,0.1544909273130133,15.768246744878311,2.40635976515631
1473,0.1503104260703858,0.17937356511635114,14.470647013344418,2.906313904596533
1474,0.1716000812684948,0.20290601164856856,9.186249703704918,3.130593038007376
1475,0.11002059807602425,0.1327154882278746,12.518172302503405,2.2694890151850347
1477,0.15715097753186572,0.18549774152846962,19.61923012407678,2.834676399660391
1478,0.17176075711996475,0.2049194720711076,14.690527774882177,3.3158714951142865
1480,0.14118787506189795,0.1653458578354162,16.576443914638993,2.4157982773518243
1481,0.13361926453860115,0.15572046127722475,16.109027426760726,2.2101196738623594
1483,0.17807857740364808,0.19619400767513698,13.22064106234242,1.8115430271488902
1484,0.14465527230615602,0.16845190761050063,18.300506545334592,2.3796635304344615
1486,0.17865292544964342,0.21382396223381886,17.45409863310783,3.5171036784175436
1488,0.12424860083123739,0.14824151165893326,15.28291306709657,2.3992910827695875
1489,0.1527404533747527,0.183918049896082,17.466630401872084,3.1177596521329285
1490,0.13863641354378997,0.1696687548263217,17.840103639645545,3.103234128253174
1491,0.1433969298700983,0.17117377314084029,17.61751277667787,2.7776843270741978
1492,0.12594929695789975,0.15542270464879984,18.39523186920622,2.9473407690900095
1493,0.1301867067160826,0.15610416836368562,15.679645906533214,2.591746164760303
1494,0.18122906952034815,0.22353102353160634,11.22926293462616,4.230195401125819
1495,0.14994495627134333,0.1760800049860035,19.61888071438944,2.6135048714660187
1496,0.13007532128065272,0.15542736182034572,17.04962886023358,2.5352040539693004
1500,0.13651213761894418,0.1618343185834189,15.805999668574145,2.532218096447472
1501,0.13630292856031012,0.16293602078236047,16.0271772529865,2.6633092222050347
1504,0.16218097449365668,0.19520384584069808,11.389957652083215,3.3022871347041405
1506,0.10796070020183436,0.13769276454129967,15.059915855563455,2.9732064339465305
1507,0.12550244851543235,0.15642081089884713,16.80591607181483,3.091836238341478
1508,0.13392807996604317,0.1704083100444936,14.033417330049836,3.6480230078450444
1509,0.13453506960964,0.16191881309700487,5.136657219661123,2.7383743487364858
1510,0.14558195489816658,0.18583500990926563,10.023296333274612,4.025305501109905
1511,0.14959193500592796,0.1805287611888454,9.209497990090675,3.0936826182917434
1512,0.14561765294883394,0.1779592826048778,15.325562963124018,3.234162965604387
1518,0.14455680204102916,0.17728636250385735,15.232336119096757,3.272956046282818
1519,0.1298382211703897,0.17049968766495172,5.481790972822065,4.066146649456201
1520,0.17943115184347483,0.2255873537759999,11.641533764055833,4.615620193252506
1521,0.15228728773493147,0.18292054044897324,10.966562163885541,3.063325271404177
1522,0.18253204587747196,0.2151433816939725,13.099306708329262,3.2611335816500553
1523,0.10385090878585641,0.13381944697634568,16.082179615347414,2.9968538190489267
1525,0.11633557931327938,0.15381944695890656,17.90846825781973,3.748386764562718
1526,0.13036587871315589,0.16550219657596857,17.655531642283506,3.5136317862812683
1527,0.10967674998335347,0.14400015448752737,18.16289029123215,3.43234045041739
1528,0.1364066741054392,0.18490614080624646,17.07536557930258,4.849946670080726
1529,0.12919884002184656,0.17902515450227893,7.996491694734309,4.982631448043237
1530,0.14059314018767352,0.18067452085786082,11.9149480341324,4.008138067018729
1532,0.13325100943751653,0.17930268565982974,14.137530697201717,4.6051676222313205
1533,0.11150689372102689,0.15747664653555474,15.69972597657079,4.596975281452785
1534,0.1622648281626532,0.20252332895405636,10.917196611971391,4.025850079140317
1535,0.1290156015062353,0.17535541031370117,12.971893056507678,4.633980880746585
1536,0.13877710104073773,0.18250384660915867,13.875836589281398,4.372674556842093
1537,0.12236548956168002,0.1767804122773632,14.873932623824215,5.44149227156832
1539,0.1280628107347338,0.16436373051114087,19.215621726769427,3.6300919776407063
1540,0.13185740001790772,0.16917079269681579,19.618066173322735,3.731339267890807
1541,0.15013575888440678,0.19584483776405381,13.451071086504541,4.570907887964704
1542,0.15974364141880446,0.20732585881107457,14.109552615834598,4.758221739227012
1543,0.12817330397202767,0.1740592142837802,12.230908044067146,4.5885910311752545
1544,0.12171390309212887,0.17313428652774546,7.252894423455203,5.142038343561659
1545,0.14543978424029844,0.17906362944127352,16.020165668253505,3.362384520097508
1546,0.12882683585804064,0.18127510961451518,14.10404201946729,5.2448273756474535
1547,0.12818207281774543,0.16969550307270323,17.59022224684157,4.1513430254957795
1548,0.13710356233421014,0.18233446016686305,18.405997832108856,4.523089783265291
1549,0.1562752124041308,0.206614141107772,10.50176482309071,5.0338928703641175
1550,0.13002819533744084,0.18198055275534908,6.989625612466432,5.195235741790824
1551,0.1403089729686072,0.17649066874895292,13.180712699587605,3.6181695780345717
1552,0.146497788618401,0.1757894324550983,15.888506385341472,2.92916438366973
1553,0.13465284964581212,0.17390335483862204,20.916143074985925,3.9250505192809926
1554,0.14011737465413862,0.1955552089698183,14.501946140468425,5.543783431567967
1555,0.1658369311043348,0.20926418767768448,14.856212967183225,4.342725657334967
1556,0.1651220858991212,0.21029178187319555,10.976632758096482,4.516969597407436
1557,0.12272587750645673,0.1736886817306805,18.088189014995137,5.096280422422376
1558,0.12163423865304658,0.17344899905618652,14.402309107708366,5.181476040313994
1559,0.14717316161214838,0.18956342420189407,19.50996096410673,4.239026258974568
1560,0.11862037222330789,0.1522488304564181,17.688567316295178,3.362845823311021
1561,0.12690045682635767,0.17143256903672277,14.151233568607125,4.45321122103651
1562,0.12637779599015664,0.16283008051506498,16.789193631087997,3.645228452490834
1563,0.14340305975256842,0.18261277355622305,20.141018828406377,3.9209713803654624
1564,0.15070441608463508,0.18572509728665265,13.207243460764584,3.5020681202017565
1565,0.11255814681151,0.1466109247224254,14.69375151635457,3.4052777910915406
1566,0.13125695420930253,0.15989569870084216,13.38990538600302,2.863874449153964
1567,0.16004296123611197,0.19593225323311314,13.585593986315448,3.5889291997001167
1568,0.13325979019603143,0.18748917087282022,15.474955269973268,5.422938067678879
1569,0.14692435890076203,0.18969780167211134,13.73859021180024,4.277344277134931
1570,0.1313324442521008,0.17057764312017312,13.029863285725195,3.9245198868072317
1571,0.12524464739458976,0.17116783383473935,18.954468541514192,4.592318644014959
1572,0.12740974622066403,0.16281938394261605,18.2971895361276,3.540963772195202
1573,0.12877070903977272,0.17246743461141448,15.675306796262035,4.369672557164176
1574,0.11468278417927256,0.16535935207721628,11.679925870891793,5.067656789794371
1575,0.11238265647706623,0.13782511233561767,18.11706940729558,2.544245585855144
1577,0.127047766766194,0.16012816680769928,15.247541190251447,3.308040004150528
1578,0.14354241437010432,0.1827899401417785,14.092042336338672,3.9247525771674177
1579,0.1647110748722419,0.21196252744160057,9.860585900111406,4.725145256935867
1580,0.13637165643827256,0.194010931818163,11.376899542830099,5.763927537989044
1581,0.1523251689992607,0.1936861822057245,13.53196293400556,4.136101320646379
1582,0.13877805632127668,0.188445287093948,14.114063589872995,4.966723077267132
1583,0.1503010473900674,0.18850640995071669,17.27202743369025,3.82053625606493
1584,0.16986151362749327,0.24727469953770767,9.236798291724103,7.7413185910214395
1585,0.12396864495556224,0.17310920974438568,5.437006830761981,4.914056478882343
1586,0.11104774750329931,0.14701893594954082,19.532953563524757,3.5971188446241515
1587,0.14231332265190846,0.1832666745447182,12.55126989004529,4.095335189280974
1588,0.12459360149117309,0.16819263785105645,16.33477563519863,4.359903635988337
1589,0.18391745805889262,0.21885986741232225,13.360452387275634,3.4942409353429627
1590,0.15635896473954095,0.21024855367464543,11.097910515646635,5.388958893510448
1591,0.14771940619906065,0.19044734913710956,14.645822968887522,4.272794293804891
1592,0.12574880361791882,0.15929254305745813,13.807137401784875,3.354373943953931
1593,0.15201172625046705,0.1934048245773171,12.052345235579963,4.139309832685006
1594,0.151948405377111,0.1889609372132569,8.832799459268848,3.701253183614592
1595,0.15829008468491737,0.20418170223960366,15.945802749922455,4.589161755468629
1596,0.12337416185949046,0.19518731169500417,12.967387618442539,7.1813149835513705
1597,0.09276684041389932,0.12413640409824019,16.18998990967333,3.1369563684340864
1598,0.1010174075461326,0.1360177648497816,16.881809537469405,3.5000357303648992
1599,0.10675346855394506,0.14412800637706893,19.70906286062075,3.7374537823123872
1600,0.10814557402996063,0.14315603383187273,22.792883145955358,3.50104598019121
1601,0.12223787279553729,0.14661046697228097,19.896600898009286,2.4372594176743685
1602,0.11333935408850639,0.17126689434496842,18.32506577561532,5.792754025646203
1603,0.1038746766977593,0.14276389112298268,17.68626586327673,3.888921442522339
1604,0.12367740944817755,0.15914579953733965,21.827399771762114,3.54683900891621
1605,0.12455234350481803,0.1665882949722618,13.996475861361057,4.203595146744377
1606,0.10784826958807799,0.16148130696921273,14.429171777853433,5.3633037381134745
1607,0.12826629137394593,0.16583463689555847,10.156995100707666,3.756834552161253
1608,0.10600510782959847,0.15672989757924466,16.542689821856293,5.072478974964619
1609,0.11144096720549901,0.15349338632402929,15.833236138440654,4.205241911853028
1610,0.1302578576870238,0.16767397817076368,14.018323195273164,3.741612048373988
1611,0.12267727969684428,0.16946923696506588,17.42521269783186,4.679195726822161
1612,0.13166095700970426,0.18226349606587214,15.153545627968112,5.060253905616788
1613,0.14526707530743577,0.2019428566008075,10.099821838051648,5.667578129337173
1614,0.12440485921054788,0.16915321397678887,15.93488862307506,4.474835476624099
1615,0.11800079642082828,0.1525596308722049,20.144858577848268,3.4558834451376614
1616,0.14308316069173038,0.18409852053346673,18.20927697808452,4.101535984173635
1617,0.17968817580844978,0.2204917501306282,13.860059350869292,4.08035743221784
1618,0.1438313019987019,0.17922433278561437,13.590901913663679,3.539303078691247
1619,0.12423083339651823,0.16916270828015553,14.268040029575623,4.49318748836373
1620,0.11097146546303205,0.14172131492325726,18.34128560504449,3.0749849460225214
1621,0.10717896130488608,0.15094603348971972,15.170888796601911,4.3767072184833635
1622,0.1317424197924488,0.18897965130540176,7.218052101972994,5.723723151295296
1623,0.11588057684825824,0.16235482511683466,16.88727753645496,4.647424826857642
1624,0.11042584669258275,0.148092106537083,14.522215234360548,3.766625984450024
1625,0.09959638421412083,0.14567562489001698,15.639522819546059,4.607924067589615
1626,0.14796959621451886,0.19299000160158072,12.272200080133278,4.502040538706186
1627,0.1463202355388064,0.18258600543129286,12.732102712499916,3.626576989248645
1628,0.118241384695262,0.170769446523259,18.173781934516086,5.2528061827997
1629,0.1183405818563713,0.16881388511818507,18.474315783825634,5.047330326181378
1630,0.11053360311503574,0.17031540074009732,15.785393988897955,5.978179762506159
1631,0.13147166939231528,0.1734791885796287,12.291237611018158,4.200751918731344
1632,0.08381509577062347,0.11813287055878174,15.868131626171088,3.431777478815827
1633,0.100085755332542,0.16227275805479321,8.603382569058704,6.218700272225121
1634,0.11320191463462244,0.15971799482504814,20.332391867603448,4.651608019042571
1635,0.08791468664476663,0.1640919390474318,10.931245987186312,7.617725240266517
1636,0.07769345232028632,0.15397260364623355,16.33137623064007,7.627915132594723
1637,0.1153523911800448,0.1700481125798621,11.618008118211698,5.4695721399817305
1638,0.11505514788146086,0.16287109946365705,12.48229331280859,4.781595158219619
1639,0.10972414439900076,0.15216591093130413,12.02079909739766,4.244176653230338
1640,0.08681875374116245,0.15543343825217792,13.514302262410949,6.861468451101548
1641,0.1114786546710453,0.1605566571676532,11.492969940287988,4.907800249660789
1642,0.1293192291070805,0.16251839321766462,9.477212379750144,3.3199164110584127
1643,0.11405735804390128,0.1636599137173388,12.389631360153896,4.960255567343751
1644,0.09503558008811519,0.15527243025442597,10.953237410071948,6.023685016631078
1645,0.0970976950228788,0.15598097811040768,13.429463128453524,5.888328308752888
1646,0.1046294807095482,0.15099454361469986,12.57584310866735,4.636506290515166
1647,0.11024204014554338,0.15498386745981055,11.2947658402204,4.474182731426716
1648,0.11140788013871028,0.1706548434622054,9.30405941445791,5.924696332349513
1649,0.08114013185107413,0.14832798279035944,17.181413656589896,6.718785093928531
1650,0.11475417376074415,0.1775654803270601,5.340732810417537,6.2811306566315945
1651,0.10460921153187037,0.15602093108485282,5.724463806098057,5.141171955298245
1652,0.10017418769634691,0.14729422323926797,13.239992281138102,4.712003554292106
1653,0.09362020946527354,0.14685343196273956,9.146328420782446,5.323322249746602
1654,0.09638329887507018,0.14351397327039006,12.926199136553684,4.713067439531988
1655,0.12218562006126381,0.1669570863375414,13.745987001800962,4.477146627627758
1656,0.10455140303843428,0.15421971452173608,8.689558212147874,4.966831148330179
1657,0.10427589345954467,0.16850579078879377,13.541676280838422,6.4229897329249095
1658,0.11454959782753592,0.16939321116631353,11.75537794405237,5.484361333877762
1659,0.11200154335747799,0.15273734739844474,13.987359676026557,4.073580404096676
1660,0.1247150439996512,0.17760637764673678,16.332178468818668,5.289133364708558
1661,0.09889657467846713,0.14165451361557474,10.895491302261128,4.275793893710761
1662,0.04922656703346446,0.16186449488449223,21.503098282565137,11.263792785102778
1663,0.11856440984142529,0.16077361758782172,11.843187692873025,4.220920774639643
1664,0.09886355771696685,0.15715912266479512,13.21979021134101,5.8295564947828264
1665,0.0897479393841077,0.12757102335258239,18.520923372536814,3.7823083968474682
1666,0.12408375735840832,0.16958685964473388,12.807244501940485,4.550310228632556
1667,0.12397084544207194,0.16224000202001168,19.52798340928461,3.8269156577939736
1668,0.10711950986591208,0.14598890650161286,19.335835838900685,3.8869396635700784
1669,0.12187395770156904,0.16518612943057134,9.556135770234997,4.33121717290023
1670,0.12702759170516117,0.17021004095299655,17.17745387657188,4.318244924783538
1671,0.14939137262772242,0.18523542358162812,16.204156878099706,3.5844050953905695
1672,0.10841612469934564,0.14408605362636476,20.364422733069286,3.566992892701912
1673,0.1091000655004209,0.14997613320471972,22.816831234713277,4.087606770429883
1674,0.10419328342545507,0.14828839205107788,13.487348119498632,4.409510862562281
1675,0.1105296140199369,0.15205186777673743,16.951655137675004,4.152225375680054
1676,0.12998478200685595,0.1707410329366079,6.041745926798736,4.075625092975193
1678,0.13412971281709593,0.1905342921791117,19.194798772417208,5.640457936201576
1679,0.1296669075779837,0.1687787178992404,11.36661695428829,3.911181032125671
1680,0.13601937291426286,0.18830524463440623,20.635833697131577,5.228587172014337
1681,0.12142864052068515,0.19435241005003043,13.633228288948708,7.292376952934528
1682,0.09734105311699243,0.14155695221605916,11.753587120777631,4.421589909906673
1683,0.127511326812192,0.16467460619324967,13.195516552522024,3.716327938105768
1685,0.11067346695064778,0.15951246326684898,12.45636227912943,4.88389963162012
1686,0.14708577700051997,0.19789256302009814,8.77653115741417,5.080678601957817
1687,0.11193257605779634,0.1606573111159331,9.818855120580828,4.872473505813675
1688,0.13031831891454834,0.1908134458099918,15.215416291927063,6.049512689544345
1689,0.1290194702939193,0.17938533746618593,13.000277330005371,5.036586717226663
1690,0.12411583169267604,0.17759235290239983,11.892011364316613,5.347652120972379
1691,0.11172141454799628,0.1648623463787983,11.584811004174234,5.314093183080201
1692,0.14270574505491532,0.19736444815831444,15.551034122302699,5.465870310339913
1693,0.09618177169461288,0.14406471781841534,11.865409581373566,4.788294612380247
1694,0.11479605214457807,0.17804361592426096,9.910714701133848,6.324756377968289
1696,0.12908999467284943,0.18217921649634436,13.101012756929276,5.308922182349493
1697,0.1088930734143469,0.17496293981121822,11.281409703018763,6.606986639687132
1698,0.14604817796412053,0.18887443687955954,12.011033210495725,4.282625891543901
1699,0.11284329764822505,0.17802542493916307,8.076892767785026,6.5182127290938014
1700,0.1135400321000485,0.1554763145318022,9.866019187700225,4.193628243175369
1701,0.16335716462784475,0.2035296767781255,15.516692394813525,4.017251215028075
1702,0.13852030241064225,0.19944075412235285,9.006629932207645,6.092045171171059
1703,0.1149046803867792,0.16469473656303615,12.666460058977114,4.979005617625695
1704,0.13439669007080643,0.17707276716918816,21.23409960653264,4.267607709838172
1705,0.13572206572498716,0.18903083116619826,9.373911347072994,5.330876544121111
1706,0.12258898536387804,0.17213601715696505,9.352440063856537,4.9547031793087015
1707,0.10918109659465554,0.14170523376345268,17.46633454594646,3.2524137168797136
1708,0.15220124584239328,0.18850422046500995,14.656280668209366,3.630297462261667
1709,0.13158420683495983,0.16759389049855186,14.587504088976132,3.600968366359203
1710,0.16028276841963188,0.20637184577450898,6.793690903162686,4.60890773548771
1711,0.1633113707031137,0.19647470110528908,11.155676625937394,3.3163330402175397
1712,0.14926249672336708,0.20437714367057103,6.754650823025243,5.511464694720394
1714,0.16887342323444765,0.21712348474190524,11.994467102834495,4.825006150745759
1715,0.13012886897666165,0.18162975694954198,10.230829420970267,5.150088797288033
1717,0.17286693434358902,0.2180987095248469,17.49535253987031,4.523177518125787
1718,0.17751992313309342,0.2341107972434939,15.233149503229559,5.659087411040048
1719,0.14064942815774165,0.196661289844139,6.664753521244249,5.601186168639735
1722,0.14682597335648204,0.1949663750856986,10.653911838229835,4.814040172921658
1724,0.14005963890386056,0.16900166506058642,7.0143114580555554,2.8942026156725866
1725,0.15040415847528762,0.20984353589794547,14.786425117387347,5.943937742265784
1726,0.12357081131654668,0.1540464962810392,18.3684276815975,3.0475684964492515
1727,0.13880670418999336,0.18861334293636092,8.801231332841475,4.980663874636757
1728,0.15587782560632216,0.1976023927441901,8.469245107176127,4.172456713786793
1730,0.09766948714363592,0.16321640867808437,12.055408647531651,6.5546921534448455
1731,0.1439390062371361,0.20905544559632694,4.201005376273637,6.511643935919084
1732,0.14816710479688558,0.19181275491598493,15.7308194632116,4.364565011909935
1733,0.1413706694785204,0.19607885273460535,3.651588694963692,5.470818325608495
1737,0.17458329621056648,0.21461566942707447,11.137708931959601,4.003237321650799
1738,0.18542358360701727,0.23090928875110758,19.515219842164598,4.548570514409031
1739,0.17369604425429122,0.21698286682723622,11.082211295436784,4.3286822572945
1740,0.13148781898864495,0.17278067918467974,18.96038760641945,4.129286019603478
1741,0.16796090475617484,0.20999258452025574,20.945904202487387,4.20316797640809
1742,0.17497167518918674,0.23335081506452013,14.74632034632033,5.837913987533339
1743,0.1719630268642475,0.2015718091529475,16.548763166147108,2.960878228870001
1744,0.1545221471142829,0.20874122384718222,16.632548130939018,5.421907673289933
1745,0.13398868427422717,0.17047288448843764,13.722037729359226,3.648420021421048
1746,0.12718835342682794,0.17989925232175086,7.343990177555915,5.271089889492292
1747,0.1587163003513846,0.19567885227534634,14.45810996452308,3.6962551923961753
1749,0.13941950560414307,0.20237384411042805,11.579263727340795,6.295433850628498
1750,0.15443710434723773,0.20451896254839286,13.748160910639617,5.0081858201155125
1751,0.15071005110051985,0.21512772769768074,14.578302695123856,6.4417676597160884
1752,0.14669536607430225,0.1926158286547045,12.017059364575267,4.592046258040225
1753,0.1587053745690512,0.20090983940442983,13.752655909369537,4.220446483537862
1754,0.12073891571459276,0.18407308010370424,12.204361625883076,6.333416438911148
1755,0.16229728178119993,0.21672670698578264,11.51804800338121,5.4429425204582715
1756,0.15394906989421142,0.19679497517919187,11.125601412183329,4.284590528498045
1757,0.2151801120308017,0.26350837304943436,9.852729683793736,4.832826101863266
1758,0.1153994981249245,0.15159059702050803,18.296767429882777,3.619109889558353
1759,0.12956337786546515,0.1700301080538742,13.002780314228746,4.046673018840904
1760,0.13432735007025373,0.1798168796772935,13.37131225770487,4.5489529607039785
1761,0.17367708382250988,0.20580329328888133,19.5594643707768,3.212620946637146
1762,0.19524041101101394,0.2245714936394466,15.123916763261036,2.9331082628432648
1764,0.10661413542544096,0.13820530407343215,18.189410477464097,3.159116864799119
1765,0.12089171488308771,0.15549408167734594,18.532551026777355,3.4602366794258224
1766,0.12136173485451125,0.16542689687153286,11.914159329446639,4.4065162017021615
1768,0.1423574704640708,0.20380152735161805,12.722916143864381,6.144405688754725
1769,0.14065077550980357,0.177897982858505,11.005339537936077,3.7247207348701434
1770,0.13724380729466762,0.17725846718583782,14.497453852190834,4.00146598911702
1771,0.15979536170078193,0.1999495714904794,16.884802916189166,4.015420978969747
1773,0.15117688007108407,0.19635609723746414,13.239347219670261,4.517921716638007
1774,0.16396634637049876,0.2162678145332759,7.608643418923888,5.230146816277714
1775,0.13611577464151234,0.17767880434375175,15.242296901507979,4.1563029702239405
1776,0.14006894852990234,0.18292009507539275,12.755161389955205,4.285114654549041
1777,0.1347160392460121,0.16983736138152206,13.67398164911917,3.512132213550995
1778,0.13283714691328832,0.16591243407366865,14.885995480901947,3.307528716038033
1780,0.1349764689009958,0.18030555518483737,9.990381628536248,4.532908628384158
1781,0.14221414946225983,0.18329872674447187,9.478940884779119,4.108457728221204
1782,0.12440542600666417,0.15948751642150175,11.687858277116447,3.5082090414837577
1783,0.1154638425228608,0.14260719918555306,19.578349125590133,2.714335666269227
1784,0.14036356095199776,0.19141908536768046,9.488802034865685,5.10555244156827
1785,0.15569196244442499,0.19723316315464456,10.57340513938505,4.154120071021958
1786,0.1447019931771607,0.19557249851674205,10.089919404465753,5.087050533958134
1787,0.18406759636755946,0.22622109646735458,14.371049941821191,4.215350009979513
1788,0.13972608465944217,0.17675290169020422,16.243358051004254,3.702681703076205
1845,0.1177627242096333,0.1489109362212251,16.631783036887793,3.114821201159179
1846,0.14856510866551947,0.18233098479606621,18.578818963716248,3.376587613054674
1848,0.1678726997541705,0.20299960150703936,16.869403778839278,3.5126901752868864
1849,0.146203650076972,0.18618840550653945,16.607170427483986,3.998475542956745
1850,0.15073150839136037,0.19653340267725708,13.332058913749933,4.58018942858967
1851,0.18879291000634432,0.23714427021912257,17.43326851688174,4.835136021277825
1852,0.17116833336080037,0.20610659357723163,10.929263696860335,3.493826021643126
1853,0.16886665752692745,0.20811126076396602,12.941776144187767,3.9244603237038573
1854,0.17773909368014398,0.2306895625609654,15.39166695091585,5.295046888082141
1855,0.19579504466432932,0.22976220498514252,11.118961869539223,3.3967160320813203
1856,0.16394881461432792,0.2045175689096473,12.414090837255376,4.05687542953194
1857,0.18388924361487202,0.23967278892464813,14.779431750955329,5.578354530977611
1858,0.17399360244534975,0.20881346435944362,14.308756448605298,3.481986191409386
1859,0.17424637623398964,0.212698947757172,13.886520791891632,3.845257152318235
1860,0.19363555968215973,0.21801300983804572,16.19436319330536,2.4377450155885994
1861,0.15813000665608112,0.19694775345247098,19.196369595721197,3.8817746796389856
1862,0.17172454322316333,0.2077664102290502,15.049649103303842,3.604186700588688
1863,0.13345968176949916,0.16998138692073492,15.958556773140597,3.652170515123576
1864,0.1829178399723084,0.24062274175471657,12.198303217190531,5.7704901782408164
1865,0.18522843355680632,0.22478709946567474,15.0926248960904,3.955866590886842
1868,0.14996255686056123,0.20221409665919218,12.931765747232893,5.225153979863095
1869,0.17664985739686578,0.23502167119497372,14.73044550715288,5.837181379810794
1870,0.19724661362050636,0.2271613352496574,14.509167227656118,2.9914721629151044
1871,0.2032074357100341,0.2386393308543762,15.434557937484739,3.5431895144342085
1872,0.18539339348520478,0.22211717386347832,13.126020601079503,3.6723780378273534
1873,0.17610077034708813,0.21688397672005236,10.257585408672142,4.078320637296423
1874,0.10402044130349752,0.13636206275113508,16.761087355860504,3.234162144763755
1875,0.12251206579724055,0.16067942405328858,21.449910006865448,3.8167358256048027
1876,0.13474778590745487,0.16874718025163227,20.474770087500072,3.39993943441774
1877,0.12198128123999269,0.15413881248444364,17.670506625626636,3.215753124445095
1878,0.1377778883214624,0.1836712883872498,11.418335292489278,4.58934000657874
1879,0.1286866174739274,0.1630549113985069,17.72511619338688,3.436829392457949
1880,0.12821146841125428,0.17095131887618978,17.612878093822815,4.27398504649355
1881,0.11970963623950115,0.15608128116630854,18.227391954502004,3.637164492680739
1883,0.14301539202512353,0.18435777599989914,21.948192600541837,4.13423839747756
1884,0.14407870840369777,0.20156491386130357,19.230721692807794,5.74862054576058
1885,0.14748162273351026,0.18891043008074468,15.381696332679384,4.142880734723442
1886,0.14913821136285196,0.20780157920881648,14.779353421090114,5.866336784596451
1887,0.1377154353083617,0.18662937545841898,12.655013416833615,4.891394015005729
1888,0.16082121509639655,0.2103916838889119,15.90877330277538,4.9570468792515365
1889,0.1520905362384876,0.2130258146831914,13.569931557786141,6.0935278444703815
1890,0.12380264396470586,0.1597367100621561,19.567588550309047,3.593406609745023
1891,0.13708987489318028,0.19679746381821717,9.866699053115191,5.970758892503689
1892,0.1175389435972737,0.17267859714139766,10.87247283064472,5.513965354412396
1893,0.13903576757636174,0.19415507297155396,17.515493008864812,5.511930539519222
1894,0.17580042068918655,0.22408630418178554,14.521273097915422,4.828588349259899
1895,0.13440451336412207,0.18480013741088322,8.682532857223002,5.039562404676115
1896,0.14207430563189918,0.1913970352627912,14.935183117001305,4.9322729630892015
1897,0.11365921119030424,0.17206165157639294,12.061304367304881,5.84024403860887
1898,0.15271443952838193,0.212017501764898,12.139240708501697,5.930306223651607
1899,0.1390269986698782,0.18977368875294098,15.243177453056521,5.074669008306279
1900,0.14947557580655507,0.19031565297561195,18.260609578079112,4.084007716905688
1901,0.13899164505651945,0.1825050061414635,17.86843909224658,4.351336108494405
1902,0.1303790667185135,0.19554591059182114,21.484994278939595,6.516684387330765
1903,0.15297748143830187,0.2061582964357723,13.415928110904908,5.318081499747043
1904,0.1155539496445042,0.17131144893531103,8.201786542576261,5.575749929080683
1905,0.12233367159620867,0.16277776030130878,23.98781205552014,4.0444088705100105
1906,0.12858787411879832,0.16800424953330736,21.275986820379988,3.941637541450904
1907,0.1493349072891199,0.21413609792279673,15.825940895491053,6.480119063367681
1908,0.12950268408352208,0.1859181275368658,15.969381318819952,5.6415443453343705
1909,0.12986688444363095,0.17214130204607817,13.576742618658777,4.227441760244721
1910,0.15205539912803293,0.21931801984456675,17.282605036358724,6.726262071653383
1912,0.15477339596397063,0.19070109430095405,17.203534379106912,3.592769833698342
1915,0.1617882849362667,0.19494900620709932,16.022216270316747,3.316072127083261
1916,0.16364311377381072,0.1996720991208182,13.83909089322184,3.602898534700749
1917,0.14867776057435014,0.1853601772788259,12.587127438612589,3.668241670447575
1918,0.1247175622175196,0.17659456649358884,12.28608532538118,5.1877004276069245
1919,0.11120544909561215,0.1455965493803094,17.27113854273381,3.4391100284697234
1920,0.13947232513074104,0.1724258100436987,18.571783164973034,3.295348491295766
1921,0.14507287967500587,0.20010126683037366,13.150552201178867,5.502838715536779
1922,0.13183497454682389,0.16809441815193918,18.343785790305176,3.6259443605115296
1923,0.1611723860692438,0.21631768852614722,7.521208995547624,5.514530245690342
1924,0.1507023912341871,0.19744438502902253,12.806513131782493,4.674199379483543
1925,0.114628859503845,0.17718178205590382,11.757288203248685,6.255292255205883
1926,0.14862476801552596,0.18743440604824738,12.237040992537018,3.8809638032721416
1927,0.14782452302987664,0.1922191068189594,12.664155005382138,4.4394583789082755
1928,0.1562310955500503,0.20057294464380537,13.82802953375899,4.4341849093755075
1929,0.13449640864285714,0.17728233982187772,11.450222197074233,4.278593117902058
1930,0.133393191621985,0.17647004448156223,15.367105372071865,4.307685285957722
1931,0.15606261771370913,0.19651797247247751,18.750867152271944,4.045535475876838
1932,0.14360497415776266,0.1889241664177342,13.05008077544425,4.5319192259971555
1933,0.15269605287353036,0.2227487084675844,14.6888774660765,7.005265559405405
1934,0.1329942706026842,0.17668969046267483,17.156945010508817,4.369541985999062
1935,0.13150396063052278,0.18135838786781297,12.401229562298454,4.98544272372902
1936,0.1608872811901844,0.1986213329888579,15.001137759978178,3.7734051798673507
1937,0.1873543429414469,0.21911803772995586,11.993491970138614,3.176369478850896
1938,0.1219645811473527,0.196719520943645,11.979077543507511,7.47549397962923
1939,0.13461589268728524,0.17810408839478284,14.128191176007654,4.348819570749759
1940,0.1833944920786097,0.2233102090225195,16.653939281057916,3.9915716943909803
1941,0.13572909162439883,0.16971833008186854,16.428144649614463,3.3989238457469706
1942,0.1535137983578618,0.20497122726084946,12.190438163686323,5.145742890298766
1943,0.18733659518708248,0.21862456361811047,10.539960875816057,3.128796843102799
1944,0.13201427734570068,0.16689277544585301,13.84783938035059,3.4878498100152338
1945,0.1860420106247412,0.21334505573732296,14.748971039960491,2.7303045112581747
1947,0.12850514035203953,0.18582796320017847,10.296980473786665,5.732282284813895
1948,0.11773680422806589,0.17484461918890756,13.478574877885151,5.710781496084167
1949,0.1653230347252581,0.19665646461464978,15.906978773533464,3.133342988939167
1950,0.1265098190315103,0.17334806766880673,15.306542375859467,4.683824863729644
1951,0.16813227290547483,0.21033876045021735,14.288202039594111,4.220648754474252
1952,0.10689443707129091,0.1421625020802089,17.226460277489753,3.526806500891798
1954,0.055426700213838796,0.1013037435712842,6.38016184695942,4.58770433574454
1955,0.04749974989517291,0.08177383728935801,2.8017127986368795,3.42740873941851
1956,0.06143722372843833,0.10411140766284092,-6.27149758930906,4.267418393440259
1957,0.053906434428087485,0.0814806377720249,7.621847334480436,2.7574203343937413
1958,0.043377901280890134,0.06276143667726809,14.449767519236168,1.9383535396377958
1959,0.030695226962215782,0.08392556279229864,-6.900217575544298,5.323033583008286
1960,0.0660054665455327,0.100365504871198,1.9963201920918383,3.4360038325665294
1961,0.07104907396112033,0.10476776352776263,11.405253319458097,3.3718689566642297
1962,0.06374187607110675,0.09863746361369201,9.235851081590308,3.489558754258526
1963,0.05750307606224459,0.09438328310082504,3.610708716077271,3.688020703858045
1965,0.054183847858001954,0.09307813161502948,4.172980438040996,3.8894283757027526
1966,0.029426213589805367,0.07040423501810598,7.861844142536212,4.097802142830062
1967,0.0539116521485685,0.08980380526216891,4.470362245587967,3.589215311360041
1968,0.057094816722984935,0.09917126305478591,11.87174343301065,4.207644633180097
1969,0.05579570055120012,0.08632676314715088,-0.5620078740157353,3.0531062595950758
1970,0.04516497857015702,0.0993758066282353,15.671532330289928,5.421082805807828
1971,0.08531912809809163,0.11316171292792043,17.00679641357057,2.7842584829828807
1972,0.0961569023542384,0.13705489425540018,19.246211799729718,4.089799190116178
1973,0.10357167824283599,0.14618757636050655,15.640498283796145,4.261589811767057
1974,0.09385459349086851,0.1307923905367724,17.391975970821715,3.69377970459039
1975,0.12593362503266925,0.17214413546672855,3.071793482829155,4.62105104340593
1976,0.12204453343057702,0.16845947795553048,14.01886254278486,4.641494452495347
1977,0.09818679458518999,0.1305208754370574,19.145607763285444,3.233408085186741
1978,0.10645554880306134,0.14422906172205,17.950134892225922,3.777351291898866
1979,0.10000022191002773,0.12956567277051345,18.249056785718576,2.9565450860485716
1980,0.11680752067612854,0.16165735252508776,9.437901483319578,4.484983184895921
1981,0.10930681811835635,0.14642473965080707,10.617539309273072,3.711792153245072
1982,0.12725235667702425,0.16495332025476486,14.205846198955708,3.7700963577740607
1983,0.14200047828079818,0.18237936549826403,17.597861884856126,4.037888721746585
1984,0.18514664287983765,0.2297979518295463,17.622862091361768,4.465130894970865
1985,0.1080220926125165,0.15056768399547224,17.921698065938465,4.2545591382955745
1986,0.10689432529657937,0.14086595511669828,18.00122700780511,3.3971629820118907
1987,0.10468589090508647,0.1485143155602915,15.679038975260928,4.382842465520502
1988,0.1216533864340697,0.16565814054760672,7.179886672416513,4.400475411353702
1989,0.12928075248739176,0.1840669967084864,14.83846243564324,5.478624422109463
1990,0.11093738711452118,0.14977361301971975,16.616567431643436,3.883622590519857
1991,0.11747254231925058,0.16336018375332664,15.202205286200755,4.588764143407606
1992,0.11812683314655982,0.15753204845043153,15.143584448511005,3.9405215303871715
1993,0.11061553133156717,0.14540775724962773,15.221027100292472,3.4792225918060566
1994,0.1363906819199738,0.181059610048758,12.625178218394527,4.46689281287842
1995,0.09940935889490203,0.1419409776245668,19.071455636878532,4.253161872966478
1996,0.1153817870131888,0.1610097235439256,13.272944867740822,4.56279365307368
1997,0.13985067643681973,0.18460574492275447,13.592982880323468,4.475506848593475
1999,0.10799030261805591,0.1473650630204517,18.019591766807807,3.9374760402395776
2000,0.09466038985292781,0.12892081393921442,19.085967224265076,3.4260424086286614
2001,0.11905355172369587,0.16820364069356394,14.411301098331798,4.915008896986807
2002,0.11957710948941173,0.1715820565378139,14.940473938430898,5.2004947048402155
2004,0.09969230138948615,0.1351587459983342,18.749892424998716,3.5466444608848042
2005,0.10865850791652665,0.1399073579597157,18.112498373941,3.124885004318906
2006,0.10472591573563532,0.13961505752704156,18.18737162440489,3.4889141791406244
2007,0.14132483402706217,0.1862238382708489,4.620723548940342,4.489900424378673
2008,0.10144587935150291,0.14240504198794804,19.241098557865087,4.095916263644512
2009,0.1232224559093571,0.16288574961764646,9.748106741507879,3.966329370828936
2010,0.10853832145415786,0.14878062801684772,20.846667823153254,4.024230656268986
2011,0.1109698994121362,0.1505136816999673,15.0663978949636,3.954378228783109
2012,0.10820377637533983,0.14878012846637498,6.8967356162465965,4.057635209103514
2015,0.10604230023750423,0.14938173160130377,13.076400179402349,4.333943136379954
2017,0.08269077567421139,0.1354596003802017,13.644653240702787,5.27688247059903
2018,0.10000934238419323,0.15806791837996087,1.7868513212352832,5.805857599576764
2019,0.11957754006971576,0.1691441212521777,14.592330846747803,4.956658118246195
2021,0.12572269389527754,0.1799705554900082,12.537356155374347,5.424786159473066
2022,0.08371702188701173,0.16035498197310608,7.199704740253865,7.6637960086094346
2023,0.10429029147882847,0.13441666523013965,8.71517571101359,3.012637375131118
2024,0.09279531953601415,0.13032993908316123,18.04993431337978,3.7534619547147083
2025,0.08387184850969015,0.13556563001050187,17.67114243410386,5.169378150081172
2027,0.12679347339673205,0.1826990016260637,17.668295955168812,5.590552822933165
2028,0.1264963499515949,0.18090028706846525,14.482818255711383,5.440393711687036
2030,0.1025944461007494,0.14945855551620593,13.368295216815863,4.686410941545653
2031,0.1587178152723102,0.20998709384514655,12.62941417231962,5.126927857283636
2032,0.11453880878556688,0.14582233756341853,21.542735422537838,3.128352877785165
2033,0.11369624926502415,0.14915992868290137,18.852893727734422,3.5463679417877216
2034,0.10899862040263547,0.14754656313759282,12.774225164008834,3.8547942734957346
2035,0.11556124618507042,0.17544760597273823,13.255995283646826,5.988635978766781
2036,0.11310153176840111,0.15791112964288503,13.89643204623674,4.480959787448392
2037,0.10255225800369294,0.1791913849826454,13.29302129319645,7.6639126978952445
2039,0.1200414697210306,0.167078348555784,11.270177096646016,4.7036878834753395
2040,0.10712618348498178,0.15035035221583534,16.11105851028727,4.3224168730853565
2041,0.11835457075422773,0.1707451562529113,11.132825880800334,5.239058549868359
2042,0.1198632970659654,0.16671791216507134,13.344878807718574,4.685461509910595
2043,0.10019561824881039,0.18571383915152542,19.752298362927267,8.551822090271504
2044,0.11684573155439558,0.14882729963228436,16.916798777111897,3.198156807788878
2045,0.13216768242242768,0.1663265115979535,19.40561409385313,3.4158829175525818
2046,0.15721932638772335,0.2030503235590464,12.133120728548064,4.583099717132305
2047,0.14149713714713005,0.1733395040207625,19.30557408999356,3.1842366873632457
2048,0.15247082128765135,0.18344523785704328,20.076251660957432,3.0974416569391927
2049,0.1369156167462696,0.18320369525425476,10.608374857066538,4.628807850798516
2050,0.1454289837548925,0.19458210091593067,16.26776039014366,4.915311716103818
2051,0.1320882257424954,0.1773172685096868,17.455325278901277,4.522904276719139
2052,0.16676652273909595,0.20559474748242512,17.765169273181147,3.882822474332917
2053,0.13984694653816843,0.18904002164764136,17.317769717182173,4.919307510947293
2054,0.11150682430105047,0.17187752316928798,17.959372327887046,6.037069886823751
2055,0.143606089536076,0.17415885401887812,12.88451160280626,3.0552764482802113
2056,0.136836682473076,0.18977377562398304,11.995299139526395,5.293709315090703
2057,0.10606032407249115,0.17264708444961965,11.666340746817493,6.65867603771285
2058,0.1495432717193727,0.19882374502258696,13.518458096392273,4.928047330321425
2059,0.1394123548536964,0.18799698037710877,15.421216939199468,4.858462552341236
2060,0.11817706294243013,0.15631646626113507,13.345612802038588,3.813940331870494
2061,0.15040655174048106,0.19439906414487773,11.906209400712875,4.399251240439667
2062,0.12983738269540043,0.16596530736838225,15.434944391615325,3.6127924672981813
2063,0.1275150192606684,0.16248094817292025,18.903230175391084,3.4965928912251836
2064,0.16571734984257744,0.20494745966041175,14.632925533265384,3.923010981783431
2065,0.23053463487310877,0.27687986323806096,17.861726404242972,4.634522836495219
2066,0.16397297424538934,0.19221463569121164,16.846601158356588,2.8241661445822297
2067,0.14175497752501878,0.18143617739121184,10.393965905776925,3.968119986619306
2068,0.17276427308855635,0.2203557925930347,20.99379531371264,4.759151950447834
2069,0.11967833783536412,0.16442582264257644,14.349782089132578,4.474748480721232
2070,0.1272075083422472,0.16179817525308376,19.427838403008412,3.4590666910836565
2072,0.14787304888413355,0.19404615607561249,14.187479754138366,4.617310719147893
2073,0.15872920718938108,0.19675349044579338,12.176566121631648,3.80242832564123
2074,0.13891431352232528,0.17351462786229566,17.186740094407106,3.4600314339970377
2075,0.1549761075004885,0.1879130190896613,14.949463511178674,3.293691158917278
2076,0.1422850000314168,0.17534860281905937,18.546627795214988,3.306360278764256
2077,0.14931551981289834,0.18318590339896365,14.869011660790132,3.387038358606531
2078,0.10983086247162725,0.18105518710530763,13.696017770978596,7.122432463368038
2079,0.18222409255121375,0.22426759974201213,17.462039525831695,4.204350719079838
2080,0.16013201356570753,0.1992211152121726,14.64351344380681,3.9089101646465063
2081,0.16072256684813177,0.208649194207421,14.378337478909732,4.792662735928924
2082,0.18435971809458437,0.22322681823615032,14.447931326870457,3.886710014156594
2085,0.178575479133271,0.21297852175025975,10.828688351090122,3.440304261698876
2087,0.15773760256197095,0.201164514518231,17.061505052136617,4.3426911956260055
2088,0.13800543652916886,0.18569641004216497,11.03997671965371,4.769097351299612
2089,0.16102408108658714,0.21150272808938517,10.437930036584152,5.047864700279803
2090,0.1494129887195787,0.205823867005925,12.196836880548068,5.641087828634631
2091,0.1342755846084717,0.1767611067287743,16.321543469389677,4.24855221203026
2093,0.14848604062974846,0.19938699553061204,15.838219467430005,5.090095490086358
2094,0.1278936785585666,0.18109930115883685,11.81792665491319,5.3205622600270255
2095,0.1622204809419241,0.20928876753943546,14.105138864020228,4.706828659751136
2096,0.13760061854768257,0.18813403414653937,14.064075354605855,5.05334155988568
2098,0.17172341951005957,0.21145531689998076,16.283933115550898,3.9731897389921196
2100,0.18243007897899358,0.22253817177119883,18.63867831056014,4.010809279220526
2101,0.11909619375270682,0.15055319693142344,17.131017149468164,3.145700317871662
2105,0.17463136946372793,0.20554276452696832,15.118079391135652,3.091139506324039
2108,0.15647126610453713,0.19244144207439476,18.688824686807305,3.597017596985763
2109,0.14958010935831223,0.18837970147187102,13.382457335945697,3.8799592113558794
2110,0.19933469312269758,0.2362870707951538,17.57953235491474,3.695237767245621
2111,0.16617613455969368,0.2042834783994233,15.988539734430397,3.8107343839729606
2112,0.18478551295002446,0.24378991568166467,22.77042042910371,5.900440273164021
2113,0.16045301650804447,0.2009660657982091,17.45755707841179,4.051304929016464
2114,0.19893460774057894,0.22981285189959122,14.511819932117277,3.0878244159012276
2116,0.21158151362932162,0.24626992870592213,16.530372873570755,3.4688415076600503
2117,0.17890481444021675,0.2055614253331111,18.638551455420572,2.6656610892894337
2118,0.18096999575254005,0.2259111513941475,16.176253812747344,4.494115564160745
2119,0.1348241229497793,0.16943999909774252,18.93236580244899,3.4615876147963216
2120,0.18163177454365612,0.21695310287874706,15.88435227810523,3.532132833509094
2121,0.16107352651782944,0.20089325400983316,14.966614705592441,3.9819727492003714
2122,0.20413870566871328,0.22554768242493797,17.125784741919258,2.140897675622469
2124,0.16974591702201655,0.2034901179031484,18.362145712473588,3.3744200881131836
2125,0.1875878939647522,0.22227233234851865,19.205870215619527,3.4684438383766447
2126,0.1907804023589029,0.2322226700789717,11.25693005072208,4.144226772006881
2127,0.11645761973131781,0.20742105356729298,20.389974232061302,9.096343383597517
2128,0.14466356093766955,0.19171785114424322,13.569141355248293,4.705429020657367
2129,0.16088920625921957,0.2078682225022022,17.384058870893448,4.697901624298262
2130,0.1791634798860822,0.2325399979635986,15.463573191693891,5.337651807751639
2131,0.17424145087580833,0.2095893923979578,17.73028449802827,3.5347941522149458
2132,0.16587824119312153,0.2131297201037234,17.840150789669696,4.725147891060189
2133,0.19900969820342318,0.24389637622494595,19.71024724694854,4.488667802152277
2134,0.1511061549149628,0.2073442206439093,11.465088906969578,5.623806572894652
2136,0.16837371979126692,0.20147888006017642,12.635303584953306,3.31051602689095
2137,0.19828549906620732,0.24005026192188175,15.60115468068961,4.176476285567443
2138,0.16226550477762663,0.21276312797950522,12.201276649267356,5.049762320187859
2139,0.15360704420099097,0.2064553792674069,16.191915590204076,5.284833506641593
2140,0.16778428740870022,0.21922034843460067,14.137041295140218,5.143606102590045
2142,0.1714100924245786,0.20416846299666613,19.98123229461757,3.2758370572087525
2143,0.1917961557883235,0.2494593130690245,17.138312728545714,5.766315728070098
2144,0.08696619591513298,0.12079716045021822,16.20544155354353,3.3830964535085246
2145,0.17467099891827212,0.24253500072085846,14.733523803010007,6.786400180258633
2146,0.10378947310716254,0.13920800459859714,8.267684936337872,3.5418531491434604
2148,0.07246227265325322,0.1534587524450832,17.449287911726064,8.099647979182997
2149,0.083883717776586,0.1257494518753236,10.041056961054329,4.18657340987376
2150,0.12362392278527734,0.19956091957858213,16.727098610258363,7.593699679330479
2151,0.10997140168452868,0.15996951442569893,13.368917157885507,4.999811274117024
2152,0.12267719747945116,0.17363746932674365,12.047025441836734,5.096027184729249
2153,0.11185873358085469,0.15665864426286927,13.606732170814674,4.479991068201458
2154,0.09697179978306276,0.15079734211066045,12.076523031203568,5.382554232759769
2155,0.10857011942541146,0.16133727103278275,15.544396553124184,5.276715160737129
2156,0.1226687628755928,0.1737228108534766,11.12908493009197,5.10540479778838
2157,0.11095414637639868,0.1817077883960825,14.525282665613526,7.075364201968383
2158,0.13521808571189373,0.19030106021436602,13.329726461181046,5.5082974502472295
2159,0.09768291573592365,0.15061565581935413,12.599081681971969,5.293274008343047
2160,0.1337968688077567,0.18969239097463586,15.093296631393693,5.589552216687915
2161,0.09378371589098933,0.1266306049020596,17.00488852969586,3.2846889011070273
2162,0.14933327129905546,0.19595365061581224,12.79765242420845,4.662037931675678
2163,0.08757233858191588,0.1379682217624745,6.0217557222483675,5.039588318055863
2164,0.11987864235439465,0.15150734820938527,17.476809085782087,3.162870585499063
2165,0.14137601759906424,0.17246446705516139,18.558155944960617,3.108844945609715
2167,0.1399392559961115,0.17298566925116207,21.362819974266458,3.304641325505056
2168,0.14311612561040513,0.178944295331553,19.36590648690222,3.5828169721147884
2169,0.13344823670609576,0.16751626895841024,17.861583207373744,3.4068032252314473
2171,0.18786618049115736,0.22150650176604145,13.254202032611119,3.364032127488409
2172,0.1934612210908034,0.23133990903413307,15.506316934843367,3.787868794332966
2173,0.14989778923228828,0.1853045969845255,16.96469973549293,3.540680775223723
2174,0.1593812718313761,0.20152247505313226,11.69335908682414,4.214120322175615
2175,0.1700635715898431,0.21628876544175893,17.758887116402388,4.622519385191584
2176,0.1854438214903841,0.24042422431121943,14.886021520996229,5.498040282083533
2177,0.16071346764689456,0.19839849002575935,18.70572690979868,3.7685022378864783
2178,0.18465558432907894,0.22046505411746223,17.912747108117056,3.5809469788383286
2179,0.15116653590413365,0.2020438614086805,16.412164574339272,5.087732550454685
2180,0.16381755062119366,0.20686601277886416,14.09240484269445,4.30484621576705
2181,0.17480493176244502,0.22430127267774733,18.28165518676208,4.94963409153023
2182,0.18924532051571655,0.24114618774038768,17.047030368180604,5.190086722467113
2183,0.1621912948364511,0.20059072947645887,13.657423930747626,3.839943464000778
2184,0.15659586221935645,0.1934278095523314,16.04916075769125,3.683194733297496
2185,0.1739241310366998,0.2279713231497349,14.345782926484695,5.40471921130351
2186,0.13759443678911412,0.17174246741392138,19.6413760053084,3.4148030624807255
2187,0.15458212930662224,0.2084432382304302,16.467467092956035,5.386110892380796
2188,0.14383328666835027,0.17573711823524155,19.643915206949124,3.1903831566891276
2189,0.1721207531029493,0.2134175896871651,17.22444513711745,4.129683658421579
2190,0.09212900956438164,0.12243169534998925,14.816020274873809,3.0302685785607615
2191,0.11111466616401981,0.14886817596736418,13.97118174303451,3.7753509803344367
2192,0.11018712312758716,0.14396293984554678,17.53806624108516,3.377581671795962
2193,0.0948580272446317,0.1313732251260363,16.188822244839486,3.65151978814046
2194,0.10208587636062616,0.14041887098162886,13.496910957635077,3.8332994621002703
2195,0.12459304757311475,0.16450327477405643,13.435551032428595,3.991022720094169
2196,0.16523908452139968,0.21050182325438804,13.60229718942354,4.526273873298836
2197,0.12008442932099622,0.16901351482686397,15.338389240772576,4.892908550586775
2198,0.1336293776899733,0.18614750028767946,13.106836133635081,5.251812259770617
2199,0.10453327237532038,0.15362635618573048,4.787983790450467,4.90930838104101
2200,0.1267048849636758,0.1688086333481156,17.13273031876703,4.210374838443981
2201,0.10671970674011161,0.1525868340380317,14.563688352590587,4.5867127297920085
2202,0.09407271091873427,0.15194838891534507,6.83025377127815,5.78756779966108
2203,0.10661692102914584,0.14017872404180107,16.419112637674594,3.3561803012655225
2204,0.13731568607823538,0.17888933140963445,11.383584313048578,4.157364533139907
2205,0.11145860605138469,0.17661466781168103,9.35328878334345,6.515606176029634
2206,0.1182381861181464,0.18279468417894185,10.846045537779126,6.455649806079544
2207,0.13826534961822531,0.18957533500543047,7.9396635173081265,5.130998538720516
2208,0.11892640439223018,0.16254455456439088,11.003230612841675,4.3618150172160695
2210,0.10563796071390093,0.1373421117653909,22.873420972750825,3.1704151051489977
2211,0.15415146441080954,0.20117192575901396,5.705177378292148,4.702046134820442
2212,0.10274973289678319,0.15108371170466636,13.310088821183296,4.833397880788318
2213,0.13139633653151925,0.18964702441465975,9.734295818034845,5.82506878831405
2215,0.08939867310356048,0.14359518387353867,12.927378137157675,5.41965107699782
2216,0.10784407241928588,0.13775455282885843,15.912935516411908,2.9910480409572546
2217,0.1203422601478628,0.1506300932364669,16.10455831913975,3.0287833088604095
2218,0.11905647012070059,0.15201382234467745,13.546198373850116,3.295735222397686
2219,0.10681209250187483,0.1371739307825267,16.907307320101506,3.036183828065188
2220,0.09904089353633679,0.12877438107032843,15.044137100603749,2.9733487533991645
2221,0.0846179932826322,0.11502049095221965,14.659996325187507,3.0402497669587456
2222,0.10865078720161987,0.1458304367369857,15.221117730591827,3.717964953536583
2223,0.1466944829716193,0.17507627675432325,15.979634777533747,2.838179378270395
2224,0.12019513250466214,0.15540772807289882,19.387260084833247,3.5212595568236678
2225,0.12084108233782113,0.15718323327460046,8.965267906296482,3.6342150936779323
2226,0.0898967720293134,0.11831029850610926,14.841207496352826,2.841352647679586
2227,0.12819750888278084,0.16126937800204547,13.848384811750702,3.307186911926463
2228,0.11555531467435791,0.14864576761361406,12.93481638877445,3.309045293925615
2229,0.11091941839946783,0.1460471356513222,10.70631314876007,3.5127717251854387
2230,0.11660912557025331,0.18026984519241307,16.16262968834663,6.366071962215976
2231,0.1362132392268619,0.18876294994025786,11.597552614630292,5.254971071339595
2232,0.13026159165831894,0.1692251617212531,15.662400691752687,3.896357006293416
2233,0.12950864854239522,0.1707800287445416,10.615649248435389,4.1271380202146375
2234,0.14011935430457742,0.18986714950544295,15.6941228301106,4.974779520086553
2235,0.11816610689023295,0.1598451746240556,13.136233346207105,4.167906773382264
2236,0.11768879085230864,0.15351086591419802,13.868805714952547,3.582207506188938
2237,0.09602650482153348,0.12660239140787785,16.00961097873901,3.057588658634437
2238,0.08761649043640814,0.11143878834967809,12.69652122526641,2.382229791326995
2241,0.14472416035813637,0.17573399281118976,12.117801047120413,3.100983245305339
2242,0.10592735523186798,0.13797559260390832,13.269023362636844,3.2048237372040336
2243,0.11388405819713539,0.14307699033608742,14.209493262819418,2.9192932138952035
2244,0.06662077725557884,0.09938632419472675,10.115153938424616,3.2765546939147905
2245,0.11908327043401516,0.15276872234542407,14.023368800103597,3.3685451911408912
2248,0.11681735600971975,0.17120169801233157,16.5310237317438,5.438434200261182
2249,0.06403919682706248,0.10285464960203533,11.841620824407094,3.881545277497285
2250,0.05569588740697149,0.08872650568716679,12.274326437629623,3.3030618280195303
2251,0.1050275881153583,0.14188157631583867,18.034320915224413,3.685398820048037
2252,0.11347316621359799,0.15202952730253225,18.063627626155455,3.855636108893426
2253,0.1372203832395342,0.18386534491325082,10.550748397187903,4.664496167371662
2254,0.14707344367574735,0.18770299933603285,15.283349216551034,4.062955566028551
2255,0.13919625905970456,0.1866765420006398,12.473834751147095,4.7480282940935234
2256,0.13425738891264685,0.18742676069669162,12.962681534530729,5.316937178404476
2257,0.12762613600791944,0.16733526849038713,17.300991341010864,3.9709132482467684
2258,0.14254372455613454,0.19584916591229126,13.890706806282726,5.330544135615672
2259,0.13236020268601736,0.1780803067429659,13.72315586441115,4.572010405694854
2260,0.10238945217613966,0.16148335165479366,10.12449669088722,5.9093899478653995
2262,0.13530241170623622,0.1831687577319849,13.152706503145751,4.7866346025748685
2264,0.15198821121435316,0.1937273604916551,13.026429332837019,4.173914927730193
2265,0.20573556833235576,0.24513325759901403,7.389967606152892,3.9397689266658267
2266,0.16829690192375646,0.20537025269428197,12.013148130443296,3.707335077052551
2267,0.15982535901841957,0.20400683588883275,13.17343555739745,4.418147687041318
2268,0.1157366946938842,0.15220373548388466,11.712150655207365,3.6467040790000462
2269,0.1265977515127538,0.18724382464183195,9.8054396460711,6.064607312907816
2270,0.1520189966681815,0.19332543368222352,15.488149330713497,4.1306437014042015
2271,0.1262983584240064,0.16932220112220883,13.845623707787746,4.302384269820242
2272,0.1275981163024944,0.17722201628042641,11.911418890143889,4.962389997793201
2274,0.1207759876767875,0.18151753897811293,16.097281989548605,6.074155130132543
2275,0.09196990372471915,0.12568458587593592,18.861075060481692,3.371468215121677
2276,0.11274920642116852,0.15280383818432083,18.5383224140907,4.0054631763152315
2278,0.12582041067562263,0.16673994003231965,16.028499945610797,4.091952935669702
2279,0.09651930433162033,0.13112193295003144,23.390451125668665,3.460262861841111
2280,0.1165228909174429,0.15117193015165567,20.829348485132606,3.464903923421277
2281,0.09079150958322235,0.12963422818726272,18.0103780130932,3.884271860404037
2282,0.10707980430628398,0.14358403685729418,20.020415320614603,3.6504232551010194
2286,0.09884276841056512,0.14267219045354174,22.126765329201614,4.382942204297661
2287,0.12262033073609968,0.15964824795322533,17.919847117027054,3.7027917217125643
2288,0.1125380762982323,0.150191005573834,26.29278002740898,3.7652929275601696
2289,0.10293294934374232,0.1445030142358955,21.52188133708379,4.157006489215319
2292,0.09087877227605932,0.14511621999138488,13.350480212988348,5.423744771532555
2293,0.13852737390327804,0.17540200030584793,16.41536855322352,3.6874626402569888
2294,0.12787853967713173,0.1808936972150542,19.837001544902954,5.301515753792247
2295,0.11338729279170003,0.16568253005145206,18.16925720027878,5.229523725975203
2296,0.11486825716248565,0.17274990071547577,14.5364217847606,5.7881643552990125
2297,0.11479975690321526,0.16239757901935892,16.970995672634626,4.759782211614366
2298,0.1130427591398828,0.17417129738022744,17.70029690820618,6.112853824034463
2299,0.11778702881955845,0.16219945942105335,15.183963821632629,4.44124306014949
2300,0.10586172940262768,0.15539228730541327,13.378844748973485,4.953055790278558
2301,0.12408838420831943,0.1629515666038754,16.04994928712742,3.886318239555596
2302,0.09772726165739835,0.1524956045158744,10.152021004181378,5.476834285847605
2303,0.10798996877340472,0.14959648597593514,22.722160126651445,4.160651720253042
2304,0.10598792936782853,0.16953377185049898,12.900697515960946,6.354584248267045
2305,0.08969161202830228,0.16055354790994134,13.914974141254799,7.086193588163906
2307,0.0998000222878292,0.18384722677780366,17.002906182468536,8.404720448997447
2308,0.11321275136316306,0.15711468766238962,15.100486056051587,4.390193629922656
2309,0.11533560113668156,0.1743287707741249,15.274042649899622,5.899316963744333
2310,0.1188797739976782,0.16369050051828637,13.140127972684112,4.481072652060818
2311,0.11433850042908149,0.15092492889795178,20.908389733453102,3.6586428468870293
2312,0.10945806892329764,0.1464783296874635,23.80383513087565,3.7020260764165855
2314,0.09805624320307334,0.1698371280808276,9.600405320240068,7.178088487775426
2315,0.12005018021742019,0.17679416947664958,12.618737946808988,5.674398925922939
2316,0.11517844993912242,0.18840704124239324,25.23681896226808,7.322859130327082
2317,0.09594386836973097,0.16435203087068315,18.2263453381198,6.840816250095218
2318,0.10507953685284639,0.13607853934810765,16.43878459532331,3.099900249526126
2320,0.11041475581722669,0.14571288329896623,17.219784332737053,3.5298127481739536
2321,0.14806391507947037,0.19862464881172046,17.916308647663627,5.056073373225009
2322,0.14037877604403495,0.18062026963467673,16.050913237809695,4.024149359064177
2323,0.20982510542580038,0.24785096088956024,17.31992939423279,3.802585546375986
2324,0.14003089099038363,0.18344496166694943,12.51540868131662,4.34140706765658
2325,0.12491765916020205,0.16653270006985013,13.392750376671113,4.161504090964809
2326,0.117842631210053,0.16290343069279606,13.596403346190456,4.506079948274305
2327,0.1516782229532283,0.20496123870746516,13.535461361283563,5.328301575423685
2328,0.15555660910040522,0.21448381741409084,11.85054314826206,5.892720831368561
2329,0.13595594834967034,0.18590506581807134,11.080884815237058,4.9949117468401
2330,0.13654111196683594,0.19511675460236744,15.118383350927456,5.85756426355315
2332,0.11346884170182486,0.1564169586748903,12.966503340381252,4.294811697306544
2333,0.130167751339378,0.16958833553888428,15.556557272629279,3.9420584199506283
2334,0.11887851209455953,0.17061605561863555,25.138019087290854,5.1737543524076015
2335,0.11223465572759776,0.15160105003162713,21.99535427752426,3.936639430402937
2336,0.12978518638979317,0.16716954942014794,18.974709457770533,3.7384363030354777
2337,0.11264452189359096,0.15245286146858225,14.81655585022812,3.980833957499129
2338,0.06404341456355032,0.10022784401293118,14.88648297362336,3.6184429449380855
2339,0.053612897436432876,0.10135056761210164,13.892975329246537,4.773767017566876
2340,0.09759308570824203,0.1413538107570381,21.326544710547758,4.376072504879606
2341,0.06277918315043833,0.11809896089042811,15.768277571251543,5.531977773998978
2342,0.0430427294100744,0.13704399825135466,16.35686385582642,9.400126884128026
2343,0.04945849778263927,0.11231645422579446,20.801533450145214,6.28579564431552
2344,0.10623247302836897,0.12637358959950748,13.739593441953101,2.014111657113851
2345,0.040635689397310305,0.054865945873313976,15.885323441820077,1.423025647600367
2348,0.06336721312431068,0.10910584628566432,18.17871607016084,4.573863316135364
2349,0.05527653627015511,0.08604365985144906,9.849368116424806,3.076712358129395
2351,0.09292990719288557,0.12061843396966637,18.371668551450536,2.7688526776780797
2352,0.09062682665420309,0.11705147564973727,17.128900029367845,2.642464899553418
2353,0.09148448838045002,0.11652207230967082,16.45784503795442,2.50375839292208
2354,0.09620153313474834,0.12674554916960737,17.300810023942013,3.0544016034859025
2355,0.0918971318206228,0.11635559990973611,16.376155279878745,2.445846808911331
2356,0.09700283561886526,0.12585294746125267,16.29943641702458,2.8850111842387407
2357,0.09019925611909642,0.11299603748138086,15.387946450147405,2.279678136228444
2358,0.08738273348203353,0.11190418237533335,17.515288539287035,2.4521448893299826
2359,0.08978529982196166,0.11386036292442787,18.317179300427668,2.407506310246621
2360,0.09396004691303285,0.1191039869216343,16.333488895599423,2.5143940008601455
2361,0.08986588973479188,0.11433431381299704,16.37924257520773,2.4468424078205153
2362,0.13129019046993398,0.17167423353271394,15.125344251130567,4.038404306277996
2363,0.10824079337794347,0.13877039959909976,16.171137334722594,3.052960622115629
2364,0.09811778790910808,0.12516493099736806,18.273698419628694,2.7047143088259977
2365,0.09796350520197873,0.12404672901398599,19.20067953702782,2.6083223812007255
2366,0.10082904210790383,0.12711143174700476,16.17166068263871,2.6282389639100927
2367,0.09986517718885846,0.128933060181065,16.811317164123253,2.9067882992206555
2368,0.0992760954147685,0.12745386157950295,17.195032054381755,2.817776616473444
2369,0.09962985025828001,0.12655045911613821,15.668614959221316,2.69206088578582
2370,0.12898715299455535,0.15911378890622188,18.57948115417607,3.0126635911666533
2371,0.11785932377722634,0.14996247471208213,15.969454781038618,3.210315093485579
2372,0.09666741240166477,0.1228630167005547,16.185451719956134,2.6195604298889936
2373,0.09695016278046265,0.12211269484178679,19.013537278638903,2.516253206132414
2374,0.09479284851063653,0.12297547561763093,17.090174276704474,2.81826271069944
2375,0.09759074035822045,0.12469108731000085,14.418292476561145,2.7100346951780403
2376,0.1009462051643934,0.12813314117167912,17.76694676361985,2.7186936007285722
2377,0.10024549789784303,0.12718322739991053,16.583669984142112,2.6937729502067507
2378,0.09685000078753851,0.1229058626143138,15.261566822521932,2.605586182677529
2379,0.09790138637489353,0.12459599861574312,14.779191661399382,2.6694612240849596
2380,0.10572101117897903,0.13227427025593685,15.508561823720978,2.6553259076957825
2381,0.10066719550201808,0.12832519123007446,16.465530229883353,2.7657995728056384
2382,0.10204304286673534,0.12858657806494003,17.733747341328353,2.6543535198204697
2383,0.10343902270270462,0.13354646305167023,16.761581473089283,3.0107440348965606
2384,0.09898046566848236,0.1279716838929397,17.38245334785433,2.8991218224457342
2385,0.09486590968801033,0.12488850761177474,17.788047464750576,3.002259792376441
2386,0.09836898142030359,0.12832274977454908,16.41362483518698,2.9953768354245485
2387,0.09710674231183065,0.1257713126296798,16.34847757761264,2.866457031784915
2388,0.09640027883770767,0.1252556027360551,16.08946911663711,2.8855323898347427
2389,0.0969587140411573,0.12389092135972313,16.892663238889693,2.6932207318565826
2390,0.09389592663027724,0.12472417697138917,17.965369851553948,3.082825034111193
2391,0.10152595444286618,0.13805910320188397,19.323105334185662,3.6533148759017795
2392,0.1124172308358516,0.1417668640985821,17.566720138290304,2.9349633262730506
2393,0.12500950090880633,0.15583951965577408,19.836636898279238,3.0830018746967753
2395,0.12966046067128925,0.17263749806757553,17.340797725266178,4.297703739628628
2398,0.10703267501297879,0.13559747850523385,15.994582541353486,2.8564803492255058
2399,0.0951516524310619,0.12278631114633265,17.597693580250873,2.763465871527075
2400,0.09577619179860401,0.12048451745231066,17.328743991150276,2.4708325653706646
2401,0.09849771106409755,0.1267906024194532,16.696967477130098,2.8292891355355647
2402,0.10267307819306115,0.13498804324723612,17.284290835235595,3.231496505417497
2403,0.11987991015882755,0.15571698423541394,17.937647303712566,3.583707407658639
2404,0.0982555287831051,0.12719038072678968,15.996120849194927,2.8934851943684574
2405,0.09947126150942598,0.12613080589112197,16.30460820540098,2.6659544381695985
2406,0.10303437250196913,0.13215531808607903,18.72794217456224,2.9120945584109896
2407,0.10593167030141111,0.13540359431879898,17.558587070875163,2.9471924017387865
2408,0.10711238444913966,0.13705743139366872,16.95252337771802,2.9945046944529055
2409,0.11525849322751967,0.14673811170131607,16.126915035083123,3.1479618473796394
2410,0.1259734035605252,0.15797569586911364,16.442809382631495,3.2002292308588447
2411,0.13992548226211685,0.17272981806783907,17.125797902508943,3.2804335805722227
2412,0.12306638682781129,0.1474809897837639,17.181535265689263,2.4414602955952605
2416,0.12305408635902043,0.15128016677488784,15.687178850395277,2.822608041586741
2422,0.12417450864256402,0.15454248642862733,18.012646506096264,3.0367977786063314
2423,0.09307328547901532,0.11897017206333142,16.816018206195494,2.5896886584316103
2424,0.09668223871624489,0.12366354766852757,17.895085334110462,2.698130895228268
2425,0.09825477842836812,0.12542592355286594,17.293299667598937,2.717114512449782
2426,0.09959815482352563,0.12765992139181997,15.163502722463607,2.806176656829434
2427,0.09596367679749113,0.12218686736242472,15.789939747700421,2.6223190564933594
2428,0.1050213735747884,0.13281886144514898,17.147398528603254,2.7797487870360587
2429,0.10282450318861996,0.13019742949507165,20.1752548149716,2.737292630645169
2430,0.10427111060930828,0.13442378365770805,17.228655099609202,3.015267304839976
2431,0.10989825004925942,0.13931318096230624,15.488668720906261,2.9414930913046824
2432,0.10382329013425351,0.1353329001081436,17.913788819329458,3.15096099738901
2433,0.10280463458859895,0.13039924346142875,18.68697026910706,2.7594608872829802
2434,0.09863262899056559,0.12570145080060754,15.896158814029038,2.706882181004196
2435,0.09682297800032356,0.12727678336036433,15.758864197745993,3.045380536004076
2436,0.09876337862614891,0.1256516455994179,16.339199614271948,2.6888266973269
2437,0.13085705265623931,0.16195330716282041,15.752149405558868,3.1096254506581102
2439,0.08978455495988961,0.11731763628772146,19.370057823581032,2.7533081327831845
2440,0.0878269282564736,0.11095562634737162,17.465640441181975,2.3128698090898014
2441,0.09309831741309788,0.1195590519439277,22.808387889644898,2.6460734530829826
2442,0.08971755653378365,0.11306323975854167,19.972616014009503,2.3345683224758025
2443,0.08833861462710556,0.11244899505454008,17.70154301712825,2.411038042743452
2444,0.08610831041535316,0.10985334936449583,21.76878077159263,2.3745038949142665
2445,0.11863748437701356,0.14649699186393347,17.07060816519286,2.785950748691991
2446,0.11712532333731059,0.14404001202757025,16.941273981410877,2.6914688690259663
2447,0.11669122471729236,0.14410402456838425,17.135610868414464,2.7412799851091894
2449,0.11241921862148263,0.1437549051655029,17.26144079539944,3.1335686544020276
2450,0.09579986396261302,0.12181439615622197,16.12354339833315,2.6014532193608955
2451,0.09725701173572689,0.12602283525696278,16.914680592092356,2.87658235212359
2452,0.09694046083450651,0.1271740159713132,17.75564173737294,3.0233555136806687
2453,0.09771134810324826,0.12690215344435093,15.591110194311408,2.9190805341102672
2454,0.10069693224651886,0.12910531966730956,16.56623611369541,2.84083874207907
2455,0.09911493975379686,0.12780455450927097,16.47344851343473,2.8689614755474118
2456,0.08940158209724482,0.11096627306472852,17.71919983682031,2.15646909674837
2457,0.08567414834338417,0.10737721974756355,19.946538559706852,2.1703071404179375
2458,0.08890791041111203,0.11269849258568691,17.647428318060896,2.3790582174574886
2459,0.0878618564956176,0.11348128877226343,16.8021255516527,2.561943227664583
2460,0.09164114578580936,0.11956152865498298,17.755019936196614,2.792038286917363
2461,0.08690960527560733,0.11323525054748657,16.517396721559052,2.6325645271879234
2462,0.10945494776665159,0.13351711593366225,18.014941302027744,2.4062168167010665
2463,0.10648256121761523,0.1305047157318517,15.880335791561384,2.402215451423648
2464,0.112393508187991,0.13526001376446734,17.376493244435576,2.2866505576476333
2465,0.126630107189984,0.15466746446957608,14.691043201985664,2.8037357279592086
2466,0.10720599598550289,0.13167392733458214,17.003286384011606,2.446793134907925
2467,0.11031014439005887,0.13231375125075936,14.759914250828277,2.200360686070049
2468,0.10443675977738377,0.1261982815736633,15.90844573953094,2.1761521796279535
2469,0.11531242476432359,0.13814665246895794,16.03297161936561,2.283422770463435
2470,0.10838638464091692,0.13013991680084525,16.259857661273426,2.175353215992833
2471,0.11483996920889845,0.13700591076049748,15.176206424113259,2.2165941551599024
2472,0.11678616637092036,0.14457948459300465,16.678166818324904,2.7793318222084293
2473,0.11032886489548749,0.1349881633715493,16.032904958919183,2.4659298476061826
2474,0.10376241398837667,0.12797691844215078,16.56740346921255,2.4214504453774115
2475,0.10571245888114862,0.1289517626777035,14.672681048384772,2.323930379655488
2476,0.09455975546698453,0.11711106980023693,17.191799059199433,2.25513143332524
2477,0.10252995233871776,0.12488174480917398,15.918012311535378,2.2351792470456227
2478,0.12728838343407545,0.1530092030317432,12.575204360757963,2.5720819597667752
2479,0.0883459959876452,0.10483102080057836,19.15361930571762,1.6485024812933167
2480,0.10011229478730967,0.11932180448888179,15.64881782505758,1.9209509701572118
2481,0.10419370084916642,0.1251561385628422,18.03306894237884,2.0962437713675772
2482,0.10657183487440113,0.1294584862478216,17.962378501375653,2.2886651373420484
2483,0.11699546242017135,0.1386653184748743,16.415207437921666,2.166985605470294
2484,0.1092825468986321,0.13052528375534403,19.151995443578464,2.1242736856711937
2485,0.08919632071858545,0.10782300445947214,17.22068321888175,1.8626683740886691
2486,0.09273241990181504,0.11027323413815394,18.62887759795364,1.7540814236338909
2487,0.11236244683626535,0.13486087689959922,16.309031927001683,2.2498430063333865
2488,0.09550257440602988,0.11447408030220324,17.053943089613565,1.8971505896173357
2489,0.09995728596623328,0.11970783383231488,17.795385013631826,1.9750547866081603
2490,0.09983642210259502,0.12189096725229316,15.991652576371695,2.205454514969814
2491,0.1252713745622962,0.15239990246157256,16.58353167804254,2.712852789927636
2492,0.1258759038566333,0.15287485492791927,16.684930715379352,2.6998951071285973
2493,0.1274464263413854,0.15406185084128263,17.55445502350257,2.6615424499897236
2494,0.09447144795791496,0.1135658249568887,18.03906841647629,1.9094376998973748
2495,0.09472162386297008,0.1158089892536021,20.33244203030431,2.1087365390632025
2496,0.11377440242625037,0.13921248383712473,18.718271147377607,2.5438081410874362
2497,0.09850350791050537,0.11877983748183028,17.031288050893533,2.027632957132491
2498,0.11767124782731124,0.1422236180211448,17.947241352014576,2.4552370193833566
2499,0.10506925627515422,0.12978812998802597,18.16089583082656,2.471887371287175
2500,0.11868191390600775,0.1451950751514922,18.20460846035441,2.651316124548443
2501,0.11721884720425842,0.1415558123498523,17.453891052071935,2.4336965145593874
2502,0.11129010780599467,0.1344564989777271,16.401988369911848,2.316639117173243
2503,0.10018874038084048,0.12174355728184595,19.686962982050748,2.155481690100547
2504,0.1291605987564542,0.15676707101022766,20.3910878091206,2.7606472253773466
2505,0.10326510498195123,0.12617614587617976,16.89314565915263,2.2911040894228534
2506,0.09475003855172286,0.11471456540096692,21.09457615697421,1.996452684924406
2507,0.10286712639305091,0.12572731225781672,17.595223818338223,2.2860185864765805
2508,0.10552371774129121,0.12839018042285527,17.799254594525117,2.2866462681564057
2509,0.09022754333269913,0.11147747389130176,17.000628974771125,2.124993055860264
2510,0.0979540902831859,0.11930373622814934,18.900449573632415,2.1349645944963442
2511,0.1100537417291404,0.13549967219300457,16.37221390203887,2.5445930463864173
2512,0.10751428903106441,0.13408652850490194,17.710587703539705,2.657223947383752
2513,0.10899198408903349,0.1343087580219843,15.044391292009562,2.5316773932950816
2514,0.1075759550616438,0.12983140513011424,15.231000871701394,2.2255450068470433
2515,0.11131376088120122,0.13600530528329138,16.869965086867865,2.4691544402090164
2516,0.11473909152116324,0.13856185406376212,17.96161184063436,2.382276254259888
2517,0.1089367505092919,0.1303727288068862,19.404287742873972,2.143597829759429
2518,0.09912948673592903,0.12077837065296514,18.114669502395685,2.164888391703611
2519,0.1022584591207767,0.12461142378809552,16.288378508035507,2.2352964667318815
2520,0.1093635937435213,0.1327180020821285,16.71308815575985,2.3354408338607207
2521,0.10636457648774193,0.1312761804156907,17.740202314637553,2.4911603927948764
2522,0.10254445860013983,0.12571472101142114,14.455312502131545,2.317026241128131
2523,0.1139810888182635,0.13842979960694193,17.79362259936086,2.4448710788678425
2524,0.1234696980007613,0.14815596381781973,16.744134867434425,2.4686265817058435
2525,0.11221194945926838,0.1359116615202082,17.326812661576383,2.369971206093982
2526,0.10906697293157235,0.13407770426390483,16.533764187582168,2.5010731332332488
2527,0.09834370056486363,0.11945937126304838,15.232312313787787,2.111567069818475
2528,0.11130530462338589,0.13485847792443284,14.871125216446025,2.355317330104695
2529,0.10545784472790559,0.12672252116114568,20.641252483783855,2.126467643324009
2530,0.1068493045191634,0.13053767326334667,16.76653066111058,2.368836874418327
2531,0.10326735003328125,0.1266671540797825,15.585926600578048,2.3399804046501242
2532,0.10007237818653232,0.12090630702621268,18.43631794165972,2.0833928839680356
2533,0.09831000212558405,0.11867389137081175,17.299662338897615,2.0363889245227695
2534,0.11058950834817775,0.13344216805411152,15.872791303250565,2.2852659705933767
2535,0.07867802778662213,0.09588597543602921,16.632019313105452,1.7207947649407085
2536,0.09432941690753882,0.11383583497396882,19.812511610847274,1.9506418066429998
2537,0.09196816842764848,0.11379495826840251,18.849788361830512,2.1826789840754035
2538,0.12263510747211864,0.14673040895248057,17.91354773916376,2.4095301480361933
2539,0.09452773943051983,0.11435162979165737,19.700874823424464,1.9823890361137546
2540,0.09000290280149353,0.10955603074893529,17.724307787035087,1.9553127947441753
2541,0.0874062132498723,0.10605626465821033,19.19307275671287,1.865005140833803
2542,0.09702528227837144,0.11860045651476353,17.090291774448872,2.157517423639209
2543,0.08709122369490115,0.10309927239001489,19.794970251846266,1.6008048695113741
2544,0.08871117597997567,0.10512010105948733,20.11725798372286,1.6408925079511651
2545,0.08806038634138107,0.10421630579093066,20.56476995732195,1.6155919449549596
2546,0.10562316863059924,0.13061829918850767,15.481495379708242,2.4995130557908434
2547,0.11692027336748802,0.14691058809272453,15.54839532215253,2.9990314725236513
2548,0.10535502068112845,0.12804716649669168,17.956073901847546,2.2692145815563225
2549,0.10376288628755315,0.12634689071059635,17.943844523657692,2.2584004423043202
2550,0.11028866233866887,0.13511178378544722,17.59970766339527,2.4823121446778353
2551,0.10933744771331293,0.1329218984426548,15.976481195507253,2.3584450729341886
2552,0.12902609476661603,0.15638904246684424,17.183560823415633,2.7362947700228206
2553,0.11047443759330773,0.13736006807285492,21.413833130075744,2.6885630479547187
2554,0.11493544004561712,0.13960840569502317,17.96490388006866,2.4672965649406047
2555,0.10986926095908985,0.13362869137711805,19.313431266127544,2.3759430418028207
2556,0.10956927272564558,0.13268656958665784,16.256904537484672,2.3117296861012258
2557,0.09799893684786844,0.12126226764461061,19.21443833748553,2.326333079674217
2558,0.09798296056242413,0.11844502569379466,19.333734502484788,2.0462065131370526
2559,0.08885036686766933,0.10679159679240273,17.861071753579626,1.7941229924733404
2560,0.1051676389938377,0.12899399173754386,14.818776708672843,2.382635274370616
2561,0.10143846957299564,0.12342014210553127,16.36891920675927,2.1981672532535637
2562,0.10500072913676911,0.12857052238845398,18.325954552304147,2.356979325168487
2563,0.0964494050445716,0.11554198251286162,17.508006129486887,1.9092577468290017
2564,0.09713195647122429,0.11569001140823813,18.57776490790517,1.8558054937013846
2565,0.11245468272084058,0.13456088900219923,16.566603313459517,2.2106206281358647
2566,0.10187666504193534,0.12419592027478621,15.146560558198274,2.231925523285087
2567,0.09855926801871588,0.11845209557624475,16.322747451095164,1.9892827557528872
2568,0.119909554887488,0.14412122513503295,16.203205938292676,2.421167024754495
2569,0.1097924954382068,0.133630041481738,16.669787438021476,2.3837546043531193
2570,0.11661296060766659,0.14124041970168733,17.45703589749825,2.462745909402074
2571,0.11716095916550405,0.1456380805934022,16.823391125477528,2.847712142789814
2572,0.11214897456901142,0.1380253554918814,15.565566261756336,2.5876380922869995
2573,0.0958816939267877,0.11699584401549368,17.711536999536936,2.111415008870597
2574,0.09651908808197783,0.11913615872229157,18.35953188353665,2.2617070640313734
2575,0.10791226155102063,0.131860820839316,17.02473971224787,2.3948559288295366
2576,0.10956249395344862,0.1315885740201224,19.23676129976537,2.2026080066673766
2577,0.10586385008081106,0.12983927689135735,18.970177917889643,2.397542681054629
2578,0.11036202033959469,0.13230237190997374,17.70646872382704,2.194035157037905
2579,0.10575117389223009,0.12893353708865649,17.29588855603268,2.31823631964264
2580,0.10738504127484645,0.1303005296240754,16.754467730721334,2.291548834922895
2581,0.10887137094347082,0.13300954032145562,17.690553876219273,2.4138169377984795
2582,0.11325637732003413,0.13912820187222086,16.70876086862705,2.587182455218673
2583,0.10288910635438347,0.12579525457609864,15.935164473269836,2.2906148221715164
2584,0.10644384562309268,0.13095765867709588,15.590724608509344,2.45138130540032
2585,0.11232030775043857,0.13557446232116988,17.202042051783017,2.325415457073131
2586,0.12658286836682925,0.15432338628226347,15.32324058919803,2.774051791543422
2587,0.1353355215180202,0.16088620901520062,14.619330528585639,2.5550687497180427
2588,0.1297139187883549,0.1541020740933368,16.007210685078867,2.4388155304981893
2589,0.12554903547728888,0.14650770590276818,15.699817240328983,2.09586704254793
2590,0.1311040242637053,0.15165417888533345,16.65159317345033,2.055015462162815
2591,0.18456870822748747,0.2037453124460721,20.450870924519894,1.9176604218584636
2592,0.13431759769505594,0.1580985022792213,15.58221065861134,2.3780904584165348
2593,0.16265515699306096,0.1894114728803591,24.4886681098047,2.6756315887298125
2595,0.15697145699031706,0.17685246230861348,24.595936844187083,1.9881005318296423
2596,0.15860124290093439,0.1939790589150092,18.445520043668218,3.53778160140748
2597,0.141732278670865,0.17277831200034524,19.030624821397012,3.1046033329480247
2598,0.19508729743310968,0.24222132912524752,16.424234046039142,4.713403169213784
2599,0.1119061182956565,0.13343068503616193,15.893274716279926,2.152456674050543
2600,0.10550029986448199,0.13248370945342292,14.096895433249234,2.6983409588940925
2601,0.18301893737348116,0.2193043906101325,8.208621687359162,3.6285453236651333
2602,0.1467567196924732,0.1748979342331897,19.090951447402826,2.8141214540716497
2604,0.14084403256205758,0.1654809842310275,17.05225771710037,2.4636951668969926
2605,0.12181266744238572,0.14370279031722272,15.45386418203254,2.189012287483699
2606,0.15575361087222864,0.17585265470315373,20.798735430791492,2.009904383092509
2607,0.1621304500270834,0.20656046667339592,22.889318301063444,4.443001664631252
2618,0.1430159698496957,0.1831674248412117,13.496937172178747,4.015145499151601
2619,0.1427680898915772,0.17710566005049813,17.633075202796313,3.4337570158920943
2620,0.0992167581131736,0.13184822673540325,16.153046202882095,3.2631468622229653
2621,0.09519977031924283,0.12644328964687576,14.690177801427563,3.124351932763293
2644,0.12941626872981496,0.15621188089914298,17.583046702176873,2.679561216932802
2646,0.1253503155085218,0.1510428185929473,16.21708741654806,2.56925030844255
2647,0.15268442922840622,0.17810273100451512,16.729319058009516,2.5418301776108905
2648,0.15497619243611985,0.17763757768413577,19.48520300271226,2.266138524801592
2649,0.1313790018229787,0.15655101266211546,16.201615160885652,2.5172010839136756
2651,0.1285907875732988,0.15003993138119262,16.76373760710814,2.1449143807893813
2652,0.13574589339402998,0.16261188329040585,16.582543631335,2.686598989637587
2710,0.13735135666587953,0.1739813711033492,18.630105814085795,3.663001443746969
2808,0.12732951970775233,0.15420752861109183,16.44919409911998,2.6878008903339494
2809,0.08826775131812244,0.12684089478684205,17.298074854807478,3.857314346871961
2813,0.1488447040113993,0.17467638356947754,18.653195028616977,2.5831679558078244
2814,0.13028021459346562,0.1553146897853637,16.010485015304532,2.503447519189808
2872,0.0910937814530195,0.1265631093588637,7.487714123033173,3.54693279058442
2876,0.1442888301594149,0.17226375872179786,21.76437042532693,2.7974928562382955
2879,0.13083415375866292,0.1690483201600795,13.210140615938482,3.821416640141659
2880,0.09759651119743244,0.12871625750459328,11.101180460156934,3.1119746307160843
2881,0.13283832087934444,0.17673473390648506,20.16451265756176,4.389641302714062
2882,0.12767791245693508,0.1709796349453854,9.26155932428314,4.330172248845033
2883,0.14352763432817375,0.1815287546395997,20.720567741331042,3.8001120311425938
2884,0.14244814275578624,0.1752251965177054,20.246373346347468,3.277705376191917
2885,0.08602590658613264,0.1215927546738745,14.746734746734735,3.556684808774185
2886,0.11019952767683333,0.15292648842796389,14.023111195181848,4.272696075113055
2887,0.10376586807050044,0.13523449378997507,17.089881014326846,3.146862571947463
3005,0.11883639645833644,0.1551277302911621,18.556587698565387,3.629133383282568
3007,0.12702674722104193,0.1675769830264308,13.40519670179814,4.055023580538886
3009,0.12761481671568034,0.1585774639279706,18.63087454357073,3.096264721229025
3011,0.09707991484398076,0.1354944701061971,23.070760753817442,3.841455526221635
3012,0.09773196711749255,0.14763965957827072,15.3634908600792,4.990769246077817
3013,0.1382306457044383,0.16269302866774465,18.179452338238832,2.4462382963306357
