territory_id,peer_id,rank,feature_distance,road_km
1,819,1,0.22109151567496407,301.5
1,811,2,0.23442096955144667,332.5
1,841,3,0.23765292968541185,235.10000610351562
1,813,4,0.24340783277513417,309.5
1,1877,5,0.2491575292960932,1448.300048828125
2,270,1,0.5086272606902406,1652.300048828125
2,1899,2,0.5101656678098683,1518.0999755859375
2,1934,3,0.5208059727975622,1133.5999755859375
2,818,4,0.5211173786060783,402.79998779296875
2,222,5,0.5287353897712229,2303.800048828125
3,2174,1,0.2535030433820476,1200.4000244140625
3,2073,2,0.27206612004554115,985.9000244140625
3,2131,3,0.3120597697238003,1671.0999755859375
3,2180,4,0.31344044863666515,1151.800048828125
3,1306,5,0.32980818531162376,1796.199951171875
4,1740,1,0.21410930017973814,1220.199951171875
4,371,2,0.3151091227722531,1676.5999755859375
4,1863,3,0.3155191785222935,1239.5999755859375
4,1010,4,0.32177204752416794,787.5999755859375
4,830,5,0.3366896838703151,356.0
5,1021,1,0.40426255338600536,623.2000122070312
5,2048,2,0.44546853840436357,1422.0
5,17,3,0.4653585928886845,4506.7998046875
5,2189,4,0.46696209334423433,1187.699951171875
5,1486,5,0.47577122784353415,1442.5999755859375
6,16,1,0.3397689866647441,4446.7001953125
6,15,2,0.4340583592667859,4719.39990234375
6,2601,3,0.43514048326330823,1424.5999755859375
6,1936,4,0.4451059006410674,1290.9000244140625
6,1,5,0.44533452399787704,13.699999809265137
7,379,1,0.14291425865586924,1695.800048828125
7,2571,2,0.17335190327121058,1330.300048828125
7,2649,3,0.19388355243932276,1372.9000244140625
7,2410,4,0.1990631416841995,2096.39990234375
7,1500,5,0.20000650088378896,1334.5
8,1905,1,0.22466787863542023,1465.4000244140625
8,841,2,0.2719693561608939,287.20001220703125
8,2119,3,0.2727914816774109,1531.9000244140625
8,928,4,0.2793769185512696,831.2999877929688
8,12,5,0.28310875664975366,4326.0
9,1891,1,0.5928024872448998,1506.0999755859375
9,388,2,0.6144263474991745,1716.300048828125
9,1650,3,0.7443787223890818,3294.0
9,925,4,0.7572945331051201,803.4000244140625
9,1590,5,0.7791515548190845,1894.9000244140625
10,12,1,0.16172845042314316,9.199999809265137
10,373,2,0.21199706096826507,2734.5
10,2032,3,0.21440623355182992,2030.199951171875
10,510,4,0.22166654968905553,455.1000061035156
10,841,5,0.22567142907254487,4182.89990234375
11,13,1,0.4476168828863802,256.8999938964844
11,15,2,0.44935882891418083,156.8000030517578
11,928,3,0.46424962288004257,4502.89990234375
11,16,4,0.5166861057895127,378.1000061035156
11,8,5,0.5241189962640068,4759.7998046875
12,10,1,0.16172845042314316,9.199999809265137
12,757,2,0.20603419983622337,2385.60009765625
12,507,3,0.22011123135485525,89.9000015258789
12,1600,4,0.22186642507696736,453.20001220703125
12,841,5,0.23640669074647452,4174.39990234375
13,459,1,0.3787732374105322,1351.800048828125
13,16,2,0.3804694359634782,121.80000305175781
13,1170,3,0.4331560824869362,2122.199951171875
13,693,4,0.43715400254488246,1227.800048828125
13,11,5,0.4476168828863802,256.8999938964844
14,2204,1,0.2496772467091578,1526.9000244140625
14,1612,2,0.2627137469901654,593.2999877929688
14,2187,3,0.29836397967060563,3962.60009765625
14,1930,4,0.32826439608539953,3415.199951171875
14,214,5,0.3376584022953906,4266.89990234375
15,6,1,0.4340583592667859,4719.39990234375
15,11,2,0.44935882891418083,156.8000030517578
15,16,3,0.4718232012062688,330.6000061035156
15,13,4,0.510193239559533,209.39999389648438
15,1170,5,0.5374624160084305,2331.0
16,6,1,0.3397689866647441,4446.7001953125
16,13,2,0.3804694359634782,121.80000305175781
16,1170,3,0.44473995854075765,2113.39990234375
16,15,4,0.4718232012062688,330.6000061035156
16,2063,5,0.5107203016641997,4214.2998046875
17,8,1,0.36659969248400864,4556.2998046875
17,1905,2,0.4086648195646474,3119.39990234375
17,1163,3,0.4114452637308244,2322.699951171875
17,2884,4,0.42542566804084936,4173.2998046875
17,2231,5,0.428679658351225,2435.39990234375
18,397,1,0.2932404287109649,2910.300048828125
18,1404,2,0.2990871319911758,4158.10009765625
18,1109,3,0.30421381194138963,3527.39990234375
18,1604,4,0.3113927608438804,657.5999755859375
18,455,5,0.3154759634020755,1379.5999755859375
19,2198,1,0.3572103073091689,1573.0999755859375
19,1888,2,0.357304862903484,3068.0
19,1631,3,0.3650227201392424,647.4000244140625
19,1115,4,0.3672073261228121,3668.199951171875
19,1983,5,0.3789459896652122,2566.5
20,1024,1,0.3680755091712812,3816.39990234375
20,2202,2,0.37716513563778187,1785.9000244140625
20,899,3,0.3831045248567724,3291.5
20,383,4,0.4022655878735334,2740.89990234375
20,1048,5,0.414296348637697,3554.10009765625
21,1134,1,0.1845657571340176,3782.5
21,2450,2,0.18547176076328487,2009.5
21,354,3,0.1896973421760946,527.5
21,2435,4,0.19186054383260814,2013.199951171875
21,2381,5,0.20883390116151,2026.9000244140625
22,1180,1,0.6107255164957054,1961.199951171875
22,542,2,0.6350229832887553,2427.199951171875
22,1185,3,0.6410537411350029,2014.9000244140625
22,1669,4,0.6644348001906764,774.0
22,70,5,0.6682716658983237,300.79998779296875
23,38,1,0.14382614311410089,235.5
23,57,2,0.18593298936776426,91.5999984741211
23,26,3,0.1956107247796836,312.29998779296875
23,75,4,0.19809353648078115,301.6000061035156
23,380,5,0.20890192593855036,389.0
25,29,1,0.1211330238395741,337.70001220703125
25,1632,2,0.16065166563984493,1420.4000244140625
25,1665,3,0.16083337316515142,572.7999877929688
25,504,4,0.16245849333901433,2287.699951171875
25,2281,5,0.16680964706601706,542.0
26,75,1,0.16968139776462268,20.700000762939453
26,29,2,0.17792393229348438,246.5
26,38,3,0.1889455079773066,78.4000015258789
26,23,4,0.1956107247796836,312.29998779296875
26,57,5,0.2068244174355832,276.5
27,25,1,0.1751725596071257,369.3999938964844
27,29,2,0.18281216270516115,32.20000076293945
27,1135,3,0.1938501221166766,3834.89990234375
27,1665,4,0.20199767038196906,203.5
27,1952,5,0.21508075800273987,884.7000122070312
28,29,1,0.18983750929095078,346.0
28,77,2,0.20038682836784996,218.89999389648438
28,75,3,0.20078175255198222,557.5
28,66,4,0.2299315909432282,310.6000061035156
28,25,5,0.2426186561148203,617.7000122070312
29,25,1,0.1211330238395741,337.70001220703125
29,73,2,0.15798840752335064,0.0
29,66,3,0.16893600246556367,79.30000305175781
29,1665,4,0.17649431901684873,235.60000610351562
29,26,5,0.17792393229348438,246.5
30,1174,1,0.4222987882392224,3826.39990234375
30,61,2,0.4419472685020292,394.5
30,48,3,0.46841452547154133,296.20001220703125
30,45,4,0.4709601856490386,425.0
30,453,5,0.4735485998096604,2782.300048828125
31,48,1,0.2673491525661291,136.1999969482422
31,45,2,0.33640646903608384,76.69999694824219
31,361,3,0.35836158298613874,456.1000061035156
31,359,4,0.3785846644738629,243.0
31,358,5,0.40010278270969496,382.1000061035156
32,1644,1,0.27395115923208013,1327.199951171875
32,2304,2,0.33232062479407654,472.70001220703125
32,2315,3,0.3479230564838524,337.29998779296875
32,1987,4,0.35840206053477985,679.9000244140625
32,71,5,0.35845170528024317,250.0
33,56,1,0.22231503426544352,202.60000610351562
33,391,2,0.24237865289760938,348.6000061035156
33,71,3,0.3137714139631908,223.3000030517578
33,735,4,0.3229150721237611,159.0
33,1639,5,0.3255728424347008,1368.199951171875
34,82,1,0.4466235352438903,195.0
34,72,2,0.5232011979104313,97.4000015258789
34,80,3,0.5569729863744595,193.1999969482422
34,31,4,0.5690333240789547,82.5999984741211
34,361,5,0.5990714397144755,510.79998779296875
35,54,1,0.5355748914189594,79.4000015258789
35,578,2,0.6634024718241667,5026.89990234375
35,47,3,0.7012547361205216,112.80000305175781
35,39,4,0.7400628920075416,530.2999877929688
35,1654,5,0.7564456876846837,1270.800048828125
36,423,1,0.21746843761521983,204.10000610351562
36,540,2,0.2194404895644115,2187.0
36,529,3,0.2356029600070192,2196.300048828125
36,749,4,0.2503484493659968,263.20001220703125
36,56,5,0.2669365405703405,53.900001525878906
37,56,1,0.42176209228657013,155.10000610351562
37,74,2,0.45204069773938693,37.099998474121094
37,1661,3,0.4706737427559743,1192.5999755859375
37,391,4,0.47436399801113127,301.1000061035156
37,569,5,0.49649968094531194,2331.699951171875
38,23,1,0.14382614311410089,235.5
38,26,2,0.1889455079773066,78.4000015258789
38,380,3,0.19538049160800006,155.8000030517578
38,75,4,0.2043470581649322,67.69999694824219
38,57,5,0.21707438993746223,199.6999969482422
39,742,1,0.527595245360216,408.79998779296875
39,2307,2,0.5322997511972923,389.3999938964844
39,32,3,0.5550621240885848,348.1000061035156
39,1172,4,0.5635758335769306,3687.60009765625
39,524,5,0.5812180075164921,1860.0
40,1071,1,0.26350792190173666,1738.9000244140625
40,42,2,0.2718383456483523,351.8999938964844
40,75,3,0.27622199195993813,402.79998779296875
40,79,4,0.3020388441286688,272.3999938964844
40,83,5,0.3188780296076709,461.3999938964844
41,735,1,0.30233731803476815,471.79998779296875
41,378,2,0.33807027897546194,455.0
41,56,3,0.3389532371726374,234.89999389648438
41,1693,4,0.35417409474350475,246.89999389648438
41,1683,5,0.3541873180976071,171.39999389648438
42,66,1,0.2171797605178577,305.20001220703125
42,75,2,0.2502792547914969,191.1999969482422
42,28,3,0.25781885111610886,506.5
42,40,4,0.2718383456483523,351.8999938964844
42,757,5,0.27876535176734724,365.3999938964844
43,431,1,0.21037855670176994,442.5
43,540,2,0.2509865071212398,2082.39990234375
43,1356,3,0.2547125749682518,606.7999877929688
43,1341,4,0.2634778660509601,634.2999877929688
43,438,5,0.2752571566574794,349.3999938964844
44,2289,1,0.1928158950707228,456.3999938964844
44,2286,2,0.22743271752394345,500.0
44,2288,3,0.23179612143420933,362.6000061035156
44,1765,4,0.24057034653382142,1790.0999755859375
44,3011,5,0.2582732762031144,301.1000061035156
45,61,1,0.22958818178519025,335.20001220703125
45,48,2,0.2405923514572635,181.3000030517578
45,1174,3,0.32144581900695357,4026.39990234375
45,31,4,0.33640646903608384,76.69999694824219
45,359,5,0.3617066927149978,168.1999969482422
46,1174,1,0.376457693056235,3967.39990234375
46,366,2,0.398724298867986,257.29998779296875
46,357,3,0.44385925574180457,233.10000610351562
46,82,4,0.4534997527130132,179.5
46,80,5,0.4634106245827422,117.19999694824219
47,1651,1,0.44568360400090756,1441.0
47,396,2,0.45396488569029075,601.7000122070312
47,586,3,0.48968973159120893,4460.89990234375
47,31,4,0.506024100941655,287.20001220703125
47,361,5,0.562370978657084,742.0999755859375
48,45,1,0.2405923514572635,181.3000030517578
48,31,2,0.2673491525661291,136.1999969482422
48,61,3,0.3611195923190838,348.6000061035156
48,359,4,0.36594125029887514,328.20001220703125
48,63,5,0.37531206223951086,206.3000030517578
49,545,1,0.25389008089459475,2274.300048828125
49,60,2,0.26051309367913444,100.80000305175781
49,574,3,0.3055371404853427,4494.60009765625
49,450,4,0.30697997355658535,3028.5
49,2012,5,0.30868174636549833,952.9000244140625
50,2809,1,0.2877170421557611,301.1000061035156
50,3011,2,0.33196283558980616,165.39999389648438
50,44,3,0.3441954188475699,243.1999969482422
50,2289,4,0.34937097081916607,320.79998779296875
50,676,5,0.3501052328836666,2760.60009765625
51,83,1,0.2044327159148858,129.1999969482422
51,77,2,0.30048562409449914,463.29998779296875
51,75,3,0.3044294639892638,143.10000610351562
51,57,4,0.3073664605573162,275.79998779296875
51,23,5,0.3210086172465546,356.79998779296875
52,45,1,0.40206831297191153,100.4000015258789
52,61,2,0.46257585893213854,431.8999938964844
52,71,3,0.4772187942572844,377.0
52,65,4,0.4774266490501005,211.39999389648438
52,69,5,0.4846386967618184,110.0999984741211
53,586,1,0.4230400415867859,4592.7001953125
53,378,2,0.431165111706622,749.7999877929688
53,359,3,0.44914589513437286,531.9000244140625
53,1674,4,0.45218389824881167,221.6999969482422
53,754,5,0.4557956050269834,679.5999755859375
54,35,1,0.5355748914189594,79.4000015258789
54,1568,2,0.5368803755656445,1260.5
54,428,3,0.5829015430304959,738.2999877929688
54,578,4,0.5834805608799116,5101.7001953125
54,1654,5,0.6002901358600314,1345.5999755859375
55,452,1,0.20514888591856212,2811.0
55,1071,2,0.24933438959911267,1520.9000244140625
55,397,3,0.25175393018392933,453.8999938964844
55,368,4,0.2593910242737094,266.8999938964844
55,1142,5,0.2652512267722349,3615.60009765625
56,33,1,0.22231503426544352,202.60000610351562
56,36,2,0.2669365405703405,53.900001525878906
56,71,3,0.2678279156906074,324.3999938964844
56,423,4,0.2941160979336227,213.89999389648438
56,735,5,0.30055375766941844,273.1000061035156
57,23,1,0.18593298936776426,91.5999984741211
57,26,2,0.2068244174355832,276.5
57,38,3,0.21707438993746223,199.6999969482422
57,75,4,0.2604218852320823,265.79998779296875
57,27,5,0.2630920640550308,16.399999618530273
58,1295,1,0.5058261367107498,550.2999877929688
58,1185,2,0.5089204607274739,2014.199951171875
58,52,3,0.5389113711288372,332.29998779296875
58,45,4,0.5820918072439242,235.89999389648438
58,2199,5,0.5900766296631534,1073.199951171875
59,45,1,0.45344949784802496,268.79998779296875
59,1174,2,0.4615258906603231,3889.199951171875
59,61,3,0.4666254447313868,137.39999389648438
59,46,4,0.4772462815484133,142.60000610351562
59,65,5,0.4916910473813344,167.10000610351562
60,378,1,0.22811679162711268,498.8999938964844
60,49,2,0.26051309367913444,100.80000305175781
60,2041,3,0.2805955837709613,822.5
60,545,4,0.28137326664202517,2223.5
60,381,5,0.3034480986419574,429.20001220703125
61,45,1,0.22958818178519025,335.20001220703125
61,1174,2,0.30971257784039247,3751.800048828125
61,48,3,0.3611195923190838,348.6000061035156
61,49,4,0.4083299837615703,320.6000061035156
61,584,5,0.4106630946873617,4655.89990234375
62,501,1,0.436623569776353,686.2999877929688
62,378,2,0.4402736253030214,318.1000061035156
62,1302,3,0.4410381236269131,607.5999755859375
62,60,4,0.48543767240250674,270.1000061035156
62,595,5,0.5096249616646342,5182.7998046875
63,67,1,0.19751537716094436,542.0999755859375
63,735,2,0.34506722997916783,576.0
63,33,3,0.3502020886377228,464.70001220703125
63,71,4,0.35080686759231033,435.3999938964844
63,357,5,0.35346663024068825,421.20001220703125
65,56,1,0.3866608366099797,89.9000015258789
65,391,2,0.3880177781621905,216.8000030517578
65,33,3,0.38851697096380344,173.0
65,71,4,0.39359036667311054,236.60000610351562
65,1639,5,0.4016474112784935,1476.800048828125
66,73,1,0.1674422372867712,79.30000305175781
66,29,2,0.16893600246556367,79.30000305175781
66,25,3,0.18537798489163734,416.3999938964844
66,1665,4,0.20555318243387904,156.6999969482422
66,2281,5,0.21085728710116575,330.1000061035156
67,63,1,0.19751537716094436,542.0999755859375
67,357,2,0.28459250320314927,447.70001220703125
67,1175,3,0.2975291756317271,3703.699951171875
67,735,4,0.30420828289371715,286.6000061035156
67,71,5,0.3348786184192861,106.69999694824219
68,1351,1,0.44052872311776337,549.0999755859375
68,1636,2,0.44610972128137355,1460.300048828125
68,436,3,0.4477398133742212,269.79998779296875
68,446,4,0.5081597451523153,336.0
68,364,5,0.5218263546513064,486.29998779296875
69,63,1,0.4048707896098559,200.3000030517578
69,61,2,0.46707181889476446,408.3999938964844
69,67,3,0.4729390085778634,460.29998779296875
69,41,4,0.4763979933633135,43.0
69,391,5,0.47991580597212397,287.6000061035156
70,2199,1,0.32876654720179993,1084.9000244140625
70,1697,2,0.34832626225023977,471.1000061035156
70,2302,3,0.38871648912748974,493.5
70,1644,4,0.3913982282163182,1315.199951171875
70,2315,5,0.3934459260517527,401.5
71,56,1,0.2678279156906074,324.3999938964844
71,357,2,0.3126045391508827,406.29998779296875
71,33,3,0.3137714139631908,223.3000030517578
71,67,4,0.3348786184192861,106.69999694824219
71,63,5,0.35080686759231033,435.3999938964844
72,34,1,0.5232011979104313,97.4000015258789
72,31,2,0.5684908692211094,118.0999984741211
72,361,3,0.6094874800713274,507.6000061035156
72,376,4,0.6690212058110091,629.2000122070312
72,48,5,0.6699601855705437,117.30000305175781
73,29,1,0.15798840752335064,0.0
73,66,2,0.1674422372867712,79.30000305175781
73,25,3,0.19902943186588612,337.70001220703125
73,1665,4,0.22482354344606117,235.60000610351562
73,76,5,0.22981604152641175,126.5999984741211
74,56,1,0.3231039061148265,188.60000610351562
74,33,2,0.3485442695903735,68.9000015258789
74,593,3,0.42696300174694174,4419.89990234375
74,369,4,0.42697444787789146,661.0
74,36,5,0.43457776519450453,242.5
75,77,1,0.15520720114031705,490.79998779296875
75,26,2,0.16968139776462268,20.700000762939453
75,29,3,0.18562773550875616,235.8000030517578
75,380,4,0.1888138244329477,98.0999984741211
75,23,5,0.19809353648078115,301.6000061035156
76,2312,1,0.14215718368721386,432.20001220703125
76,2281,2,0.19102737309286477,330.8999938964844
76,362,3,0.19225661105860295,286.0
76,1952,4,0.20284515629224273,849.5
76,1008,5,0.20542836459193103,1220.4000244140625
77,75,1,0.15520720114031705,490.79998779296875
77,28,2,0.20038682836784996,218.89999389648438
77,23,3,0.2094478921828307,398.0
77,29,4,0.22007537760730855,308.29998779296875
77,81,5,0.2285806139915689,368.29998779296875
78,80,1,0.788413729532757,292.29998779296875
78,1649,2,0.8391937854701466,1627.300048828125
78,59,3,0.840084216714036,387.8999938964844
78,487,4,0.8501622106415095,754.2999877929688
78,69,5,0.8624621924578175,81.0999984741211
79,40,1,0.3020388441286688,272.3999938964844
79,397,2,0.34983255286892545,812.7000122070312
79,75,3,0.36861158769124613,586.7999877929688
79,83,4,0.3719458038495241,700.4000244140625
79,23,5,0.3759821403083093,292.8999938964844
80,61,1,0.42431443272306724,337.3999938964844
80,82,2,0.45891034632348526,62.20000076293945
80,46,3,0.4634106245827422,117.19999694824219
80,1174,4,0.4798233949437603,4028.5
80,45,5,0.48706035281938226,68.30000305175781
81,380,1,0.22045899033679145,225.3000030517578
81,77,2,0.2285806139915689,368.29998779296875
81,2006,3,0.2507564191017319,511.0
81,83,4,0.25836219305938163,234.0
81,75,5,0.2617680323863303,135.10000610351562
82,34,1,0.4466235352438903,195.0
82,46,2,0.4534997527130132,179.5
82,80,3,0.45891034632348526,62.20000076293945
82,359,4,0.4867320334986772,134.5
82,793,5,0.48678325348968937,7537.89990234375
83,51,1,0.2044327159148858,129.1999969482422
83,75,2,0.22761162700488383,272.29998779296875
83,77,3,0.23771274809048518,549.4000244140625
83,23,4,0.237761288189094,442.8999938964844
83,81,5,0.25836219305938163,234.0
167,345,1,0.3671834801475317,120.4000015258789
167,824,2,0.5168323640504559,84.69999694824219
167,352,3,0.5178843351205531,98.9000015258789
167,2416,4,0.5611046033628568,2388.5
167,2465,5,0.5641414805533244,1669.0999755859375
168,169,1,0.48584674878058953,42.400001525878906
168,198,2,0.5740482771308658,218.10000610351562
168,834,3,0.6075869782658153,103.5999984741211
168,173,4,0.6413183255713523,56.599998474121094
168,835,5,0.6757359778291947,212.5
169,198,1,0.3115767937353731,259.6000061035156
169,173,2,0.3703467363255029,20.200000762939453
169,1774,3,0.44773853539627667,2095.5
169,835,4,0.4504322571211121,201.10000610351562
169,839,5,0.4585974206330722,314.29998779296875
173,169,1,0.3703467363255029,20.200000762939453
173,198,2,0.4158329868103823,274.70001220703125
173,839,3,0.4413853507071805,334.20001220703125
173,838,4,0.4755222519938287,123.80000305175781
173,829,5,0.49163588319600743,259.0
181,925,1,0.45561210913002176,585.0
181,1024,2,0.46106952426067205,482.70001220703125
181,1710,3,0.46976225936082616,1165.5
181,1534,4,0.4876407466778055,1268.5999755859375
181,1717,5,0.49583371722860187,1017.7000122070312
184,1746,1,0.3969076498246039,1128.199951171875
184,1681,2,0.42156541334559827,1560.800048828125
184,1648,3,0.4269932092942637,3256.89990234375
184,1687,4,0.4318518770957232,1650.699951171875
184,279,5,0.44558892857925064,1708.0
185,930,1,0.6984101732340495,195.5
185,838,2,0.7734990194286149,503.0
185,181,3,0.787876326136177,391.6000061035156
185,1570,4,0.7933281078052161,1328.9000244140625
185,169,5,0.8046831798052221,557.0
188,304,1,0.8089073900654127,863.7000122070312
188,370,2,0.8466364275708014,1109.9000244140625
188,1214,3,0.8806197287533357,1187.300048828125
188,1686,4,0.9084482149312942,1675.0999755859375
188,1751,5,0.9344002406626764,623.4000244140625
191,1323,1,0.7052529894076661,1489.300048828125
191,930,2,0.7207221163338992,83.0999984741211
191,838,3,0.7386360481278641,513.2000122070312
191,2138,4,0.7766689565154655,1560.4000244140625
191,1027,5,0.7983857054594066,488.1000061035156
194,811,1,0.33729232368852374,135.0
194,196,2,0.3457144254179552,35.29999923706055
194,2881,3,0.3501067888229882,84.19999694824219
194,819,4,0.38571729975876395,100.0
194,1758,5,0.38748198844818815,1174.199951171875
195,834,1,0.531662839286912,256.0
195,169,2,0.6344994665451923,222.60000610351562
195,821,3,0.6454146821815732,328.6000061035156
195,835,4,0.6479401736514916,297.79998779296875
195,831,5,0.6491296742996252,200.3000030517578
196,194,1,0.3457144254179552,35.29999923706055
196,205,2,0.443008025854719,0.0
196,811,3,0.4566451805745795,170.1999969482422
196,2881,4,0.4737462149463048,117.4000015258789
196,351,5,0.4880164988677525,287.8999938964844
198,169,1,0.3115767937353731,259.6000061035156
198,173,2,0.4158329868103823,274.70001220703125
198,1760,3,0.43204844065523,1298.800048828125
198,828,4,0.44400702916729073,316.8999938964844
198,826,5,0.4541008395880791,201.60000610351562
201,2881,1,0.5444746289133562,141.6999969482422
201,371,2,0.5756521940811916,1671.199951171875
201,4,3,0.5858987405273811,175.3000030517578
201,2395,4,0.5896808911465896,2163.60009765625
201,823,5,0.597063285761171,172.0
203,1016,1,0.5552820011505252,953.2000122070312
203,173,2,0.5714173417188484,313.8999938964844
203,838,3,0.5800618447017423,344.6000061035156
203,923,4,0.5932673082547832,681.5999755859375
203,198,5,0.5940429624180193,42.099998474121094
204,194,1,0.43682161369723366,16.600000381469727
204,825,2,0.4702087604355774,188.60000610351562
204,1920,3,0.4786674446224383,1079.800048828125
204,814,4,0.5205379424775574,178.0
204,2076,5,0.535292637011621,1151.800048828125
205,196,1,0.443008025854719,0.0
205,194,2,0.5341868791256648,35.29999923706055
205,2881,3,0.5409981078261522,117.4000015258789
205,351,4,0.551956814153789,287.8999938964844
205,1936,5,0.5581732203973802,1250.199951171875
206,1506,1,0.1596414162658773,942.0
206,890,2,0.166940341066763,983.4000244140625
206,988,3,0.175261480826696,1095.0999755859375
206,1107,4,0.17798438761690186,1012.4000244140625
206,1665,5,0.20018726689687072,2297.800048828125
207,1518,1,0.23298336361742103,616.0
207,892,2,0.2694448798935108,1362.800048828125
207,1394,3,0.2808640904435039,788.4000244140625
207,1507,4,0.28901082812012185,718.7999877929688
207,2813,5,0.29035846992807807,1478.199951171875
208,214,1,0.2330026204826856,220.89999389648438
208,2234,2,0.2601892714186146,3047.800048828125
208,2002,3,0.2699133099636737,2325.300048828125
208,995,4,0.2733943363585499,1253.4000244140625
208,1996,5,0.2764040962692675,2317.0
209,1193,1,0.4779897762919965,1126.800048828125
209,599,2,0.5249478360486685,6704.10009765625
209,216,3,0.5285721678865823,681.5
209,2213,4,0.5295114514083112,3062.199951171875
209,2155,5,0.533843001253501,4863.5
210,1310,1,0.32225940117556073,1067.199951171875
210,895,2,0.34020845899223784,1066.5999755859375
210,217,3,0.3797645907971681,522.2000122070312
210,1994,4,0.413806251413225,2356.800048828125
210,1587,5,0.418691278559463,963.2000122070312
211,1996,1,0.25674064887679465,2206.199951171875
211,2886,2,0.2606858276727377,2044.0
211,1519,3,0.26546348660268265,881.0
211,2002,4,0.2800611061402951,2214.5
211,1988,5,0.2853900644663785,2379.5
212,2120,1,0.2747809852832816,879.9000244140625
212,2187,2,0.28233211340414227,1195.5
212,1203,3,0.32371694120040906,1016.7999877929688
212,1522,4,0.34640279306919564,1013.9000244140625
212,705,5,0.3510013811688361,4936.10009765625
213,2142,1,0.3240770039348973,1327.800048828125
213,360,2,0.35515631018126137,2005.5
213,217,3,0.3612520757445289,668.5999755859375
213,1852,4,0.3914477640070841,1631.199951171875
213,905,5,0.3974952798332151,1633.9000244140625
214,208,1,0.2330026204826856,220.89999389648438
214,2019,2,0.2893716168475886,2216.60009765625
214,215,3,0.3042340870075405,287.29998779296875
214,1168,4,0.3141020204297443,5026.10009765625
214,2234,5,0.3223465676551294,2826.89990234375
215,2298,1,0.21276877993366022,2676.800048828125
215,911,2,0.22922851178040976,807.4000244140625
215,220,3,0.23409789153333824,482.79998779296875
215,1154,4,0.24314727218457174,6084.2998046875
215,908,5,0.2552972779382132,716.2000122070312
216,221,1,0.2033434286816696,387.0
216,1612,2,0.2632110649298577,3732.39990234375
216,220,3,0.263511115420484,334.5
216,1535,4,0.266580376136691,1115.9000244140625
216,1988,5,0.2744175080731369,2232.5
217,1066,1,0.26207602921553824,877.0
217,271,2,0.26991114124053533,1462.4000244140625
217,1770,3,0.2879817940088554,600.4000244140625
217,1308,4,0.31171433438129476,1124.0999755859375
217,223,5,0.31559270250783905,97.0999984741211
218,685,1,0.4398905198088559,4605.0
218,1983,2,0.4443549286292836,2501.89990234375
218,1110,3,0.4453968857903971,1023.2999877929688
218,1988,4,0.4579424336206874,2375.0
218,1631,5,0.46099618241631274,3730.300048828125
219,994,1,0.3756815312824938,1084.9000244140625
219,1120,2,0.3885535878996749,929.0
219,2132,3,0.46158254579411956,881.5999755859375
219,2139,4,0.4623326964940428,665.7999877929688
219,1304,5,0.4637162805293422,833.9000244140625
220,2041,1,0.19744582930830074,2258.300048828125
220,1535,2,0.19926751290107406,986.7999877929688
220,1988,3,0.22637265649871688,2074.60009765625
220,2155,4,0.23381792498540083,4265.60009765625
220,215,5,0.23409789153333824,482.79998779296875
221,216,1,0.2033434286816696,387.0
221,1992,2,0.25345515039864897,2288.89990234375
221,1988,3,0.27382113620381693,2378.0
221,1154,4,0.2810696834926749,5905.5
221,220,5,0.28817199612600136,304.0
222,1401,1,0.24192848819239948,249.0
222,2232,2,0.2600630141417281,3356.300048828125
222,1403,3,0.2635752951883664,396.70001220703125
222,1394,4,0.2799834520783293,371.1000061035156
222,996,5,0.28772393417826103,1035.5
223,239,1,0.172048731060343,1964.5
223,215,2,0.29502325093557635,273.70001220703125
223,1113,3,0.2970881317101991,1125.199951171875
223,241,4,0.2991583093676568,1510.5
223,2298,5,0.30092550174514326,2552.300048828125
224,2279,1,0.13397375019577762,1242.300048828125
224,1107,2,0.1653807903806087,1012.5999755859375
224,1236,3,0.16645506663639142,2969.0
224,1233,4,0.18920817036661106,2999.89990234375
224,763,5,0.1902735008615457,793.0999755859375
225,2245,1,0.2758749725499594,3312.10009765625
225,228,2,0.2912637193730775,745.2999877929688
225,1508,3,0.3638108863513777,3026.39990234375
225,844,4,0.36827281792484806,8873.7001953125
225,330,5,0.3738646511012621,7382.89990234375
226,2233,1,0.4093624731930757,2804.800048828125
226,2302,2,0.441070018780026,2014.699951171875
226,2230,3,0.4631252667892052,2308.699951171875
226,231,4,0.48957243370607906,414.8999938964844
226,1786,5,0.503223042785728,2130.5
227,891,1,0.3776787327503558,1018.7000122070312
227,228,2,0.3937290929490248,459.29998779296875
227,234,3,0.45378844981961136,229.5
227,225,4,0.4546059857224764,314.79998779296875
227,1990,5,0.45911670636816415,1694.300048828125
228,891,1,0.22332298378070145,993.2000122070312
228,229,2,0.25914947027306995,477.29998779296875
228,1990,3,0.27671584535552857,1668.800048828125
228,2245,4,0.2793094005527255,3000.60009765625
228,225,5,0.2912637193730775,745.2999877929688
229,892,1,0.21017862880274774,547.7000122070312
229,1990,2,0.2257650835727177,1191.5
229,3011,3,0.2414087093589134,1476.0999755859375
229,1974,4,0.2521100040677851,1438.699951171875
229,1999,5,0.25471282008594703,1320.0999755859375
230,231,1,0.3484845096141927,445.79998779296875
230,220,2,0.368545121063839,1612.199951171875
230,284,3,0.38290891475849587,1247.199951171875
230,2215,4,0.40064941353851813,2025.9000244140625
230,232,5,0.4158897565703154,742.0
231,220,1,0.3038036793632432,1184.199951171875
231,2304,2,0.3144386956543057,1375.300048828125
231,2041,3,0.3236163521023193,1407.300048828125
231,211,4,0.336828610580746,1489.0999755859375
231,1185,5,0.33827258652224695,1609.300048828125
232,2023,1,0.3761193904334075,1064.300048828125
232,746,2,0.3850573576976715,684.2999877929688
232,242,3,0.3985180945602719,364.79998779296875
232,230,4,0.4158897565703154,742.0
232,2215,5,0.42378814799353115,1354.199951171875
233,216,1,0.4257356515380414,1416.199951171875
233,242,2,0.43102432937492724,136.39999389648438
233,1057,3,0.4322731731096152,1040.0999755859375
233,1068,4,0.43280804199096995,1112.0
233,451,5,0.43738991501184904,3561.699951171875
234,891,1,0.27103130954204513,789.2000122070312
234,228,2,0.29473232831042195,229.8000030517578
234,229,3,0.34625612631364233,273.29998779296875
234,2245,4,0.35535000845835824,2796.60009765625
234,1184,5,0.362121615629965,1983.199951171875
235,1624,1,0.31907387930848313,2192.89990234375
235,559,2,0.3283556964494208,2806.89990234375
235,2042,3,0.33395057586730903,1014.2000122070312
235,1268,4,0.35089750389949026,411.70001220703125
235,1298,5,0.35853888673620943,423.0
236,1643,1,0.26206438647195446,2290.39990234375
236,1988,2,0.29000289062999124,1413.199951171875
236,905,3,0.2955374099786619,356.6000061035156
236,2155,4,0.29927598377992615,3673.199951171875
236,1154,5,0.3284774419566146,5009.7998046875
237,453,1,0.4232612098124468,3539.800048828125
237,571,2,0.44394569147499735,2905.199951171875
237,574,3,0.4510332546683656,5066.7001953125
237,283,4,0.46173149077494613,628.9000244140625
237,2225,5,0.4628468795219013,2435.300048828125
238,900,1,0.36730314663486285,587.5999755859375
238,1340,2,0.37398579367954005,1305.9000244140625
238,532,3,0.38688529014069717,3044.199951171875
238,2159,4,0.3917680449082899,2990.5
238,1269,5,0.3963895235123916,405.0
239,223,1,0.172048731060343,1964.5
239,2325,2,0.2692375109703097,1360.5
239,2304,3,0.2776953501452815,1650.0
239,215,4,0.28065874000135155,2034.9000244140625
239,2298,5,0.2807049107619937,1671.199951171875
240,755,1,0.34701044798235403,951.4000244140625
240,745,2,0.3646902388384745,949.5
240,2059,3,0.380762637368828,1806.0
240,1588,4,0.39585884856214715,1539.0999755859375
240,2015,5,0.4185772231568691,1367.9000244140625
241,223,1,0.2991583093676568,1510.5
241,908,2,0.301117568039054,865.7000122070312
241,2886,3,0.31814704811992667,785.4000244140625
241,239,4,0.33029626038674353,454.0
241,995,5,0.33508441561601865,1072.300048828125
242,277,1,0.30362363785803803,847.0
242,2039,2,0.3213278097943304,1363.800048828125
242,1535,3,0.323331990475329,1140.4000244140625
242,2042,4,0.336238365084141,1115.5999755859375
242,1624,5,0.3392521492224986,2294.199951171875
243,885,1,0.4293322521934348,7407.0
243,2208,2,0.5162146977871948,2396.60009765625
243,877,3,0.531681693827547,7606.2001953125
243,874,4,0.5339545139166992,7544.7998046875
243,714,5,0.5482204272618945,4211.89990234375
269,278,1,0.1445208672440516,7.199999809265137
269,419,2,0.18449071039669498,504.29998779296875
269,373,3,0.22141462412740961,353.5
269,1258,4,0.22485577446823482,297.20001220703125
269,1303,5,0.23463804614066067,612.2999877929688
270,1899,1,0.25586569327599373,374.79998779296875
270,1112,2,0.2840315288776733,561.9000244140625
270,1578,3,0.31693303119834404,1151.699951171875
270,1934,4,0.3295540732886103,598.5
270,1394,5,0.331168674466342,1364.699951171875
271,1308,1,0.21571844200467746,481.6000061035156
271,705,2,0.23955762227593871,3700.5
271,2174,3,0.2419797589011374,743.7999877929688
271,999,4,0.26650405445461145,412.5
271,1583,5,0.26874184476678376,1199.699951171875
272,696,1,0.33923055504652644,3553.60009765625
272,2305,2,0.3664398000055648,1053.4000244140625
272,593,3,0.4257917302297207,4981.2001953125
272,282,4,0.43598340969110777,204.1999969482422
272,545,5,0.45730189643263053,2760.89990234375
273,381,1,0.31343368385549253,385.6000061035156
273,1656,2,0.31866352644381607,2049.10009765625
273,1630,3,0.3759285925597735,2327.10009765625
273,564,4,0.3769654566570895,2833.10009765625
273,571,5,0.380345387870821,2986.5
274,1666,1,0.22551969259191634,521.9000244140625
274,545,2,0.28280503797007345,2788.89990234375
274,521,3,0.2946723115624182,2673.199951171875
274,735,4,0.29816777773716885,628.7000122070312
274,2062,5,0.29913924923559015,1026.199951171875
275,1349,1,0.4340826541060637,1514.800048828125
275,542,2,0.5409636133316317,3006.10009765625
275,2134,3,0.5656818834311665,913.4000244140625
275,1121,4,0.583771126719367,526.2000122070312
275,914,5,0.5926328147613031,1136.699951171875
276,1636,1,0.4063385494333418,1981.5
276,494,2,0.5680396072680397,207.60000610351562
276,68,3,0.5940488899536155,609.4000244140625
276,1351,4,0.6219846574756467,1128.9000244140625
276,753,5,0.680430637552883,691.0999755859375
277,2314,1,0.281395105971717,1004.9000244140625
277,242,2,0.30362363785803803,847.0
277,1339,3,0.3383596157308912,1274.5
277,1278,4,0.3442688638035247,119.19999694824219
277,358,5,0.34618291538656565,340.20001220703125
278,269,1,0.1445208672440516,7.199999809265137
278,373,2,0.1862246597320804,360.1000061035156
278,820,3,0.19576002062931705,1698.4000244140625
278,507,4,0.20755839217585928,2948.0
278,676,5,0.23040682477845081,3506.699951171875
279,489,1,0.3007344960923369,154.60000610351562
279,1287,2,0.33456656777647537,313.1000061035156
279,1272,3,0.35820985590081067,435.1000061035156
279,2163,4,0.3778231993536308,2732.10009765625
279,1648,5,0.3922954018066556,2008.199951171875
280,1292,1,0.2639620596782324,272.8999938964844
280,1284,2,0.31682799908039877,157.3000030517578
280,537,3,0.32285627805496075,2855.10009765625
280,901,4,0.3377813542913623,1127.5
280,1770,5,0.36359208951185085,1451.9000244140625
281,489,1,0.4618356802566349,182.89999389648438
281,1544,2,0.46404349560341607,368.5
281,184,3,0.4749215114864457,1718.9000244140625
281,1270,4,0.49302995900422825,255.5
281,1120,5,0.49606785866544834,627.5999755859375
282,2305,1,0.3871999061799156,1032.4000244140625
282,272,2,0.43598340969110777,204.1999969482422
282,2302,3,0.4500804640080186,1006.4000244140625
282,898,4,0.450226258800189,880.9000244140625
282,531,5,0.45125889182452805,2764.60009765625
283,1193,1,0.3815498989515144,1600.5999755859375
283,60,2,0.4153028627427489,654.5999755859375
283,571,3,0.4207865342841958,2777.60009765625
283,531,4,0.4520519407184528,2774.0
283,237,5,0.46173149077494613,628.9000244140625
284,1056,1,0.32267544275053056,720.0999755859375
284,1535,2,0.32714810066113603,459.70001220703125
284,1644,3,0.3362406168248669,1911.5
284,220,4,0.36236128991175837,1195.199951171875
284,1653,5,0.3626269382206534,2003.0
285,1309,1,0.29917342749612663,430.70001220703125
285,2129,2,0.3941912110489529,822.2999877929688
285,1907,3,0.4132450946446072,827.7999877929688
285,2127,4,0.4573211039185442,899.0999755859375
285,1220,5,0.458715911749604,923.0999755859375
287,1420,1,0.2916155446755471,753.7000122070312
287,2087,2,0.29547104556679715,535.5
287,1921,3,0.30028319619717764,377.70001220703125
287,541,4,0.31032628684026015,2924.60009765625
287,2077,5,0.31399793412207233,505.3999938964844
288,1916,1,0.3362049282447421,362.1000061035156
288,1547,2,0.41361715464620014,504.70001220703125
288,479,3,0.421906283731341,272.1000061035156
288,1331,4,0.43010443396114345,656.9000244140625
288,307,5,0.4303728203500298,29.399999618530273
289,287,1,0.3267958334844937,35.900001525878906
289,307,2,0.3639606257334308,231.0
289,541,3,0.38117153062150383,2914.300048828125
289,479,4,0.39171010642849435,57.0
289,1916,5,0.3970537267044801,402.1000061035156
290,1746,1,0.47570557225549803,216.6999969482422
290,184,2,0.544642309180576,1342.5
290,2260,3,0.566417444710341,140.60000610351562
290,1681,4,0.5791276135067516,552.5999755859375
290,490,5,0.6096997756598631,211.6999969482422
292,1938,1,0.378181153722917,560.5999755859375
292,293,2,0.44601399532991687,222.5
292,1759,3,0.4463494173194939,310.0
292,1666,4,0.4555310928258156,586.9000244140625
292,1929,5,0.4749334027297194,509.79998779296875
293,1929,1,0.2755838240756973,537.0999755859375
293,2259,2,0.30961838084489735,383.5
293,1038,3,0.31518325426222044,727.9000244140625
293,1931,4,0.33279473083510136,589.4000244140625
293,1019,5,0.34229429316167637,612.5999755859375
294,1217,1,0.26461984518123255,698.4000244140625
294,2117,2,0.29302905838096166,817.2000122070312
294,1205,3,0.2977521569887511,663.4000244140625
294,2255,4,0.3244823475949518,363.20001220703125
294,1423,5,0.3492176131582744,321.8999938964844
295,2080,1,0.19246973541174678,431.29998779296875
295,1856,2,0.21076076603084298,436.8999938964844
295,1419,3,0.24828135937077833,524.2999877929688
295,2255,4,0.2556006283313007,245.89999389648438
295,1714,5,0.2571612742876619,673.4000244140625
296,1904,1,0.4227741573704348,482.20001220703125
296,1298,2,0.4280113931009414,523.4000244140625
296,2028,3,0.44801723841112856,1302.9000244140625
296,1355,4,0.457781269624466,1557.199951171875
296,1849,5,0.4709782591447302,255.3000030517578
297,2078,1,0.5048041674028977,291.5
297,1018,2,0.5255460788689128,485.5
297,1915,3,0.526476822925682,622.7999877929688
297,1745,4,0.5462781453698154,168.6999969482422
297,1012,5,0.5471998401810243,662.7000122070312
298,2259,1,0.2893155746761388,336.79998779296875
298,1693,2,0.30316499755083276,853.7000122070312
298,495,3,0.30860170217693733,265.70001220703125
298,1944,4,0.31191365717605063,254.6999969482422
298,521,5,0.3443583015659419,2968.5
300,1761,1,0.40329828996398287,94.5999984741211
300,2098,2,0.41698953755716267,440.79998779296875
300,1918,3,0.43951707768453585,402.3999938964844
300,1242,4,0.4672656806202923,3228.5
300,1253,5,0.4744255367348512,3348.5
301,1249,1,0.3269611612685628,2977.699951171875
301,554,2,0.3465413418120576,3175.699951171875
301,278,3,0.35447203616707745,408.6000061035156
301,507,4,0.36205895438560776,3126.699951171875
301,927,5,0.3648303237701661,1100.300048828125
302,1925,1,0.40487157109626837,520.7000122070312
302,1044,2,0.4596552755271153,884.0
302,1762,3,0.47853176772517664,299.3999938964844
302,1749,4,0.5027658477806034,275.5
302,2269,5,0.5202411457779444,281.29998779296875
303,1562,1,0.24859028802684824,284.70001220703125
303,998,2,0.28167472992111126,540.5999755859375
303,677,3,0.2828136264343758,3430.0
303,1449,4,0.28392769949339547,490.29998779296875
303,675,5,0.2865982149400065,3832.300048828125
304,1686,1,0.5629114061557987,1313.9000244140625
304,1129,2,0.7317603099091317,501.79998779296875
304,188,3,0.8089073900654127,863.7000122070312
304,1570,4,0.8141041725090957,543.2000122070312
304,1214,5,0.8148454885355639,748.7000122070312
305,2258,1,0.2875308240877838,302.1000061035156
305,521,2,0.30992149805443736,3033.699951171875
305,2080,3,0.3167546460825734,456.3999938964844
305,922,4,0.3191383006022096,1122.0
305,1428,5,0.32140979765433797,517.7999877929688
306,835,1,0.2935619548358668,1325.4000244140625
306,922,2,0.335317079452088,1122.699951171875
306,2258,3,0.33698962928319726,343.79998779296875
306,1428,4,0.34270033921587356,473.8999938964844
306,1927,5,0.3532990290480351,682.5
307,1752,1,0.3222241315300268,152.6999969482422
307,1916,2,0.3617149436323413,335.1000061035156
307,289,3,0.3639606257334308,231.0
307,1753,4,0.37040334770840927,54.0
307,1543,5,0.3724218000994497,262.20001220703125
308,1670,1,0.31324424830107234,1019.7999877929688
308,2077,2,0.3164739025295395,440.3999938964844
308,1944,3,0.3273388555458848,322.29998779296875
308,1900,4,0.33029402115065837,506.0
308,1566,5,0.3471076802199174,182.39999389648438
309,612,1,0.5365680350390671,3104.39990234375
309,326,2,0.5842821891347523,21.0
309,785,3,0.6067259873610037,2980.10009765625
309,1430,4,0.6202878149982541,1873.300048828125
309,842,5,0.6292627729877163,2318.199951171875
312,843,1,0.29648111239809,2106.39990234375
312,229,2,0.30316868867449515,6853.89990234375
312,581,3,0.30812672278751024,1684.9000244140625
312,579,4,0.34056146525406567,1576.300048828125
312,2880,5,0.3488882263257197,6571.39990234375
314,340,1,0.6782545379742347,176.5
314,320,2,0.6960145654144506,772.2000122070312
314,323,3,0.7194098670637344,
314,580,4,0.7681925995988523,2227.39990234375
314,317,5,0.7783852593061289,854.9000244140625
316,341,1,0.5357438698521114,806.2000122070312
316,718,2,0.7422053182971894,
316,614,3,0.7573269217015193,5654.89990234375
316,2349,4,0.8022987428325582,4069.699951171875
316,334,5,0.8137484029056783,6641.60009765625
317,319,1,0.597640637800094,1920.0
317,879,2,0.6050922367656629,2307.60009765625
317,320,3,0.6684790767480224,82.69999694824219
317,2339,4,0.721247825402654,2794.199951171875
317,338,5,0.7626429538523946,1066.699951171875
318,619,1,0.7709520032159163,
318,854,2,0.7758106532575334,
318,1958,3,0.8112509450898737,4498.60009765625
318,331,4,0.81197081794174,1142.5999755859375
318,613,5,0.8746049902559577,4888.0
319,317,1,0.597640637800094,1920.0
319,879,2,0.6878638577987246,2872.800048828125
319,338,3,0.7406153142743799,853.4000244140625
319,314,4,0.8035323871117829,1265.9000244140625
319,1970,5,0.8101357118485939,4211.7998046875
320,317,1,0.6684790767480224,82.69999694824219
320,314,2,0.6960145654144506,772.2000122070312
320,879,3,0.7275565467409348,2224.89990234375
320,2339,4,0.795222669655738,2711.39990234375
320,848,5,0.8035120586804285,2727.0
321,416,1,0.850919306583517,4572.7001953125
321,613,2,0.9183968840149355,3564.5
321,1139,3,0.9201247341796461,3411.89990234375
321,405,4,0.9243486472065205,4478.7001953125
321,1170,5,0.9360899122440955,3374.5
323,314,1,0.7194098670637344,
323,340,2,0.812507522762158,
323,2250,3,0.872042629978726,
323,855,4,0.8897779519911551,
323,320,5,0.9017381511523405,
324,777,1,0.50871430640242,
324,843,2,0.5141450066438463,
324,2338,3,0.5322723131330437,
324,889,4,0.5338898440340804,
324,605,5,0.5390914093544164,
325,2880,1,0.23549549778423276,5596.7001953125
325,846,2,0.34371932213570205,4254.7998046875
325,843,3,0.3769597179501215,4353.60009765625
325,312,4,0.3789111804307805,3173.60009765625
325,2238,5,0.3894508451360444,5602.39990234375
326,309,1,0.5842821891347523,21.0
326,612,2,0.6859118836466469,3083.5
326,324,3,0.6968364694631832,
326,405,4,0.7067203981305429,4275.39990234375
326,589,5,0.7225282780607324,1843.300048828125
327,330,1,0.2984422791809973,2871.5
327,2219,2,0.3457819029451164,4131.7998046875
327,2218,3,0.37280870613520123,4195.89990234375
327,678,4,0.3812857469854091,
327,2146,5,0.40372389725326324,4033.0
329,604,1,0.5902439845981257,2128.199951171875
329,614,2,0.641941287375088,3556.699951171875
329,342,3,0.6460641841998485,162.89999389648438
329,1957,4,0.6769327120657838,3062.800048828125
329,607,5,0.7514865187850436,2090.0
330,875,1,0.2862937049370859,646.9000244140625
330,327,2,0.2984422791809973,2871.5
330,678,3,0.35628637409398145,
330,312,4,0.3692927960775034,269.70001220703125
330,225,5,0.3738646511012621,7382.89990234375
331,318,1,0.81197081794174,1142.5999755859375
331,619,2,0.837883066535458,
331,1958,3,0.9482811890635293,5635.7001953125
331,614,4,0.956142787449253,6124.0
331,334,5,0.971427172235262,7110.7998046875
332,2345,1,0.5484289700331166,
332,2348,2,0.550489572619015,
332,726,3,0.617919681627664,
332,1961,4,0.6192571388383039,4437.89990234375
332,324,5,0.628556955523738,
333,325,1,0.39797466705934864,420.79998779296875
333,2880,2,0.4102239709365786,6007.60009765625
333,613,3,0.4295898768009804,5507.89990234375
333,674,4,0.4378652170088821,2354.699951171875
333,2620,5,0.43858233201584296,5410.7001953125
334,614,1,0.681029397747212,5957.7001953125
334,1958,2,0.7413217144336041,5469.39990234375
334,316,3,0.8137484029056783,6641.60009765625
334,339,4,0.8545548011567566,4586.2998046875
334,1955,5,0.8549827426920146,5408.39990234375
335,2345,1,0.7616255506830137,
335,855,2,0.8272709377280342,4452.7001953125
335,615,3,0.8889814850495223,5151.0
335,332,4,0.9534358306313373,928.2999877929688
335,2250,5,1.0286595478050677,9093.2001953125
336,851,1,0.6064262947409326,4240.39990234375
336,916,2,0.6101630493865339,6781.7998046875
336,2341,3,0.6492124316812421,3834.10009765625
336,2343,4,0.6540861094788997,4067.10009765625
336,787,5,0.6550194364577249,4823.7998046875
337,343,1,0.6588948334786623,80.0999984741211
337,339,2,0.775842112087749,270.5
337,336,3,0.9242893125111161,4063.60009765625
337,616,4,0.9507694944436421,4009.89990234375
337,340,5,0.9910519203208906,410.5
338,319,1,0.7406153142743799,853.4000244140625
338,615,2,0.7466113480559533,3660.699951171875
338,317,3,0.7626429538523946,1066.699951171875
338,340,4,0.7699649340778307,564.2999877929688
338,314,5,0.8252914381227537,412.5
339,1957,1,0.658371000380201,3105.699951171875
339,1955,2,0.6669313461985829,3050.300048828125
339,324,3,0.6731209792093682,
339,605,4,0.7050438080785556,2171.0
339,855,5,0.7124769113710311,2712.60009765625
340,855,1,0.5150506187712286,2925.199951171875
340,2250,2,0.5771549596547259,7565.7001953125
340,848,3,0.6117817035909339,2484.39990234375
340,615,4,0.6352198431918709,3623.5
340,917,5,0.6750209463157261,8471.2998046875
341,316,1,0.5357438698521114,806.2000122070312
341,718,2,0.7990821555898093,
341,2345,3,0.8183367773091654,
341,334,4,0.8574510198451974,6291.5
341,2349,5,0.8969152106309487,3719.60009765625
342,614,1,0.533957219995379,3546.699951171875
342,1969,2,0.5494972231680938,2927.0
342,329,3,0.6460641841998485,162.89999389648438
342,1963,4,0.6600195052016634,3249.199951171875
342,1957,5,0.6622227337821157,3052.800048828125
343,337,1,0.6588948334786623,80.0999984741211
343,317,2,0.814340672005672,836.7999877929688
343,320,3,0.9407524081048866,754.0999755859375
343,580,4,0.9886131666718462,2211.199951171875
343,340,5,1.0578597702110004,334.3999938964844
345,824,1,0.31365672969383507,197.39999389648438
345,167,2,0.3671834801475317,120.4000015258789
345,2371,3,0.3992416801272688,2480.39990234375
345,812,4,0.4071306947737827,215.8000030517578
345,809,5,0.42263901497983053,383.70001220703125
346,352,1,0.5379855097322326,43.5
346,167,2,0.6556911837673988,98.69999694824219
346,345,3,0.6607844453886567,41.70000076293945
346,2362,4,0.7394730982526797,2467.199951171875
346,1601,5,0.7477577749734483,3961.699951171875
347,348,1,0.648366348267341,10.199999809265137
347,352,2,0.6873489407601199,32.0
347,345,3,0.9530888032905096,42.29999923706055
347,346,4,1.0458761812363455,17.600000381469727
347,1601,5,1.075375589832438,3944.199951171875
348,352,1,0.564525157678542,42.29999923706055
348,347,2,0.648366348267341,10.199999809265137
348,345,3,0.7033290957673686,52.599998474121094
348,167,4,0.7859151096427975,83.4000015258789
348,2876,5,0.8643006975833751,198.10000610351562
349,1428,1,0.6122906150643536,1266.5
349,821,2,0.6525172157141343,254.0
349,835,3,0.6640214753192094,281.3999938964844
349,810,4,0.6825637952804684,285.79998779296875
349,2075,5,0.6887909765628848,1358.699951171875
351,811,1,0.28841618871823593,123.9000015258789
351,1936,2,0.34685733136211705,1254.199951171875
351,1,3,0.36494896492045514,455.1000061035156
351,2647,4,0.3701189140980338,1687.800048828125
351,2881,5,0.3880813518188022,176.60000610351562
352,345,1,0.45774159613315235,24.899999618530273
352,167,2,0.5178843351205531,98.9000015258789
352,346,3,0.5379855097322326,43.5
352,348,4,0.564525157678542,42.29999923706055
352,824,5,0.6466467966181997,175.8000030517578
354,2401,1,0.15501197421727564,1506.4000244140625
354,2453,2,0.1563120125416908,1493.800048828125
354,1134,3,0.15657949629541154,4306.0
354,2383,4,0.15692484981259178,1516.199951171875
354,1597,5,0.15815665419854122,2497.39990234375
355,478,1,0.1268016672730155,393.70001220703125
355,1258,2,0.1406296817052632,477.3999938964844
355,504,3,0.141106488284443,2484.89990234375
355,2275,4,0.17419769603126203,700.4000244140625
355,418,5,0.1846047350809854,177.89999389648438
356,1181,1,0.3475018639763595,1922.5
356,1197,2,0.3553837279822356,1899.699951171875
356,1187,3,0.39754657047361497,1927.5999755859375
356,603,4,0.403241525160307,5160.39990234375
356,1973,5,0.40425490677897974,710.5
357,1175,1,0.20046239431959031,4078.300048828125
357,67,2,0.28459250320314927,447.70001220703125
357,735,3,0.29890444839861213,395.8999938964844
357,391,4,0.30180248315333325,69.0999984741211
357,71,5,0.3126045391508827,406.29998779296875
358,2041,1,0.3245055861867992,1125.0
358,60,2,0.3409448440527896,440.8999938964844
358,277,3,0.34618291538656565,340.20001220703125
358,1048,4,0.3493003756157639,965.7000122070312
358,359,5,0.3745222423344645,298.1000061035156
359,49,1,0.31567319131823973,232.10000610351562
359,1048,2,0.32811305944068186,1096.5999755859375
359,564,3,0.3359451170051118,2275.39990234375
359,378,4,0.33938029579202716,284.70001220703125
359,381,5,0.35813366762723786,215.0
360,1308,1,0.2318480061181226,558.5
360,705,2,0.2739481894002392,3398.199951171875
360,993,3,0.2830249512322017,555.7000122070312
360,271,4,0.3004951961269536,306.8999938964844
360,905,5,0.30075756929921127,1043.0
361,31,1,0.35836158298613874,456.1000061035156
361,359,2,0.5114977619297375,354.8999938964844
361,496,3,0.5184780901191955,229.0
361,396,4,0.5219485540766854,140.39999389648438
361,48,5,0.5227212593292516,564.4000244140625
362,385,1,0.15611019828889086,109.5999984741211
362,1632,2,0.18758260412401198,1608.300048828125
362,25,3,0.1879602235648116,293.3999938964844
362,76,4,0.19225661105860295,286.0
362,1008,5,0.20410342475926513,1057.9000244140625
363,283,1,0.465415790426949,294.29998779296875
363,1196,2,0.4980982292488526,1610.5999755859375
363,396,3,0.5697842182519104,299.79998779296875
363,494,4,0.5701597573382461,191.3000030517578
363,1195,5,0.5758517503211589,1556.0
364,390,1,0.358033001547785,59.599998474121094
364,1275,2,0.37433098912939294,350.5
364,486,3,0.37482505278321787,248.89999389648438
364,436,4,0.3916674447228775,311.3999938964844
364,71,5,0.394054192096695,671.9000244140625
365,1666,1,0.31469003196216605,494.29998779296875
365,274,2,0.3811623125132898,132.60000610351562
365,490,3,0.38359772783280377,208.39999389648438
365,1681,4,0.38982692959564136,483.20001220703125
365,378,5,0.4405225342766821,119.0999984741211
366,357,1,0.3887965496116449,69.9000015258789
366,46,2,0.398724298867986,257.29998779296875
366,489,3,0.4064894020783721,421.8999938964844
366,1175,4,0.42310167602737847,4042.0
366,274,5,0.42851031069752094,431.20001220703125
367,45,1,0.4859081522410286,452.6000061035156
367,696,2,0.4861416203609707,3427.39990234375
367,52,3,0.5160799280152476,441.8999938964844
367,61,4,0.5304335259953259,691.4000244140625
367,59,5,0.5330687796165895,557.7000122070312
368,380,1,0.18356915304768473,27.200000762939453
368,2006,2,0.18885735709990986,664.9000244140625
368,374,3,0.18899790099535516,106.30000305175781
368,375,4,0.19362089369807786,352.29998779296875
368,452,5,0.19670909349808896,3061.800048828125
369,593,1,0.32357867925588196,5027.7001953125
369,756,2,0.34488992038425414,608.5
369,1261,3,0.35072827452103267,444.3999938964844
369,387,4,0.3523576149169517,293.8999938964844
369,43,5,0.35606042522748904,584.0
370,1570,1,0.6234518125807952,316.29998779296875
370,1751,2,0.6349562631219045,573.5999755859375
370,2171,3,0.6511280471204863,1015.0
370,2208,4,0.6517369577972438,1620.5
370,1111,5,0.6594367083857452,652.7999877929688
371,1315,1,0.23729247344925436,727.0
371,397,2,0.24800166332394324,139.0
371,1863,3,0.2502269490343913,786.9000244140625
371,2119,4,0.25286322974078,984.2999877929688
371,819,5,0.25543603555457584,1621.0999755859375
372,735,1,0.2940361474351949,722.7999877929688
372,36,2,0.32065700580417533,536.2999877929688
372,56,3,0.3443634952073009,551.5
372,535,4,0.34939163981541177,2563.699951171875
372,378,5,0.357858211325768,352.0
373,278,1,0.1862246597320804,360.1000061035156
373,1758,2,0.19835887042429637,724.0999755859375
373,478,3,0.20009857410517526,364.70001220703125
373,1258,4,0.20036031527263712,448.29998779296875
373,820,5,0.20160569081443253,1755.300048828125
374,368,1,0.18899790099535516,106.30000305175781
374,2311,2,0.19484372649951726,558.7000122070312
374,1922,3,0.2014959384833821,585.9000244140625
374,992,4,0.21970033103205625,732.4000244140625
374,2252,5,0.22418608742013715,279.1000061035156
375,918,1,0.1422006912958688,1441.5999755859375
375,1877,2,0.1546591297523651,420.29998779296875
375,988,3,0.1589537890952289,531.4000244140625
375,1668,4,0.16346333998239926,541.0
375,1890,5,0.18664919914206732,394.0
376,72,1,0.6690212058110091,629.2000122070312
376,31,2,0.678858426708326,577.7999877929688
376,1174,3,0.7032685031985398,4514.10009765625
376,48,4,0.7180840197925997,686.0
376,22,5,0.7192667156707652,561.2000122070312
377,1014,1,0.2794823546184193,926.2999877929688
377,2198,2,0.3157036740461144,1509.4000244140625
377,1725,3,0.33447365209585195,1056.9000244140625
377,1580,4,0.3354724658597316,1290.5999755859375
377,2069,5,0.3380090790875949,1260.199951171875
378,60,1,0.22811679162711268,498.8999938964844
378,49,2,0.311573675858519,462.3999938964844
378,735,3,0.3120436794510642,404.20001220703125
378,490,4,0.3153420566181574,296.70001220703125
378,1666,5,0.32859541010253407,421.70001220703125
379,7,1,0.14291425865586924,1695.800048828125
379,1402,2,0.20422050658521715,1554.199951171875
379,2422,3,0.20995204043934557,1553.5999755859375
379,2571,4,0.2244933286780025,842.9000244140625
379,2410,5,0.2449482693323448,1576.4000244140625
380,509,1,0.16625603952854517,2432.89990234375
380,2252,2,0.16936211083249086,269.3999938964844
380,368,3,0.18356915304768473,27.200000762939453
380,75,4,0.1888138244329477,98.0999984741211
380,38,5,0.19538049160800006,155.8000030517578
381,387,1,0.25623901881666694,274.8999938964844
381,1656,2,0.2781246211583047,1678.9000244140625
381,564,3,0.2823808699850517,2462.89990234375
381,424,4,0.30232079172330156,355.70001220703125
381,60,5,0.3034480986419574,429.20001220703125
382,1293,1,0.27032742937053034,495.20001220703125
382,1658,2,0.36374412235806625,1693.9000244140625
382,1610,3,0.4047199388185115,2117.5
382,697,4,0.45390315212427923,3307.39990234375
382,1663,5,0.4981986722110765,1790.800048828125
383,2202,1,0.28070429319051754,976.5999755859375
383,1703,2,0.28500135746496413,539.2000122070312
383,2333,3,0.29049020825533917,1046.5999755859375
383,1302,4,0.3034190969626439,499.1000061035156
383,1296,5,0.31851840297748973,533.9000244140625
384,1296,1,0.3669281193322849,563.0
384,1646,2,0.3794562097308572,1757.699951171875
384,383,3,0.3923645664857506,80.30000305175781
384,1274,4,0.402449216684174,341.1000061035156
384,548,5,0.4065328438996535,2379.5
385,362,1,0.15611019828889086,109.5999984741211
385,25,2,0.21124125418091044,295.70001220703125
385,76,3,0.22122686196841318,337.5
385,1632,4,0.23187018022316944,1661.699951171875
385,1008,5,0.23384774287152144,1107.9000244140625
386,540,1,0.2758651390272562,2386.199951171875
386,2295,2,0.3010441813979924,880.4000244140625
386,760,3,0.30800316809181183,638.4000244140625
386,701,4,0.3241576914785342,3344.300048828125
386,1251,5,0.32781549097184504,2806.39990234375
387,381,1,0.25623901881666694,274.8999938964844
387,431,2,0.2842534284287716,465.70001220703125
387,1683,3,0.30494122546044927,197.60000610351562
387,744,4,0.3185721069880755,599.5
387,1262,5,0.32601851416613903,635.4000244140625
388,1652,1,0.4870144061055465,1836.4000244140625
388,1687,2,0.5741406939620541,694.7000122070312
388,2236,3,0.5846594718619991,1987.699951171875
388,9,4,0.6144263474991745,1716.300048828125
388,1111,5,0.6255064019466224,707.9000244140625
390,364,1,0.358033001547785,59.599998474121094
390,381,2,0.3637310099436534,94.5999984741211
390,60,3,0.3876977553515969,518.2999877929688
390,358,4,0.39285488122917384,219.5
390,378,5,0.40075859481077175,50.20000076293945
391,33,1,0.24237865289760938,348.6000061035156
391,357,2,0.30180248315333325,69.0999984741211
391,56,3,0.32150296073585827,146.0
391,1639,4,0.3469653456617463,1689.5
391,1661,5,0.3518099154932515,1462.800048828125
392,1557,1,0.4055054947183359,679.0999755859375
392,2322,2,0.45453673372076087,945.7000122070312
392,2176,3,0.4628282691493481,1009.7999877929688
392,1554,4,0.48058088758350287,522.7000122070312
392,1628,5,0.482060175494612,2096.800048828125
393,1167,1,0.31470004426212084,4276.2998046875
393,677,2,0.3188976788619489,3237.10009765625
393,303,3,0.3201546985693278,324.3999938964844
393,505,4,0.3271630753112918,2833.10009765625
393,511,5,0.3514997584542956,2484.0
395,520,1,0.47448963816898193,2861.0
395,534,2,0.47649764336627415,2460.800048828125
395,436,3,0.5132827431895901,292.20001220703125
395,433,4,0.5215043447949067,368.79998779296875
395,1335,5,0.5377073362470488,1044.800048828125
396,2069,1,0.41928904844838044,1446.5
396,550,2,0.4305372027573121,2411.300048828125
396,560,3,0.4353623529498169,2660.300048828125
396,359,4,0.44279865417762915,243.89999389648438
396,242,5,0.4479036737939566,1203.800048828125
397,371,1,0.24800166332394324,139.0
397,55,2,0.25175393018392933,453.8999938964844
397,374,3,0.2643787711726746,109.0
397,2060,4,0.2854092639879281,1307.4000244140625
397,1985,5,0.2926274035005534,1019.0
398,1146,1,0.43526992148263893,3588.60009765625
398,1692,2,0.4657484604342833,693.7000122070312
398,1776,3,0.47166016092352053,1632.199951171875
398,1661,4,0.502402595941698,1373.4000244140625
398,366,5,0.506893539559444,36.0
401,1173,1,0.5726532310749548,1642.4000244140625
401,403,2,0.6154553813830275,119.19999694824219
401,2208,3,0.6221239733580328,2348.5
401,388,4,0.7027241374363784,3799.60009765625
401,1159,5,0.7040818803848711,2029.699951171875
402,401,1,1.1659713461334846,43.70000076293945
402,903,2,1.2780462081388908,4164.2001953125
402,1173,3,1.3190108619799894,1605.699951171875
402,388,4,1.4123406131191965,3762.89990234375
402,9,5,1.5173193632141857,5153.0
403,20,1,0.5570832411974947,1769.5
403,1159,2,0.5854692276909989,2068.5
403,401,3,0.6154553813830275,119.19999694824219
403,2208,4,0.6388388916722343,2387.300048828125
403,1687,5,0.673355425574929,3743.5
404,458,1,0.34605913060624277,623.2999877929688
404,1250,2,0.4721080976119896,1476.0999755859375
404,511,3,0.4946936733026257,1751.5
404,455,4,0.49558011124341583,528.4000244140625
404,1249,5,0.5071189938714937,1175.699951171875
405,448,1,0.5367066007952523,393.3999938964844
405,410,2,0.5469253280226726,85.69999694824219
405,12,3,0.5866966498686951,1579.199951171875
405,604,4,0.602686037978307,2767.60009765625
405,73,5,0.6071727562186902,3324.699951171875
408,2068,1,0.5041769679133611,4766.10009765625
408,1055,2,0.510185588012083,4682.39990234375
408,1275,3,0.5414874692260403,3631.699951171875
408,386,4,0.5705060012847706,3539.10009765625
408,1251,5,0.5861703637390974,732.7000122070312
410,416,1,0.4048636984654277,82.5999984741211
410,405,2,0.5469253280226726,85.69999694824219
410,414,3,0.6408110044323723,145.39999389648438
410,11,4,0.6723984641858798,2082.0
410,928,5,0.7662888624407883,4979.60009765625
413,2235,1,0.5376623424880854,3573.699951171875
413,458,2,0.54745032310134,767.0
413,2231,3,0.5587765481419493,3269.0
413,1170,4,0.5631971122462457,1721.699951171875
413,8,5,0.5673891064392058,5389.89990234375
414,416,1,0.6223623421547387,132.10000610351562
414,410,2,0.6408110044323723,145.39999389648438
414,11,3,0.699054689312314,2112.60009765625
414,16,4,0.7192526024107123,1847.5
414,405,5,0.7329869420401354,122.69999694824219
416,410,1,0.4048636984654277,82.5999984741211
416,11,2,0.6018022226266352,2107.0
416,414,3,0.6223623421547387,132.10000610351562
416,413,4,0.6252814604876398,339.3999938964844
416,405,5,0.6276785226776088,117.0
418,2275,1,0.15956138499534983,712.5999755859375
418,504,2,0.17685838288727343,2392.199951171875
418,355,3,0.1846047350809854,177.89999389648438
418,1224,4,0.18809819568797473,2422.699951171875
418,1258,5,0.19137213972796427,396.70001220703125
419,481,1,0.15291949317213652,556.2000122070312
419,422,2,0.1530613530641967,81.30000305175781
419,1238,3,0.15930642342581397,2289.5
419,1303,4,0.17180236869337406,1027.4000244140625
419,1260,5,0.1801416463309718,386.79998779296875
420,1333,1,0.22493039632604866,1014.9000244140625
420,748,2,0.25576973310489065,260.6000061035156
420,422,3,0.2676273830129611,236.3000030517578
420,419,4,0.2686624411417596,193.10000610351562
420,2000,5,0.274849845748018,629.5999755859375
421,420,1,0.31735352746809325,236.39999389648438
421,1410,2,0.34961310677834295,1167.800048828125
421,1333,3,0.37749681635867,1016.5
421,301,4,0.3800966667847123,658.9000244140625
421,1411,5,0.3824663286024436,1249.0
422,419,1,0.1530613530641967,81.30000305175781
422,481,2,0.15968084383364067,531.2999877929688
422,1236,3,0.16679909209189825,2466.39990234375
422,1599,4,0.17036223192796096,2183.39990234375
422,748,5,0.18603844304807246,267.79998779296875
423,36,1,0.21746843761521983,204.10000610351562
423,540,2,0.23913635932408517,2294.699951171875
423,431,3,0.24909117853080237,194.3000030517578
423,529,4,0.2696871593541635,2304.10009765625
423,2295,5,0.2853539858899517,885.7000122070312
424,2149,1,0.27726280837826794,2570.39990234375
424,1265,2,0.27775015758620925,131.8000030517578
424,1261,3,0.2779392066604205,378.1000061035156
424,543,4,0.28709647089018064,2400.60009765625
424,381,5,0.30232079172330156,355.70001220703125
425,43,1,0.29170868976787706,428.20001220703125
425,1356,2,0.2950729126005085,914.7000122070312
425,540,3,0.3106215877678761,2300.0
425,438,4,0.31507039463736747,97.0
425,431,5,0.3408609178823722,136.0
428,769,1,0.4457893145611223,616.0
428,533,2,0.4521371478698005,2603.199951171875
428,1298,3,0.46702113746408597,226.60000610351562
428,1537,4,0.46720184535295095,670.2999877929688
428,296,5,0.4799163426230431,585.2000122070312
429,438,1,0.5728905761023887,174.3000030517578
429,523,2,0.6089396467341803,2533.39990234375
429,717,3,0.6138543701608906,2937.5
429,425,4,0.6458406430718673,185.10000610351562
429,1253,5,0.6720460985325136,2590.60009765625
430,1258,1,0.2153425333649039,415.1000061035156
430,757,2,0.22197306370855294,271.5
430,418,3,0.22403670650539095,18.600000381469727
430,73,4,0.2357668546371815,459.8999938964844
430,355,5,0.2526120961320264,179.0
431,43,1,0.21037855670176994,442.5
431,423,2,0.24909117853080237,194.3000030517578
431,540,3,0.2510235831086429,2215.5
431,1356,4,0.25655831606737406,879.7999877929688
431,36,5,0.27348010065947886,397.6000061035156
432,1340,1,0.27679823522195934,770.5999755859375
432,2308,2,0.31343910536068653,431.0
432,1341,3,0.31761547425080333,637.0999755859375
432,2310,4,0.31821929149189043,629.0999755859375
432,2276,5,0.3235576570440505,475.8999938964844
433,1320,1,0.4327201903987406,906.7999877929688
433,761,2,0.44632041742538076,273.8999938964844
433,1311,3,0.44978132286957756,803.0999755859375
433,1299,4,0.45537358819600166,377.6000061035156
433,1335,5,0.47076794329256183,842.5999755859375
434,543,1,0.3176495892232476,2347.800048828125
434,524,2,0.3344573254631078,2249.300048828125
434,431,3,0.34444394331544376,80.30000305175781
434,527,4,0.34883173238702586,2429.0
434,1298,5,0.3572835895114496,381.70001220703125
435,303,1,0.316919869060059,613.2999877929688
435,2076,2,0.3617105470560025,940.7000122070312
435,1562,3,0.36599779433320717,512.2999877929688
435,512,4,0.39009565828462106,2199.300048828125
435,1211,5,0.4151115731997276,1315.5999755859375
436,446,1,0.3803027986203416,107.5999984741211
436,364,2,0.3916674447228775,311.3999938964844
436,1351,3,0.42284488480693083,813.7000122070312
436,43,4,0.4402753973447884,324.5
436,68,5,0.4477398133742212,269.79998779296875
437,1242,1,0.37270144276736034,2559.89990234375
437,442,2,0.40931425120073367,107.9000015258789
437,1244,3,0.45941083115457576,2503.5
437,1253,4,0.4615294154218532,2679.89990234375
437,447,5,0.4644218877338394,92.5
438,43,1,0.2752571566574794,349.3999938964844
438,425,2,0.31507039463736747,97.0
438,446,3,0.3511249723988111,80.0
438,431,4,0.3645831713575826,131.8000030517578
438,540,5,0.4077104722570905,2232.300048828125
440,1995,1,0.2573010985581931,333.79998779296875
440,42,2,0.28577865746110714,208.60000610351562
440,1978,3,0.33363010663646253,624.7000122070312
440,40,4,0.3346739763221553,526.5999755859375
440,2885,5,0.340294000692765,351.5
441,1242,1,0.36049390436029405,2583.60009765625
441,520,2,0.3949172692759622,2668.5
441,690,3,0.49764317714063316,3087.300048828125
441,534,4,0.5417672628170581,2268.199951171875
441,300,5,0.5592630065598266,775.5
442,43,1,0.3568344278023058,470.8999938964844
442,437,2,0.40931425120073367,107.9000015258789
442,1337,3,0.4159201056645344,1088.9000244140625
442,438,4,0.4330823171640472,139.6999969482422
442,2030,5,0.4396389660272904,863.9000244140625
443,1235,1,0.2987668227688032,2496.89990234375
443,1252,2,0.34040480503077963,2482.10009765625
443,1254,3,0.3903493572273801,2646.5
443,1241,4,0.436314170732276,2515.199951171875
443,1237,5,0.4473180669316374,2495.39990234375
444,1573,1,0.2809362551752247,637.5
444,1261,2,0.30225980470526603,503.29998779296875
444,1061,3,0.3388296859812126,817.4000244140625
444,915,4,0.3419309583765785,1224.5
444,1944,5,0.3434504188256454,1073.199951171875
445,428,1,0.6332932026861758,271.6000061035156
445,1298,2,0.6665493460677054,337.0
445,2054,3,0.6797913972020838,1618.5
445,736,4,0.6873530786213322,419.29998779296875
445,235,5,0.7075268915858294,494.0
446,438,1,0.3511249723988111,80.0
446,1351,2,0.35822700694673887,853.7999877929688
446,2274,3,0.3657081655766322,559.7999877929688
446,43,4,0.37619319191643374,390.70001220703125
446,436,5,0.3803027986203416,107.5999984741211
447,43,1,0.4019770115828645,558.0999755859375
447,2159,2,0.42172122986514105,2649.89990234375
447,1299,3,0.424654801220806,51.70000076293945
447,1341,4,0.4359928650202977,831.9000244140625
447,1918,5,0.44042308338775693,1007.9000244140625
448,375,1,0.22301973412340506,3416.5
448,27,2,0.23478047375640715,2948.89990234375
448,1142,3,0.23745988335695217,1237.9000244140625
448,1135,4,0.241621544802341,1335.300048828125
448,510,5,0.24290732725206618,1290.300048828125
449,1623,1,0.4880827791780335,1203.0
449,1628,2,0.544041893206097,1488.0999755859375
449,752,3,0.5606474263428782,2909.10009765625
449,902,4,0.5929876252351122,4303.39990234375
449,2323,5,0.6207033333703883,4406.0
450,2012,1,0.2712486486334754,2359.300048828125
450,2062,2,0.2800200328747469,4540.0
450,1980,3,0.29277379338313336,2575.39990234375
450,49,4,0.30697997355658535,3028.5
450,2886,5,0.3129166124521652,2906.0
451,1068,1,0.2542926214776549,4322.89990234375
451,2187,2,0.2888073435867091,4389.0
451,1203,3,0.31536751779791355,4389.39990234375
451,1113,4,0.3310048298792474,3965.300048828125
451,215,5,0.34078966559022134,4980.60009765625
452,1142,1,0.12592838511867507,1254.0
452,2024,2,0.1876646578196521,2369.0
452,368,3,0.19670909349808896,3061.800048828125
452,766,4,0.19714084961520872,2793.5
452,55,5,0.20514888591856212,2811.0
453,1633,1,0.40071235106484915,1581.0999755859375
453,1048,2,0.41030476832366947,3932.699951171875
453,49,3,0.416714508468887,2967.699951171875
453,2202,4,0.4168607362199185,2164.5
453,20,5,0.4191965969867087,1299.199951171875
455,554,1,0.2784679205084129,1245.0999755859375
455,18,2,0.3154759634020755,1379.5999755859375
455,511,3,0.31571481523976946,1379.5999755859375
455,1249,4,0.32944705037153815,803.7999877929688
455,725,5,0.34729368616520007,112.80000305175781
456,1732,1,0.5122205852845407,4368.39990234375
456,1310,2,0.5289339368570783,3777.89990234375
456,915,3,0.5362632094451232,4064.0
456,1144,4,0.5437725217081947,1208.4000244140625
456,1850,5,0.5564530924509633,4052.199951171875
457,1646,1,0.37323593177395065,1362.699951171875
457,1769,2,0.38075693081087997,4552.7001953125
457,1214,3,0.40076174512523594,4168.89990234375
457,1115,4,0.4152699978572989,3823.39990234375
457,1648,5,0.41570686417250424,1232.0999755859375
458,404,1,0.34605913060624277,623.2999877929688
458,455,2,0.34935595276533193,100.0999984741211
458,1393,3,0.424271408709613,4894.89990234375
458,554,4,0.42627888444511347,1297.699951171875
458,1250,5,0.46088521106402225,1156.800048828125
459,581,1,0.2691350954561696,2812.60009765625
459,686,2,0.3239385971562911,409.70001220703125
459,790,3,0.3762355615584151,4795.7001953125
459,13,4,0.3787732374105322,1351.800048828125
459,693,5,0.38185113902083184,400.1000061035156
460,2201,1,0.31192636227368503,1788.4000244140625
460,524,2,0.32849518973207437,1065.199951171875
460,1675,3,0.3405282980094166,3054.60009765625
460,1612,4,0.3410468839035987,811.9000244140625
460,14,5,0.37294128847129593,948.5
478,355,1,0.1268016672730155,393.70001220703125
478,2887,2,0.12986751526176488,661.0
478,504,3,0.17025512229320114,2875.199951171875
478,1007,4,0.18935921883716492,1007.4000244140625
478,373,5,0.20009857410517526,364.70001220703125
479,2257,1,0.3025681022191539,159.10000610351562
479,2075,2,0.30988425454280066,482.79998779296875
479,1944,3,0.3169252936650806,408.3999938964844
479,2077,4,0.31820983056666247,526.5
479,1916,5,0.31852284894012584,459.1000061035156
480,1740,1,0.2496463870283151,364.20001220703125
480,374,2,0.2672518613319851,356.8999938964844
480,2074,3,0.274400746508006,696.9000244140625
480,992,4,0.2931517629589426,399.5
480,1667,5,0.2939662124893964,507.0
481,419,1,0.15291949317213652,556.2000122070312
481,2282,2,0.15419759575989672,990.7999877929688
481,422,3,0.15968084383364067,531.2999877929688
481,2251,4,0.16206690265122087,245.89999389648438
481,1707,5,0.16758454874017173,994.7999877929688
482,1530,1,0.3053166897756243,152.6999969482422
482,1026,2,0.30945755210872117,767.5
482,541,3,0.3125245789016766,2881.89990234375
482,1941,4,0.3203878919550153,578.5999755859375
482,1759,5,0.32235654219820187,435.6000061035156
484,1642,1,0.4285471833262031,1849.0
484,569,2,0.46929139327896763,3036.10009765625
484,1618,3,0.46988707029842913,2825.300048828125
484,372,4,0.48167163858274004,155.39999389648438
484,555,5,0.49401846053761567,3121.60009765625
485,387,1,0.3393169128969543,321.8999938964844
485,372,2,0.3784733895332879,47.099998474121094
485,36,3,0.39311788102957107,505.6000061035156
485,56,4,0.39590771859646584,520.5
485,431,5,0.40048898381522435,526.4000244140625
486,2310,1,0.3419974324542143,1105.199951171875
486,2274,2,0.34221567552226984,216.6999969482422
486,1262,3,0.344579011386681,507.29998779296875
486,1356,4,0.3606549968732747,1242.199951171875
486,36,5,0.3628438446492446,539.2000122070312
487,46,1,0.48770374632002245,648.7999877929688
487,82,2,0.5216584369030436,567.2000122070312
487,1529,3,0.5377638778157591,401.8999938964844
487,925,4,0.5535529845927657,1331.300048828125
487,1746,5,0.5553978229638252,391.20001220703125
489,279,1,0.3007344960923369,154.60000610351562
489,1067,2,0.317138578388307,947.7999877929688
489,1304,3,0.3205225374966034,703.2999877929688
489,1024,4,0.3335698552277709,1048.199951171875
489,1550,5,0.3616542298760233,181.3000030517578
490,378,1,0.3153420566181574,296.70001220703125
490,365,2,0.38359772783280377,208.39999389648438
490,2262,3,0.39797114085044505,302.1000061035156
490,1666,4,0.4229250487201755,544.4000244140625
490,41,5,0.46727411689731363,587.4000244140625
491,1633,1,0.44669438272727047,2031.199951171875
491,490,2,0.49558298757165875,76.30000305175781
491,1700,3,0.4956687067177533,922.7000122070312
491,53,4,0.5011531676750265,904.2999877929688
491,1641,5,0.5278185557331093,2046.199951171875
492,71,1,0.6643661426195925,921.7000122070312
492,65,2,0.6703777014393826,688.9000244140625
492,56,3,0.6858232341178319,600.5
492,1172,4,0.6970740870404328,4641.39990234375
492,349,5,0.7405926159738977,1669.0999755859375
493,538,1,0.4252167222110831,2904.60009765625
493,1607,2,0.4991651464813744,2411.199951171875
493,703,3,0.5342005877824803,3309.10009765625
493,530,4,0.5565458008492217,2622.60009765625
493,568,5,0.5819074817129397,2556.199951171875
494,1196,1,0.4390188672285253,1479.9000244140625
494,1195,2,0.47901644131509996,1425.300048828125
494,2314,3,0.49433802392663045,1159.800048828125
494,283,4,0.5531889860216377,230.39999389648438
494,746,5,0.5598836505149895,877.7999877929688
495,2057,1,0.27027498318894655,1059.5
495,1273,2,0.29537397441011154,357.29998779296875
495,298,3,0.30860170217693733,265.70001220703125
495,1775,4,0.32143527823299484,1222.300048828125
495,566,5,0.35243714069454185,2995.39990234375
496,524,1,0.34334866295526506,2691.10009765625
496,1663,2,0.3509134372687652,2097.800048828125
496,1296,3,0.36190501058816477,274.8999938964844
496,1278,4,0.3662779522572288,359.20001220703125
496,564,5,0.3854224268973012,2713.0
497,1261,1,0.24187174161313232,328.5
497,1294,2,0.242565171073447,279.8999938964844
497,561,3,0.2511668422910067,2889.60009765625
497,2036,4,0.2703586086383565,1295.699951171875
497,747,5,0.2780868932485242,997.0999755859375
498,1919,1,0.2092527870416927,509.1000061035156
498,510,2,0.22161005837173986,2823.800048828125
498,368,3,0.2234435537167029,450.5
498,374,4,0.23273549409815242,372.6000061035156
498,2252,5,0.23913751873442154,314.8999938964844
499,1352,1,0.5996288470886477,1265.699951171875
499,1682,2,0.614299380074496,840.4000244140625
499,22,3,0.6847375642611241,653.0999755859375
499,1544,4,0.6996566562851406,297.70001220703125
499,1652,5,0.7029878320996908,2006.5999755859375
501,1358,1,0.35495357534001787,1372.5999755859375
501,2017,2,0.36660301596612344,992.5
501,531,3,0.3789049766857625,2989.89990234375
501,1289,4,0.3823020399202066,295.70001220703125
501,539,5,0.3903810289138857,2860.699951171875
502,536,1,0.7240397986929542,2910.199951171875
502,2271,2,0.8199464039976135,185.89999389648438
502,1932,3,0.8536575325607821,483.20001220703125
502,548,4,0.8795015898096921,2820.39990234375
502,384,5,0.8849097333325527,448.20001220703125
503,277,1,0.40633469968157787,302.70001220703125
503,1339,2,0.42945927268537576,1348.800048828125
503,531,3,0.4383450838346167,2877.0
503,282,4,0.45978304692970356,286.5
503,2314,5,0.4640142226727625,1079.199951171875
504,2275,1,0.09730999602871472,1784.5
504,1258,2,0.1119146344058596,2658.699951171875
504,2144,3,0.12697754742412204,472.3999938964844
504,355,4,0.141106488284443,2484.89990234375
504,1665,5,0.14369956694679636,2467.10009765625
505,677,1,0.20170220110414133,879.5999755859375
505,511,2,0.2344966409483717,349.6000061035156
505,1147,3,0.2346617979872124,2442.300048828125
505,722,4,0.25878610752555525,872.2000122070312
505,675,5,0.2671885480634089,1282.0
506,1560,1,0.21721619145281285,3271.89990234375
506,1952,2,0.22631660199869028,3226.800048828125
506,1007,3,0.22987599402381675,3601.5
506,1008,4,0.22995209208498138,3597.699951171875
506,1198,5,0.24358857795426916,3861.699951171875
507,676,1,0.1997942764961908,1116.699951171875
507,373,2,0.20398217015654913,2636.10009765625
507,278,3,0.20755839217585928,2948.0
507,820,4,0.21358140155326252,4132.89990234375
507,12,5,0.22011123135485525,89.9000015258789
508,741,1,0.20548422492091775,2280.60009765625
508,1260,2,0.21070661887049405,2709.5
508,1259,3,0.2368060370964806,2630.699951171875
508,731,4,0.24775907850264034,2166.699951171875
508,1229,5,0.2565179922439198,243.1999969482422
509,1986,1,0.16174445423188671,1713.5999755859375
509,380,2,0.16625603952854517,2432.89990234375
509,763,3,0.17815281008671863,2292.10009765625
509,1140,4,0.18013145634585034,1846.699951171875
509,1229,5,0.18411264640684563,315.8999938964844
510,2620,1,0.19130099530209238,2250.800048828125
510,679,2,0.19513194663895256,1206.9000244140625
510,1668,3,0.207340630284701,2568.89990234375
510,676,4,0.2084846050551289,1311.0999755859375
510,368,5,0.21084950535879393,2377.699951171875
511,1109,1,0.18601708591960764,2878.300048828125
511,1604,2,0.18909389369292098,523.7999877929688
511,1603,3,0.2249665461671014,347.1000061035156
511,2047,4,0.2308798486572628,3384.0
511,505,5,0.2344966409483717,349.6000061035156
512,1778,1,0.22711854484630042,3850.39990234375
512,1577,2,0.24231352968825406,3439.89990234375
512,2311,3,0.24556526574059395,1637.699951171875
512,2070,4,0.2575398252760358,3496.199951171875
512,1604,5,0.25947527802167497,535.5999755859375
515,517,1,0.25280876283826714,85.19999694824219
515,1604,2,0.30948464788057833,559.4000244140625
515,1615,3,0.3226406933568141,758.0999755859375
515,18,4,0.33390854605549386,117.19999694824219
515,3007,5,0.34489888257668916,368.79998779296875
516,1614,1,0.3299691942122558,190.8000030517578
516,538,2,0.3908372102119075,330.29998779296875
516,1313,3,0.3934774582067525,2935.10009765625
516,1605,4,0.4008829547833139,563.5
516,495,5,0.41579364218665477,2749.89990234375
517,515,1,0.25280876283826714,85.19999694824219
517,1225,2,0.308410907902639,560.4000244140625
517,1246,3,0.31270498442812666,629.2000122070312
517,18,4,0.3367620990290573,183.39999389648438
517,1226,5,0.3414451842603543,358.0
518,2034,1,0.28059639414842114,1401.5
518,1533,2,0.2931860126112296,2757.10009765625
518,739,3,0.2941117468029634,1865.199951171875
518,1611,4,0.3031444048131547,418.79998779296875
518,497,5,0.31543322903157844,2632.199951171875
519,560,1,0.45575843628535473,621.2000122070312
519,242,2,0.4772772193644532,2589.39990234375
519,2201,3,0.48937473035045354,890.9000244140625
519,396,4,0.4941157488845366,2135.199951171875
519,2094,5,0.5029958148945014,2931.300048828125
520,441,1,0.3949172692759622,2668.5
520,1242,2,0.453356030713609,690.7000122070312
520,395,3,0.47448963816898193,2861.0
520,446,4,0.48279404814922394,2631.800048828125
520,2056,5,0.5026451481421293,4146.60009765625
521,1948,1,0.23051957870876225,2949.5
521,1941,2,0.24529904153078783,2693.5
521,2301,3,0.2555751915035709,1909.800048828125
521,1548,4,0.2739714715685863,3063.199951171875
521,999,5,0.278824326864407,3117.300048828125
522,2294,1,0.4751452989319819,2036.199951171875
522,2274,2,0.5016048736453996,2659.0
522,486,3,0.5176564156228608,2818.39990234375
522,2278,4,0.518984063473115,1801.0
522,2056,5,0.5213906647465407,3860.39990234375
523,1427,1,0.40413859640657335,3644.199951171875
523,2117,2,0.4087984738829303,4061.39990234375
523,1205,3,0.412440471016572,3979.0
523,1558,4,0.4295150301007271,3260.39990234375
523,386,5,0.435345653075793,2750.699951171875
524,1296,1,0.3087214928301122,2733.199951171875
524,1548,2,0.3117714161673358,3062.5
524,1566,3,0.31613197693218353,2849.39990234375
524,2301,4,0.32253085755186695,1909.0999755859375
524,460,5,0.32849518973207437,1065.199951171875
525,1292,1,0.29024715743114776,2833.5
525,1272,2,0.3558784128049526,2598.699951171875
525,1284,3,0.3568318641058715,2751.39990234375
525,521,4,0.3843801252308178,471.5
525,1271,5,0.39421908427419944,2842.5
527,2301,1,0.25456609966765575,2088.800048828125
527,737,2,0.26906820298836276,2348.699951171875
527,1065,3,0.30670817540243045,3254.89990234375
527,747,4,0.31150061885783586,2440.199951171875
527,1280,5,0.31169492034870705,2669.800048828125
528,1852,1,0.2765885386230517,3346.300048828125
528,2325,2,0.3368597263617759,3361.60009765625
528,1884,3,0.3551742347887696,2748.0
528,2326,4,0.36836910263810396,3310.800048828125
528,2129,5,0.3704774300675468,3674.199951171875
529,36,1,0.2356029600070192,2196.300048828125
529,1621,2,0.26139226164989293,95.0999984741211
529,423,3,0.2696871593541635,2304.10009765625
529,692,4,0.28186126601111405,1272.0
529,535,5,0.2935786459505623,260.3999938964844
530,423,1,0.34861076185977163,2225.60009765625
530,1041,2,0.3879896835814394,3297.800048828125
530,692,3,0.39590520328600326,1554.800048828125
530,1777,4,0.401050751050561,3862.800048828125
530,1143,5,0.40476425665637467,2185.89990234375
531,1339,1,0.31015905193009297,1673.699951171875
531,2292,2,0.3327497867302809,1867.9000244140625
531,2326,3,0.34729196520725,3301.0
531,1656,4,0.3607424844175892,1013.9000244140625
531,277,5,0.36990018086869675,2738.699951171875
532,1269,1,0.3262730996209221,2939.5
532,761,2,0.3300627113176688,2344.39990234375
532,2017,3,0.36273697275167177,2189.800048828125
532,238,4,0.38688529014069717,3044.199951171875
532,1355,5,0.396816595791895,1745.5999755859375
533,1909,1,0.2821077494397207,2623.10009765625
533,541,2,0.32516751326034254,135.60000610351562
533,1537,3,0.37849994364622525,3226.5
533,562,4,0.3913690336500893,109.80000305175781
533,1853,5,0.41095452352733286,3467.0
534,1605,1,0.31849649908976907,486.0
534,2030,2,0.34138521504457486,1449.300048828125
534,704,3,0.3608496321457001,1182.0
534,2212,4,0.3715730207014664,1241.4000244140625
534,1335,5,0.4082205136738086,1488.199951171875
535,756,1,0.2596263808092998,1988.800048828125
535,1137,2,0.2799138359710533,2014.5999755859375
535,1625,3,0.29294516295088446,559.7000122070312
535,529,4,0.2935786459505623,260.3999938964844
535,692,5,0.3439544565812144,1524.300048828125
536,1932,1,0.39836938071198813,2929.300048828125
536,558,2,0.49582592430486694,370.20001220703125
536,2094,3,0.4998761747291203,3377.39990234375
536,2271,4,0.5006325933106017,2846.5
536,1286,5,0.5894309527534958,2883.800048828125
537,280,1,0.32285627805496075,2855.10009765625
537,1647,2,0.34167084188517627,1170.199951171875
537,1284,3,0.34229979183676007,2833.800048828125
537,704,4,0.3705874222215187,1087.9000244140625
537,1661,5,0.3960530194946454,1103.5999755859375
538,568,1,0.31257353584740327,400.70001220703125
538,1627,2,0.3381113072113232,787.2999877929688
538,547,3,0.34505611794753094,156.60000610351562
538,561,4,0.3541399418012722,297.70001220703125
538,1530,5,0.3599368731968298,3085.0
539,1355,1,0.2872080166696895,1454.699951171875
539,1289,2,0.32969161753481935,2738.60009765625
539,566,3,0.35237377532056674,156.6999969482422
539,2300,4,0.36620370720194434,1745.0999755859375
539,1345,5,0.3729808563222673,1304.5
540,2295,1,0.19798050509788948,1810.199951171875
540,1611,2,0.210512887736149,545.0999755859375
540,36,3,0.2194404895644115,2187.0
540,749,4,0.23595657005225343,2007.300048828125
540,1356,5,0.23840949688812252,1483.5999755859375
541,1909,1,0.22609350859505933,2504.300048828125
541,1420,2,0.3100200348278324,3518.800048828125
541,287,3,0.31032628684026015,2924.60009765625
541,482,4,0.3125245789016766,2881.89990234375
541,549,5,0.3153584478040137,161.0
542,275,1,0.5409636133316317,3006.10009765625
542,898,2,0.5633395606934064,3366.199951171875
542,1180,3,0.5683111057585242,4159.2001953125
542,2205,4,0.5892275692345218,1679.0999755859375
542,2134,5,0.5971817091092326,3733.0
543,1625,1,0.20862323059556764,339.79998779296875
543,2299,2,0.24330625362665614,2006.199951171875
543,559,3,0.2505821065074521,135.39999389648438
543,1285,4,0.26773522951923723,2459.10009765625
543,424,5,0.28709647089018064,2400.60009765625
544,1724,1,0.33244638587461756,3389.89990234375
544,721,2,0.3855092804726349,820.7999877929688
544,541,3,0.41242283578856753,334.0
544,563,4,0.4124537625035035,376.1000061035156
544,1689,5,0.4314837361869025,2283.5
545,49,1,0.25389008089459475,2274.300048828125
545,1948,2,0.25442575837680853,3065.10009765625
545,60,3,0.28137326664202517,2223.5
545,274,4,0.28280503797007345,2788.89990234375
545,1066,5,0.2871926750027179,3247.60009765625
546,552,1,0.35493168841833056,95.80000305175781
546,698,2,0.3988695603071751,1290.300048828125
546,1784,3,0.4016853146794799,4195.0
546,1698,4,0.40918383932766855,2583.0
546,2269,5,0.4118282397256026,2916.10009765625
547,1941,1,0.2933854077484444,2834.800048828125
547,2257,2,0.3128938598871178,2946.39990234375
547,1929,3,0.31807279089275625,3173.89990234375
547,569,4,0.32583472706929695,383.5
547,561,5,0.33848147356965186,149.8000030517578
548,1640,1,0.29412882163462273,1060.4000244140625
548,1296,2,0.33153305252972726,2826.39990234375
548,2271,3,0.3368013771071844,2756.60009765625
548,2094,4,0.3446872816437805,3287.60009765625
548,1301,5,0.3744599913483676,2678.699951171875
549,541,1,0.3153584478040137,161.0
549,758,2,0.3248594555014099,2123.800048828125
549,1065,3,0.32797386644706616,3011.60009765625
549,723,4,0.3608017075435066,1277.300048828125
549,1296,5,0.3674952318784324,2669.60009765625
550,1640,1,0.24269190622083314,980.2000122070312
550,564,2,0.3021093052927601,109.19999694824219
550,2069,3,0.3236643887484812,3827.0
550,524,4,0.34731040878728797,35.79999923706055
550,1296,5,0.3602471169414613,2746.300048828125
552,546,1,0.35493168841833056,95.80000305175781
552,2332,2,0.4176783536399548,3524.800048828125
552,37,3,0.5118041193773046,2353.199951171875
552,1698,4,0.5190856237503867,2586.800048828125
552,1059,5,0.5253371150772745,3173.10009765625
553,1727,1,0.364176696462349,3406.199951171875
553,1281,2,0.3654974128918978,2524.800048828125
553,1697,3,0.3867282262759704,2299.10009765625
553,1067,4,0.38940108878036905,3216.39990234375
553,1585,5,0.4024065259751198,3509.10009765625
554,455,1,0.2784679205084129,1245.0999755859375
554,1246,2,0.28181572382348935,678.0999755859375
554,1249,3,0.30305316922014774,488.6000061035156
554,511,4,0.31198951714552364,616.2999877929688
554,1604,5,0.333961388151642,523.2000122070312
555,1642,1,0.34372457014464786,1275.800048828125
555,2266,2,0.34421488001493333,3047.60009765625
555,1937,3,0.34568362501048766,3133.39990234375
555,1941,4,0.35826163798699523,3038.699951171875
555,1951,5,0.35993537510731227,3065.10009765625
556,699,1,0.7720922350620405,1251.4000244140625
556,441,2,0.7755430778580197,2680.60009765625
556,690,3,0.7864398122499493,1157.5
556,2256,4,0.7957770205116214,3104.0
556,2332,5,0.8076485882209927,3592.5
557,1336,1,0.5034976228580037,1473.0
557,1349,2,0.5491740681757806,1542.5999755859375
557,746,3,0.5572414673398045,2020.199951171875
557,361,4,0.5894050642303557,2609.10009765625
557,560,5,0.6012186175032743,257.0
558,1926,1,0.3634192140281563,2858.199951171875
558,1719,2,0.426137498442106,3436.300048828125
558,1547,3,0.4479065436654427,2699.800048828125
558,2079,4,0.4722292034817042,2862.89990234375
558,1543,5,0.47703479200033305,2712.0
559,1904,1,0.2065091357845161,2469.60009765625
559,543,2,0.2505821065074521,135.39999389648438
559,2299,3,0.2572923210328644,1963.4000244140625
559,1621,4,0.2673303380003766,239.1999969482422
559,540,5,0.2896143228572618,474.20001220703125
560,2069,1,0.32212577683129323,4076.0
560,1014,2,0.34837425068733296,3528.0
560,2157,3,0.3718679806412516,730.0
560,1204,4,0.3860473035406809,3897.800048828125
560,1028,5,0.40464913626723625,3582.800048828125
561,497,1,0.2511668422910067,2889.60009765625
561,543,2,0.2915977760705521,76.4000015258789
561,1608,3,0.30039570925889003,273.8999938964844
561,756,4,0.3014029239116037,2321.199951171875
561,521,5,0.3124288295513195,275.5
562,1747,1,0.2602838542494228,3142.89990234375
562,1909,2,0.3543504994722933,2608.800048828125
562,533,3,0.3913690336500893,109.80000305175781
562,1785,4,0.39314426619458803,4211.10009765625
562,541,5,0.39964931484290184,177.5
563,566,1,0.3449937876522611,271.6000061035156
563,1591,2,0.3591501004507815,4086.5
563,1724,3,0.3727286684773933,3704.300048828125
563,1685,4,0.3756370102456628,2648.39990234375
563,1722,5,0.3781739299701834,3740.60009765625
564,1656,1,0.2409656616667815,864.0999755859375
564,2069,2,0.2603567000848641,3835.89990234375
564,381,3,0.2823808699850517,2462.89990234375
564,550,4,0.3021093052927601,109.19999694824219
564,1948,5,0.3043138404579563,2970.60009765625
565,1034,1,0.2982134588855162,3194.39990234375
565,2270,2,0.30253495882502834,2785.199951171875
565,922,3,0.30587046797224954,3601.10009765625
565,1727,4,0.30872336717484633,3534.800048828125
565,1756,5,0.3264302205873455,2874.0
566,1355,1,0.27343618309022394,1607.5999755859375
566,1715,2,0.2949438399996961,3731.89990234375
566,1939,3,0.2988674110204099,3089.60009765625
566,1691,4,0.3245556873080687,2544.10009765625
566,571,5,0.33357645477832387,111.69999694824219
567,1344,1,0.38412104388601703,1514.300048828125
567,1340,2,0.4132057744184633,1655.300048828125
567,1346,3,0.4189053030651652,1687.5
567,1311,4,0.4377082582069536,3019.0
567,432,5,0.4491746576188837,2375.89990234375
568,1629,1,0.2839893215227576,379.79998779296875
568,538,2,0.31257353584740327,400.70001220703125
568,1627,3,0.3254773652216937,438.8999938964844
568,569,4,0.33969430868560757,506.5
568,2197,5,0.34806185137356827,1015.0
569,2197,1,0.1962758565362621,1460.199951171875
569,2257,2,0.23796291503968672,3064.800048828125
569,1065,3,0.27686866908843855,3335.5
569,521,4,0.2960471456747636,509.20001220703125
569,1929,5,0.29770978841166457,3292.300048828125
570,1587,1,0.3109185330637333,3990.800048828125
570,1737,2,0.31168792165495146,3342.60009765625
570,924,3,0.3134559811115888,4052.60009765625
570,1019,4,0.32027140686165895,3391.199951171875
570,1292,5,0.3207882816956935,2996.800048828125
571,1693,1,0.30621842660708026,2570.699951171875
571,1193,2,0.3209670770678586,4237.5
571,566,3,0.33357645477832387,111.69999694824219
571,60,4,0.3359044829808503,2282.300048828125
571,381,5,0.3377645420629606,2616.300048828125
572,2058,1,0.3711153839665201,3429.699951171875
572,2327,2,0.38584815874380934,3169.199951171875
572,1580,3,0.3898021983490443,3575.800048828125
572,1288,4,0.41192183877789296,2412.89990234375
572,1593,5,0.42169169443264,3432.300048828125
574,2012,1,0.24095094783266785,3825.5
574,2062,2,0.2823917612721071,6006.2001953125
574,1980,3,0.305231827190789,4041.60009765625
574,49,4,0.3055371404853427,4494.60009765625
574,545,5,0.31083070405637253,2539.89990234375
578,1654,1,0.5650153181275396,3853.199951171875
578,54,2,0.5834805608799116,5101.7001953125
578,35,3,0.6634024718241667,5026.89990234375
578,1568,4,0.7096699961288768,6006.7001953125
578,428,5,0.7402549302151783,5369.0
579,780,1,0.2511853100451113,2486.10009765625
579,2809,2,0.2758638078880919,4993.39990234375
579,781,3,0.310623020720586,2551.199951171875
579,581,4,0.3268970997293104,109.5999984741211
579,229,5,0.3292234593073938,6071.10009765625
580,2339,1,0.7569696859238128,1917.4000244140625
580,314,2,0.7681925995988523,2227.39990234375
580,317,3,0.7900068743401922,2729.300048828125
580,860,4,0.8049230102269095,2097.89990234375
580,340,5,0.8664999228859103,2403.89990234375
581,459,1,0.2691350954561696,2812.60009765625
581,781,2,0.2712001474948754,2659.800048828125
581,686,3,0.28532134236689966,2449.300048828125
581,780,4,0.3051566348109594,2594.800048828125
581,312,5,0.30812672278751024,1684.9000244140625
582,917,1,0.4790260595342972,6496.2998046875
582,888,2,0.502215418326362,649.0999755859375
582,916,3,0.5128933321181507,6501.89990234375
582,799,4,0.5311735737114216,2240.800048828125
582,860,5,0.5320014681131658,1970.9000244140625
583,602,1,0.44254538293450024,254.89999389648438
583,1966,2,0.47968050967065523,2867.800048828125
583,879,3,0.715531739183585,1567.199951171875
583,796,4,0.7376441069800163,3014.5
583,317,5,0.8724970158225807,2865.60009765625
584,49,1,0.32379437740133066,4915.89990234375
584,886,2,0.37284642411187563,883.0
584,574,3,0.39094975861096465,507.5
584,60,4,0.39214466881723536,4865.0
584,2149,5,0.39783866725016326,2648.5
585,508,1,0.2900859786276004,3309.10009765625
585,1672,2,0.2977210803683736,5386.2998046875
585,741,3,0.2998776846299615,5277.89990234375
585,1974,4,0.30028859016559234,4822.60009765625
585,1973,5,0.3057425427084689,4819.5
586,53,1,0.4230400415867859,4592.7001953125
586,595,2,0.450228708333369,878.5
586,754,3,0.45525135368064595,4496.2998046875
586,1302,4,0.4593025659121506,5141.39990234375
586,2201,5,0.4614170195763186,3557.39990234375
587,912,1,0.5554741789410083,6616.2001953125
587,57,2,0.5585448042494309,5218.7001953125
587,2337,3,0.5597527411680775,6280.5
587,778,4,0.5690337269764557,3184.300048828125
587,51,5,0.5828653698852658,5256.39990234375
588,584,1,0.4795575497471204,550.9000244140625
588,788,2,0.5023085093470138,1881.199951171875
588,886,3,0.5048528620249594,348.70001220703125
588,1633,4,0.5154719239479544,4022.300048828125
588,2314,5,0.5318906576975134,4989.7998046875
589,790,1,0.32258131011313673,2338.89990234375
589,594,2,0.40536729559694124,361.1000061035156
589,459,3,0.41123702660811323,2598.5
589,876,4,0.4407655462163244,1336.0
589,781,5,0.44731729335254045,2306.800048828125
591,1053,1,0.2970344831286332,6319.7998046875
591,911,2,0.33667315991071733,6516.10009765625
591,668,3,0.34344349007064506,2478.5
591,756,4,0.3484208229258092,5062.2001953125
591,1193,5,0.35604094515139567,6978.10009765625
592,1235,1,0.7530442170133324,2840.39990234375
592,1252,2,0.7762764231944573,2783.0
592,1228,3,0.7983021197576157,3002.10009765625
592,443,4,0.8179371271612044,5251.60009765625
592,600,5,0.8243030501081674,370.0
593,369,1,0.32357867925588196,5027.7001953125
593,60,2,0.3840948355042411,4443.7998046875
593,1275,3,0.3947330024285365,4864.7998046875
593,33,4,0.4047685722315439,4357.0
593,735,5,0.4092000978589961,4422.10009765625
594,790,1,0.26043482071490937,2695.39990234375
594,881,2,0.30171140628757864,1667.5
594,789,3,0.3181301332181404,2945.5
594,783,4,0.3511094588022923,3101.60009765625
594,800,5,0.3690286379555224,2783.0
595,591,1,0.3593659001637405,303.79998779296875
595,571,2,0.3907600085225625,3410.199951171875
595,598,3,0.40665809568044825,471.1000061035156
595,758,4,0.40721949675908636,5206.5
595,1296,5,0.43860356578772247,5752.39990234375
598,744,1,0.3787995658433413,4790.7001953125
598,1192,2,0.3884764988913641,6725.7001953125
598,2017,3,0.39673202622717163,4500.89990234375
598,532,4,0.4045826846493121,3036.0
598,595,5,0.40665809568044825,471.1000061035156
599,1675,1,0.3205363358936196,4873.7001953125
599,2333,2,0.3208627688851709,5704.5
599,1193,3,0.3230853511761151,6515.7998046875
599,1265,4,0.33193591528775723,4738.2998046875
599,383,5,0.3335949906640664,4763.2001953125
600,1232,1,0.461838006910496,3079.5
600,779,2,0.4816771784655065,2571.60009765625
600,579,3,0.4822051498498964,337.5
600,807,4,0.4928826145247746,2576.300048828125
600,2872,5,0.4972233371243799,5704.60009765625
601,55,1,0.27399776685830235,4702.60009765625
601,1071,2,0.29912820546184854,6015.7998046875
601,2885,3,0.333483216283221,4898.89990234375
601,452,4,0.3444561109500194,2341.0
601,781,5,0.3482055477750291,2517.5
602,583,1,0.44254538293450024,254.89999389648438
602,1966,2,0.7221580769043059,2638.0
602,796,3,0.7556915358333661,2784.699951171875
602,880,4,0.8820715793483704,1546.199951171875
602,787,5,0.8905439170352683,2652.199951171875
603,767,1,0.26614913204156027,4867.2001953125
603,800,2,0.31619282810820387,2460.60009765625
603,784,3,0.32162073283055537,2460.60009765625
603,1161,4,0.3399395023226393,1818.699951171875
603,779,5,0.356086210572635,2688.89990234375
604,607,1,0.3430539644961114,38.099998474121094
604,601,2,0.39343956829641963,151.89999389648438
604,28,3,0.45366150654841925,4823.60009765625
604,51,4,0.4680569138915022,4998.0
604,83,5,0.4705801322163766,4923.89990234375
605,860,1,0.45477937407798846,2077.60009765625
605,876,2,0.46145290838330977,1524.300048828125
605,871,3,0.4704447550503418,1429.199951171875
605,794,4,0.49987261248180964,2795.0
605,324,5,0.5390914093544164,
606,607,1,0.5836354913466371,128.89999389648438
606,594,2,0.59099725758761,529.5
606,605,3,0.6120216445916886,90.80000305175781
606,1071,4,0.6577313038485961,6207.5
606,876,5,0.6738841362021912,1615.0999755859375
607,604,1,0.3430539644961114,38.099998474121094
607,800,2,0.40571993745197726,2576.60009765625
607,1071,3,0.42828436238229106,6205.5
607,601,4,0.44143076432245276,190.0
607,40,5,0.4433097025454293,4776.5
608,666,1,0.472700108181551,4755.89990234375
608,872,2,0.4898830000870821,1447.699951171875
608,775,3,0.49946621006192476,4.0
608,1134,4,0.500671797788097,3822.5
608,2531,5,0.5069358431875646,8817.0
612,1430,1,0.32209192348410604,4935.7998046875
612,678,2,0.3722009606710602,
612,2221,3,0.37224787524182645,6764.2001953125
612,2226,4,0.37363795279947365,6978.89990234375
612,2621,5,0.4742058563470298,7596.2001953125
613,333,1,0.4295898768009804,5507.89990234375
613,1141,2,0.4615723765296671,4638.2998046875
613,2880,3,0.5065815406846021,8494.7001953125
613,667,4,0.5209530642930054,5231.5
613,846,5,0.5322933034777562,845.5999755859375
614,1958,1,0.4427332644247358,1827.9000244140625
614,342,2,0.533957219995379,3546.699951171875
614,1969,3,0.5357123840405744,1696.5999755859375
614,1955,4,0.550964700843009,1767.0
614,1957,5,0.5524124790185356,1822.300048828125
615,855,1,0.6251843768764772,1694.5
615,340,2,0.6352198431918709,3623.5
615,2348,3,0.7334559038718449,
615,332,4,0.7339205263956993,4224.0
615,338,5,0.7466113480559533,3660.699951171875
616,2341,1,0.4333293826788188,1828.199951171875
616,917,2,0.504196643655408,9944.400390625
616,888,3,0.5167962964805357,2800.5
616,847,4,0.5365190631039738,2005.9000244140625
616,2343,5,0.5438027861861888,1586.300048828125
618,720,1,0.6876198155481058,
618,2250,2,0.7768019967017116,
618,2249,3,0.8444019599026529,
618,2345,4,0.8726770399557499,
618,318,5,0.8997442554168831,
619,318,1,0.7709520032159163,
619,331,2,0.837883066535458,
619,854,3,0.9670216373352076,
619,1958,4,0.9852754373793947,
619,316,5,1.0157635018399225,
621,1968,1,1.1651477627867253,2301.300048828125
621,1962,2,1.1871855388405308,2909.10009765625
621,334,3,1.1990079953196522,6297.10009765625
621,619,4,1.2134834816095248,
621,1960,5,1.2314995253820107,2081.300048828125
666,2401,1,0.18064880938067854,4556.0
666,1134,2,0.18399719997277292,1044.9000244140625
666,2466,3,0.18590896309663302,4040.5
666,2474,4,0.1962336577767864,4039.0
666,2548,5,0.20211365505128015,4045.5
667,674,1,0.12903313829708035,390.70001220703125
667,2620,2,0.19405646339378943,2667.10009765625
667,2024,3,0.19786207016359594,2101.199951171875
667,1447,4,0.21995341872412302,3845.300048828125
667,1881,5,0.23082688045271355,3132.60009765625
668,723,1,0.2506626728689165,345.5
668,993,2,0.26406589679206355,3505.0
668,2062,3,0.2654101128639455,4114.39990234375
668,2012,4,0.27779296587250923,1933.699951171875
668,1703,5,0.2842148825328854,2946.10009765625
669,1112,1,0.2560492801445363,3994.300048828125
669,1990,2,0.2596833117480868,2702.5
669,2070,3,0.26546946481371414,4520.39990234375
669,2311,4,0.267864463240659,2662.0
669,1999,5,0.2878259790054527,2564.60009765625
670,677,1,0.27541312749329816,209.6999969482422
670,998,2,0.2783809811707085,3948.800048828125
670,996,3,0.2962809942537612,3984.0
670,1875,4,0.2979466724496028,3234.10009765625
670,1232,5,0.307985482454812,791.2000122070312
671,675,1,0.26431124965043756,43.29999923706055
671,1167,2,0.293969598322163,1219.199951171875
671,998,3,0.296716356618869,4253.0
671,1449,4,0.29721893248652353,4365.89990234375
671,1709,5,0.3041715661814517,4558.2001953125
674,667,1,0.12903313829708035,390.70001220703125
674,2024,2,0.20832601873038964,2491.0
674,675,3,0.21718784915598707,493.29998779296875
674,2620,4,0.2280942975015554,3056.89990234375
674,2010,5,0.2318315992238751,2879.10009765625
675,680,1,0.21654070219092952,575.0999755859375
675,674,2,0.21718784915598707,493.29998779296875
675,780,3,0.22752944678922465,4622.60009765625
675,677,4,0.2291108438418368,470.6000061035156
675,1875,5,0.24272296132421842,3495.0
676,507,1,0.1997942764961908,1116.699951171875
676,510,2,0.2084846050551289,1311.0999755859375
676,10,3,0.23028363584651912,1215.199951171875
676,278,4,0.23040682477845081,3506.699951171875
676,1303,5,0.24262420689144304,3936.5
677,505,1,0.20170220110414133,879.5999755859375
677,675,2,0.2291108438418368,470.6000061035156
677,511,3,0.24190958333999846,1028.800048828125
677,680,4,0.24378396733611568,113.30000305175781
677,1109,5,0.25442491970827336,3631.39990234375
678,1430,1,0.22243822932924162,
678,2221,2,0.33936396705735483,
678,330,3,0.35628637409398145,
678,612,4,0.3722009606710602,
678,327,5,0.3812857469854091,
679,1140,1,0.1485048890651297,963.0
679,1707,2,0.14973355749213532,4294.60009765625
679,988,3,0.16798896640362662,3864.39990234375
679,2318,4,0.17033043478306384,3911.39990234375
679,2044,5,0.17128279775477967,4465.39990234375
680,1875,1,0.21222700962688218,3016.199951171875
680,2167,2,0.21392931668138293,3887.699951171875
680,2060,3,0.2153931313718515,4241.60009765625
680,675,4,0.21654070219092952,575.0999755859375
680,2165,5,0.224933174827352,3975.10009765625
683,1420,1,0.2832613323031992,4377.0
683,1703,2,0.29132631981065515,3456.60009765625
683,2152,3,0.3043433594059273,859.0999755859375
683,2127,4,0.31120536544672667,4525.0
683,1035,5,0.3160556860663865,4083.199951171875
685,2021,1,0.35454007140638444,2584.800048828125
685,599,2,0.3587061897965112,1945.699951171875
685,1948,3,0.364414438578032,3600.60009765625
685,1683,4,0.3653453664476452,3025.699951171875
685,1631,5,0.37697572305899674,886.0
686,693,1,0.2329803167464618,40.599998474121094
686,26,2,0.278516998232107,2931.800048828125
686,581,3,0.28532134236689966,2449.300048828125
686,368,4,0.28869206281871107,2982.699951171875
686,375,5,0.2927881554820054,3321.5
687,1710,1,0.35856844398442267,4211.5
687,1544,2,0.3705994219773927,3533.5
687,1556,3,0.38315389221498536,3481.0
687,2094,4,0.3838657976037731,3781.10009765625
687,2271,5,0.3878680630973229,3250.199951171875
689,1394,1,0.2466726599889378,5012.0
689,2167,2,0.25863518423599396,4657.39990234375
689,1578,3,0.2790366858548173,4909.10009765625
689,1504,4,0.28020506020012326,4658.60009765625
689,1392,5,0.28154520819863926,4886.10009765625
690,441,1,0.49764317714063316,3087.300048828125
690,2332,2,0.5625579154635066,3999.10009765625
690,1277,3,0.5921194617990226,3286.5
690,1059,4,0.6075443443330492,3647.5
690,520,5,0.6332209914042644,1153.800048828125
691,1750,1,0.7163268484935376,3455.10009765625
691,2269,2,0.8173655219847743,3188.199951171875
691,302,3,0.8549818200118835,3413.10009765625
691,456,4,0.856863773395046,351.0
691,191,5,0.8951382618562617,4083.89990234375
692,701,1,0.2540088830106787,593.4000244140625
692,529,2,0.28186126601111405,1272.0
692,760,3,0.29095837636352473,2888.699951171875
692,719,4,0.29449350388210926,53.29999923706055
692,1616,5,0.2984075073407943,1525.4000244140625
693,686,1,0.2329803167464618,40.599998474121094
693,448,2,0.24779725100391267,411.6000061035156
693,26,3,0.26524899547846975,2891.39990234375
693,375,4,0.26741826509181815,3281.0
693,1142,5,0.30043031381160107,924.2999877929688
694,993,1,0.27859366460230667,4042.89990234375
694,668,2,0.2966487543761787,545.5999755859375
694,1996,3,0.31140995804072025,2806.0
694,723,4,0.3195996583519784,425.6000061035156
694,2886,5,0.3364875223814845,3018.300048828125
695,2113,1,0.28785186462516693,4525.5
695,1915,2,0.3572691956782586,3967.199951171875
695,1012,3,0.36069181107433784,4132.7998046875
695,2212,4,0.3661556326488276,2191.5
695,1614,5,0.37363850376921093,1281.5999755859375
696,272,1,0.33923055504652644,3553.60009765625
696,2305,2,0.3601769996883849,2570.5
696,273,3,0.4729092983956043,3720.300048828125
696,45,4,0.4745302707948434,3081.60009765625
696,282,5,0.47895056727835056,3502.10009765625
697,745,1,0.40992425632460827,2984.39990234375
697,1168,2,0.4136899059841654,259.6000061035156
697,1293,3,0.41722669517989375,3418.0
697,382,4,0.45390315212427923,3307.39990234375
697,734,5,0.45451614816237407,3000.199951171875
698,546,1,0.3988695603071751,1290.300048828125
698,712,2,0.4375653803473424,91.9000015258789
698,1062,3,0.44664477830894944,3898.89990234375
698,1784,4,0.47034678652442646,4774.5
698,2212,5,0.4824616859251585,2161.699951171875
699,1865,1,0.570647188419614,4066.60009765625
699,2332,2,0.6183864289196416,4093.10009765625
699,2256,3,0.6430511939285692,3604.60009765625
699,1242,4,0.6834503371158869,622.0
699,1743,5,0.6983866999826518,3926.10009765625
701,719,1,0.21110133572472373,644.5
701,692,2,0.2540088830106787,593.4000244140625
701,737,3,0.2573210233102759,3077.89990234375
701,1616,4,0.27206540628055265,1460.199951171875
701,2618,5,0.2942551956159494,3776.89990234375
702,1394,1,0.3165451479433665,5140.7998046875
702,1512,2,0.3382855376184414,5902.0
702,1478,3,0.35533384806859863,4752.5
702,671,4,0.355393932420127,1002.0
702,1406,5,0.36249880764203524,5361.10009765625
703,1312,1,0.31633846019649187,3588.300048828125
703,1564,2,0.31993145907000764,3403.300048828125
703,1306,3,0.34907703039464555,3588.300048828125
703,518,4,0.35671957171682156,1048.5999755859375
703,739,5,0.35676161530884726,2515.800048828125
704,1639,1,0.25529165913755886,1565.300048828125
704,1158,2,0.26871326833467984,871.5
704,1647,3,0.280254199091624,1852.5
704,1987,4,0.29709076413420316,2453.5
704,749,5,0.31390726923466017,2963.60009765625
705,1308,1,0.1485745666798687,3703.199951171875
705,2184,2,0.23870738394846347,4460.0
705,271,3,0.23955762227593871,3700.5
705,2174,4,0.24651713463493088,4316.7998046875
705,1587,5,0.2500566067811243,4574.39990234375
706,2267,1,0.27663293655972115,3463.0
706,713,2,0.3465322916741289,319.29998779296875
706,915,3,0.35332237734667843,4110.0
706,1741,4,0.37350338426208257,3790.10009765625
706,444,5,0.40958324034562704,3002.5
708,1178,1,0.6504648333469835,5454.2001953125
708,852,2,0.6924558102300692,4216.60009765625
708,859,3,0.8314007997917763,4793.0
708,2339,4,0.9032215944471466,3843.5
708,796,5,0.9117723314142572,4804.2998046875
710,1903,1,0.23891039703916078,3603.89990234375
710,1587,2,0.27296540013159576,4635.60009765625
710,1581,3,0.2902403831742931,4684.60009765625
710,2618,4,0.2907831942398211,3818.39990234375
710,1770,5,0.30047087252904564,4891.2001953125
711,2053,1,0.44388141252843183,4353.2998046875
711,2294,2,0.4689122747895148,2605.10009765625
711,2212,3,0.5429497409061419,1924.4000244140625
711,2317,4,0.5434631320112808,2421.5
711,695,5,0.5444085079340886,270.79998779296875
712,2212,1,0.32247164072486045,2124.0
712,692,2,0.36756393888212113,222.1999969482422
712,698,3,0.4375653803473424,91.9000015258789
712,1251,4,0.4444289913832559,501.79998779296875
712,2295,5,0.45892550852796693,2679.300048828125
713,706,1,0.3465322916741289,319.29998779296875
713,1741,2,0.41596709111282626,3940.39990234375
713,516,3,0.44350989900602206,1283.4000244140625
713,2267,4,0.4436662462339394,3613.300048828125
713,695,5,0.4455752147762222,749.5999755859375
714,1158,1,0.2837002937888309,404.20001220703125
714,1155,2,0.3176028216935921,596.5999755859375
714,723,3,0.32151813149520786,38.5
714,1138,4,0.32182862793443673,656.7999877929688
714,1647,5,0.32595067966503444,1751.800048828125
715,1631,1,0.2885735785154574,1102.300048828125
715,1921,2,0.29987094471983206,3702.300048828125
715,710,3,0.3065627502090725,208.1999969482422
715,1903,4,0.3145487522856518,3521.699951171875
715,1856,5,0.32884149473566304,4233.60009765625
716,582,1,0.6035451088453432,2635.60009765625
716,1184,2,0.6559311953740459,5168.5
716,222,3,0.6666575870414075,5281.39990234375
716,2,4,0.6791320000655309,5267.10009765625
716,1410,5,0.680775891338366,4574.2998046875
717,755,1,0.24367559330527327,2876.800048828125
717,1558,2,0.3170633192772146,3664.5
717,1533,3,0.33344804936447725,3559.0
717,2034,4,0.345894806672662,2203.39990234375
717,540,5,0.37861305110755505,1326.0999755859375
718,875,1,0.5600977970399795,
718,330,2,0.5769073188230807,
718,1963,3,0.5997631649315824,
718,1969,4,0.6108572641260754,
718,327,5,0.6195865862444724,
719,701,1,0.21110133572472373,644.5
719,1065,2,0.2725595930068944,4100.2998046875
719,692,3,0.29449350388210926,53.29999923706055
719,1607,4,0.3105482916720603,1468.800048828125
719,737,5,0.322937853397547,3194.199951171875
720,726,1,0.653251342608469,
720,843,2,0.655228984602761,
720,325,3,0.6609084913247874,
720,776,4,0.680207739305458,
720,799,5,0.6853007741196253,
721,1545,1,0.3659931546265781,3468.199951171875
721,544,2,0.3855092804726349,820.7999877929688
721,2061,3,0.38861463062107476,4305.7998046875
721,1785,4,0.407148023852584,4497.10009765625
721,1415,5,0.41992234850867255,3765.39990234375
722,511,1,0.2472176837920963,1021.2999877929688
722,505,2,0.25878610752555525,872.2000122070312
722,677,3,0.28663712204816105,97.0999984741211
722,1167,4,0.29750284871739274,1189.199951171875
722,996,5,0.3146855528471021,3835.10009765625
723,1530,1,0.20824198873549865,3704.300048828125
723,1703,2,0.21512532015481658,3283.89990234375
723,2301,3,0.24397659326229537,2691.89990234375
723,668,4,0.2506626728689165,345.5
723,913,5,0.2617929280586545,3947.199951171875
725,2060,1,0.2151726693388032,4644.60009765625
725,780,2,0.2540677559586354,4700.60009765625
725,1985,3,0.2581885693197809,2411.300048828125
725,675,4,0.2629837802605271,760.7999877929688
725,677,5,0.2916687146823579,427.8999938964844
726,2345,1,0.4819045521483427,
726,875,2,0.5984760258870616,
726,332,3,0.617919681627664,
726,2250,4,0.6429177082760185,
726,720,5,0.653251342608469,
727,1979,1,0.12757991410453226,369.79998779296875
727,1971,2,0.13383670540077075,361.5
727,1597,3,0.1671056686540857,1953.5999755859375
727,2386,4,0.17112651746861746,1849.699951171875
727,2190,5,0.18003912068362762,683.9000244140625
731,380,1,0.20159058087986628,663.7000122070312
731,1229,2,0.21908696196985433,2215.39990234375
731,509,3,0.22044881999847946,2101.699951171875
731,1919,4,0.23784674336876807,1138.199951171875
731,508,5,0.24775907850264034,2166.699951171875
734,745,1,0.2990752386614707,15.800000190734863
734,2158,2,0.2997865774082986,2513.39990234375
734,1143,3,0.32262919114906036,3682.10009765625
734,1125,4,0.342904562268384,1308.5999755859375
734,1004,5,0.36170914858640185,1405.5999755859375
735,372,1,0.2940361474351949,722.7999877929688
735,1666,2,0.2972839725497028,490.79998779296875
735,274,3,0.29816777773716885,628.7000122070312
735,357,4,0.29890444839861213,395.8999938964844
735,56,5,0.30055375766941844,273.1000061035156
736,1057,1,0.4481841783871204,1480.300048828125
736,235,2,0.4652067892519864,826.2000122070312
736,755,3,0.49165416791073363,232.5
736,240,4,0.5119040062065823,1085.800048828125
736,738,5,0.5288546534364147,246.39999389648438
737,701,1,0.2573210233102759,3077.89990234375
737,1345,2,0.2624999591718195,981.4000244140625
737,527,3,0.26906820298836276,2348.699951171875
737,2301,4,0.2838920416889279,585.0
737,1065,5,0.29145333281052815,955.5
738,2149,1,0.29842826351132007,2439.60009765625
738,1624,2,0.3159120958530433,1613.0
738,1356,3,0.32242373039932376,786.2000122070312
738,431,4,0.3450787358242156,149.1999969482422
738,559,5,0.3533164830396502,2227.10009765625
739,1308,1,0.23918691157677732,936.9000244140625
739,2158,2,0.26452158421312794,2384.199951171875
739,911,3,0.2731196605931398,1654.199951171875
739,2034,4,0.2765462857510877,513.7999877929688
739,2001,5,0.28438288769201153,224.89999389648438
741,1672,1,0.1882791360575349,1059.9000244140625
741,1260,2,0.19387334797761782,546.5999755859375
741,508,3,0.20548422492091775,2280.60009765625
741,2005,4,0.22178906588670744,447.6000061035156
741,1231,5,0.23703249852270128,2449.800048828125
742,1172,1,0.43739456852767195,3971.10009765625
742,2195,2,0.4438475323048615,1135.5999755859375
742,1610,3,0.4708111695450189,1877.0
742,2315,4,0.4991745807884141,605.7000122070312
742,2287,5,0.501471492742302,455.20001220703125
743,1655,1,0.24173250576526173,1547.699951171875
743,1304,2,0.2520477922888362,992.4000244140625
743,216,3,0.2932654067062614,1733.699951171875
743,1996,4,0.29974442713462734,356.0
743,1119,5,0.31981459544035257,1017.0999755859375
744,2206,1,0.2847048498213443,950.7999877929688
744,381,2,0.30499499100233596,438.0
744,1356,3,0.3127367823269535,761.2000122070312
744,387,4,0.3185721069880755,599.5
744,564,5,0.32367095784306144,2168.199951171875
745,908,1,0.24308859704015137,1479.800048828125
745,2015,2,0.26034725778474804,418.3999938964844
745,2158,3,0.2706753306090082,2497.60009765625
745,1168,4,0.2811382702624806,3239.60009765625
745,1004,5,0.2906744363357701,1398.800048828125
746,232,1,0.3850573576976715,684.2999877929688
746,2157,2,0.5507839902828152,2182.199951171875
746,277,3,0.5521330246495691,640.4000244140625
746,557,4,0.5572414673398045,2020.199951171875
746,494,5,0.5598836505149895,877.7999877929688
747,2036,1,0.23236311128634668,759.5
747,2015,2,0.24663776135958626,617.7999877929688
747,1611,3,0.25931855249442565,2170.89990234375
747,2034,4,0.25961286081711443,826.5999755859375
747,2276,5,0.264068875857384,697.9000244140625
748,2005,1,0.17993291659004843,413.6000061035156
748,422,2,0.18603844304807246,267.79998779296875
748,1236,3,0.2117030212344259,2317.300048828125
748,1333,4,0.21564988569738905,755.0
748,1764,5,0.22061747661795528,1953.800048828125
749,2295,1,0.2126872041914706,668.5
749,2034,2,0.2260085755157315,587.2000122070312
749,1611,3,0.23567075404876978,1967.0
749,540,4,0.23595657005225343,2007.300048828125
749,760,5,0.2382059424936472,197.1999969482422
751,2300,1,0.24755968025176225,506.20001220703125
751,2042,2,0.2601759829470912,369.5
751,1006,3,0.26410717157730973,1192.5
751,1356,4,0.2649256813670401,721.4000244140625
751,2325,5,0.2709260602709272,1084.199951171875
752,1240,1,0.49298741955689207,2110.0
752,1628,2,0.523230217235555,1430.4000244140625
752,449,3,0.5606474263428782,2909.10009765625
752,770,4,0.5734461526017637,537.0999755859375
752,1557,5,0.6205980805017528,1140.0999755859375
753,1339,1,0.4499674225839821,748.5
753,230,2,0.47808551215560086,1350.5999755859375
753,1644,3,0.4828200490676799,1211.300048828125
753,2304,4,0.4883747079592038,473.8999938964844
753,238,5,0.48902940963488883,778.9000244140625
754,2012,1,0.22747052153314906,764.5
754,1675,2,0.28777752560922637,726.7000122070312
754,1674,3,0.2909837694098616,779.4000244140625
754,574,4,0.3153034371516497,4429.60009765625
754,524,5,0.3369202108680711,2092.800048828125
755,717,1,0.24367559330527327,2876.800048828125
755,1558,2,0.3424700882949188,839.7999877929688
755,240,3,0.34701044798235403,951.4000244140625
755,2015,4,0.3622891879827139,583.7000122070312
755,1657,5,0.41041331187658653,1549.800048828125
756,1261,1,0.25822942290094303,518.2000122070312
756,535,2,0.2596263808092998,1988.800048828125
756,2036,3,0.26232720654863406,714.4000244140625
756,1137,4,0.28715810495406247,3610.699951171875
756,561,5,0.3014029239116037,2321.199951171875
757,1600,1,0.16609525468029002,1934.300048828125
757,2033,2,0.17579562300018844,383.79998779296875
757,1233,3,0.18185620615289322,2319.39990234375
757,1258,4,0.1907469513660139,488.5
757,12,5,0.20603419983622337,2385.60009765625
758,1296,1,0.30654502838441344,548.0
758,549,2,0.3248594555014099,2123.800048828125
758,383,3,0.3298793702821948,459.5
758,683,4,0.339857023114558,3142.89990234375
758,2163,5,0.3513007565601134,2294.39990234375
760,2295,1,0.21152897484309244,614.0
760,1611,2,0.21973768627052181,1825.0999755859375
760,2036,3,0.22311597931974828,488.20001220703125
760,749,4,0.2382059424936472,197.1999969482422
760,540,5,0.25230851230352064,1865.300048828125
761,532,1,0.3300627113176688,2344.39990234375
761,1269,2,0.3665152033775044,710.7000122070312
761,238,3,0.3977900274832273,836.7000122070312
761,1297,4,0.4310678097366048,465.70001220703125
761,744,5,0.4357185428060742,271.8999938964844
763,1236,1,0.14392096376278893,2418.39990234375
763,1231,2,0.1646629509632115,2526.199951171875
763,1135,3,0.17342122146301056,3849.5
763,2279,4,0.1780502321659982,641.9000244140625
763,509,5,0.17815281008671863,2292.10009765625
764,2027,1,0.7179508319975783,428.5
764,2018,2,0.822585676815404,351.79998779296875
764,2307,3,1.033531984239733,824.2000122070312
764,742,4,1.0417654958589007,212.89999389648438
764,1266,5,1.0479160164701309,416.79998779296875
765,1626,1,0.39367508004567897,1940.800048828125
765,1067,2,0.42172471183527555,1439.199951171875
765,525,3,0.4317756562746136,2397.800048828125
765,553,4,0.4335634050530937,2147.800048828125
765,1291,5,0.437336227242528,997.9000244140625
766,1142,1,0.14141807349256144,3598.10009765625
766,452,2,0.19714084961520872,2793.5
766,2024,3,0.20450757796672384,436.79998779296875
766,368,4,0.22477694603061132,408.29998779296875
766,2203,5,0.22710877841293156,986.0999755859375
767,1985,1,0.18406378469696005,444.3999938964844
767,1161,2,0.1863258809566547,3049.39990234375
767,2311,3,0.2268577140723447,459.1000061035156
767,1978,4,0.2300836735122379,416.3999938964844
767,892,5,0.24794688685832103,1001.4000244140625
769,1414,1,0.21700783261795623,1664.5
769,2255,2,0.2705031166712867,1125.5
769,1533,3,0.2741944889197003,899.9000244140625
769,1625,4,0.28079247528984536,2407.0
769,1422,5,0.28364892295126637,1695.0
770,1657,1,0.34439902257127425,1692.300048828125
770,1628,2,0.38395720725707666,1793.4000244140625
770,425,3,0.391581334571742,551.0999755859375
770,437,4,0.4669685154347133,457.70001220703125
770,755,5,0.4756888769942598,322.3999938964844
771,1174,1,0.4606714900361567,4164.39990234375
771,82,2,0.4933719826328901,674.5
771,59,3,0.5077240548572611,592.2000122070312
771,2163,4,0.5353541044781838,2417.60009765625
771,61,5,0.5365050948701204,632.7000122070312
773,1185,1,0.44652901552174906,1921.0
773,532,2,0.49270974892734654,2613.300048828125
773,230,3,0.49959110303720156,1005.2999877929688
773,2314,4,0.5091140456607001,871.9000244140625
773,2163,5,0.5128103597020088,2387.10009765625
774,745,1,0.39006629559782313,253.8000030517578
774,1644,2,0.4188094560742433,1504.800048828125
774,2015,3,0.4201537730701028,672.2000122070312
774,240,4,0.4337391414709071,796.7999877929688
774,1057,5,0.43821043133384274,1313.0999755859375
775,1176,1,0.28967472654701715,9365.7998046875
775,1188,2,0.42028617328068774,9378.7998046875
775,666,3,0.4444320724695422,4752.7998046875
775,1134,4,0.47875727122179207,3819.39990234375
775,2461,5,0.479864614686656,9310.099609375
776,782,1,0.27389170489278875,348.5
776,777,2,0.2852027311939859,217.89999389648438
776,783,3,0.3075454387755245,337.1000061035156
776,2338,4,0.31276597995390887,799.2999877929688
776,794,5,0.3180846086121094,198.8000030517578
777,782,1,0.10843043358410552,131.1999969482422
777,785,2,0.14408073022463075,77.69999694824219
777,842,3,0.2608691956719835,736.5999755859375
777,776,4,0.2852027311939859,217.89999389648438
777,843,5,0.2940071060655904,1123.199951171875
778,57,1,0.3087795039174652,7613.5
778,26,2,0.38632288324957476,7707.2998046875
778,789,3,0.3943867298966417,465.6000061035156
778,782,4,0.3987076483076801,79.0
778,881,5,0.4016734637093163,1383.4000244140625
779,783,1,0.29057706903335484,433.79998779296875
779,780,2,0.32000726428359355,426.0
779,725,3,0.35272506950531185,5113.7001953125
779,603,4,0.356086210572635,2688.89990234375
779,776,5,0.36058161581043385,254.3000030517578
780,675,1,0.22752944678922465,4622.60009765625
780,579,2,0.2511853100451113,2486.10009765625
780,725,3,0.2540677559586354,4700.60009765625
780,677,4,0.26977521053454095,4554.2001953125
780,781,5,0.28710104936087705,71.69999694824219
781,581,1,0.2712001474948754,2659.800048828125
781,780,2,0.28710104936087705,71.69999694824219
781,579,3,0.310623020720586,2551.199951171875
781,229,4,0.3255227203581246,8130.7001953125
781,725,5,0.3301070022584723,4765.60009765625
782,777,1,0.10843043358410552,131.1999969482422
782,785,2,0.15945363538117532,208.39999389648438
782,842,3,0.26039511937784976,867.2000122070312
782,776,4,0.27389170489278875,348.5
782,794,5,0.31685495622863613,151.10000610351562
783,784,1,0.27849437231960605,325.29998779296875
783,779,2,0.29057706903335484,433.79998779296875
783,776,3,0.3075454387755245,337.1000061035156
783,780,4,0.3321776152692568,510.0
783,594,5,0.3511094588022923,3101.60009765625
784,783,1,0.27849437231960605,325.29998779296875
784,75,2,0.30911036574669803,7434.10009765625
784,585,3,0.31260583908694006,2780.199951171875
784,603,4,0.32162073283055537,2460.60009765625
784,3011,5,0.32222597408120296,7003.39990234375
785,777,1,0.14408073022463075,77.69999694824219
785,782,2,0.15945363538117532,208.39999389648438
785,842,3,0.20115008226419598,662.0
785,1186,4,0.29776304595158937,9282.900390625
785,776,5,0.37638223780430763,146.60000610351562
787,797,1,0.37081005292817354,328.20001220703125
787,792,2,0.4907198228354889,380.0
787,2148,3,0.5086904675905088,6535.5
787,791,4,0.5152101924864336,331.8999938964844
787,1191,5,0.526768967711354,9377.7998046875
788,588,1,0.5023085093470138,1881.199951171875
788,870,2,0.5126638340828928,799.5999755859375
788,30,3,0.6420315855385175,6995.7001953125
788,746,4,0.6627222412258121,6972.7998046875
788,232,5,0.6783966123496651,7634.0
789,790,1,0.29212579741488465,306.70001220703125
789,594,2,0.3181301332181404,2945.5
789,794,3,0.3459921633411677,385.5
789,783,4,0.3586179100899169,375.29998779296875
789,881,5,0.35997746093229555,1285.5999755859375
790,594,1,0.26043482071490937,2695.39990234375
790,789,2,0.29212579741488465,306.70001220703125
790,589,3,0.32258131011313673,2338.89990234375
790,881,4,0.34731294309404454,1035.5
790,781,5,0.37020741333659046,46.099998474121094
791,792,1,0.2676223021601244,539.5999755859375
791,2341,2,0.4299132806520469,765.5
791,851,3,0.49058594040324377,356.1000061035156
791,787,4,0.5152101924864336,331.8999938964844
791,2343,5,0.5218401894596322,523.7000122070312
792,791,1,0.2676223021601244,539.5999755859375
792,851,2,0.4514974718100824,875.5999755859375
792,2341,3,0.4790717608261058,1285.0
792,787,4,0.4907198228354889,380.0
792,916,5,0.5261892194939531,9406.900390625
793,795,1,0.45489288657670224,46.099998474121094
793,1302,2,0.4752411049384399,8053.10009765625
793,82,3,0.48678325348968937,7537.89990234375
793,279,4,0.4966400036271486,7940.10009765625
793,1174,5,0.5063975571489783,3854.300048828125
794,876,1,0.28599738995804513,1394.0999755859375
794,782,2,0.31685495622863613,151.10000610351562
794,776,3,0.3180846086121094,198.8000030517578
794,777,4,0.32320389414299483,20.200000762939453
794,2338,5,0.32555833190959305,903.5999755859375
795,793,1,0.45489288657670224,46.099998474121094
795,1956,2,0.5077830486162597,1358.9000244140625
795,1302,3,0.5278930302196323,8099.2001953125
795,1276,4,0.5363152424314054,8000.60009765625
795,874,5,0.5521647410124335,1240.800048828125
796,880,1,0.5109744331632264,1389.5999755859375
796,787,2,0.627930530694924,294.6000061035156
796,2339,3,0.6378022692572961,966.5
796,882,4,0.6440613975209146,1418.199951171875
796,879,5,0.6636171528181152,1542.800048828125
797,803,1,0.25446821362978045,305.6000061035156
797,787,2,0.37081005292817354,328.20001220703125
797,1191,3,0.3729378654707747,9612.2998046875
797,917,4,0.42427786543031676,9349.5
797,2249,5,0.467105207873643,8123.60009765625
798,805,1,0.18454700956157621,127.80000305175781
798,881,2,0.32331622052897335,1283.800048828125
798,585,3,0.36582925692809326,2941.0
798,784,4,0.3780175953382496,167.39999389648438
798,603,5,0.3823669716086273,2621.39990234375
799,856,1,0.3379171930500338,826.7000122070312
799,1187,2,0.3690056102995803,8997.400390625
799,803,3,0.4049090252676899,539.2000122070312
799,783,4,0.4184305830346796,587.2000122070312
799,234,5,0.4184911667204102,8256.400390625
800,603,1,0.31619282810820387,2460.60009765625
800,601,2,0.348671606908121,2637.199951171875
800,2885,3,0.35117010184859176,7443.39990234375
800,1071,4,0.35381778325938634,8560.2001953125
800,781,5,0.3556779571796646,133.6999969482422
801,746,1,0.6941645194602115,7333.5
801,788,2,0.7484710278160653,373.6000061035156
801,276,3,0.7496277656883006,8007.0
801,494,4,0.768994964856022,8169.7998046875
801,232,5,0.8232339290023561,7994.60009765625
802,1261,1,0.3305227096023935,7959.2001953125
802,2149,2,0.37979187837408973,5210.39990234375
802,756,3,0.3969592793841059,7466.10009765625
802,2036,4,0.40713226924363444,6865.39990234375
802,591,5,0.4238790860563547,2747.699951171875
803,797,1,0.25446821362978045,305.6000061035156
803,1191,2,0.36725967039036916,9537.900390625
803,799,3,0.4049090252676899,539.2000122070312
803,917,4,0.4352872738392909,9275.0
803,856,5,0.4479864889188503,1364.699951171875
804,874,1,0.41497426635102463,1166.5
804,1663,2,0.4605914240665312,6058.7998046875
804,1302,3,0.47123593893801086,8024.89990234375
804,1981,4,0.4967225990966193,7020.60009765625
804,2163,5,0.49743704608254613,5253.2001953125
805,798,1,0.18454700956157621,127.80000305175781
805,881,2,0.2915117050014945,1156.0999755859375
805,784,3,0.3377048286776295,39.599998474121094
805,585,4,0.3782683836210181,2813.199951171875
805,2011,5,0.3785307129678864,6838.39990234375
806,1960,1,0.3547806906852195,1221.0999755859375
806,579,2,0.39009796027978916,2775.800048828125
806,1187,3,0.41820552038884745,9369.599609375
806,1968,4,0.43034641980078014,1441.0999755859375
806,846,5,0.4471391444319486,423.70001220703125
807,1197,1,0.4241433716358314,9469.7998046875
807,1184,2,0.4561519605342205,9333.599609375
807,440,3,0.46919795577253903,7656.39990234375
807,1972,4,0.4711752616977331,7106.60009765625
807,1187,5,0.4718332858569266,9497.7001953125
808,1766,1,0.4353012385608537,9186.7998046875
808,537,2,0.4598506068517155,5425.2001953125
808,802,3,0.46083542772946856,181.39999389648438
808,1261,4,0.5051734760913128,7883.7001953125
808,584,5,0.5145276707386747,2636.60009765625
809,2445,1,0.14347431260928714,2119.10009765625
809,812,2,0.15268561907770353,183.5
809,824,3,0.15729948329378265,188.5
809,2402,4,0.17379166619829872,2112.60009765625
809,2383,5,0.17491997872082132,2118.39990234375
810,821,1,0.246224418597359,152.6999969482422
810,826,2,0.25417795158135387,68.5999984741211
810,1548,3,0.2894915150762835,1292.4000244140625
810,833,4,0.29864993499872206,243.5
810,828,5,0.30560866528701247,134.5
811,819,1,0.20085719783838094,41.0
811,1,2,0.23442096955144667,332.5
811,2881,3,0.24799395890300382,59.0
811,841,4,0.25411533285375815,208.5
811,813,5,0.2617227824939989,51.5
812,824,1,0.13074274643446981,20.0
812,809,2,0.15268561907770353,183.5
812,2876,3,0.16147999423552856,20.5
812,2411,4,0.20069717818198357,2323.800048828125
812,2445,5,0.2125907326808535,2284.300048828125
813,819,1,0.1882847686724307,20.0
813,841,2,0.2043266645466401,195.6999969482422
813,830,3,0.23825095150579606,141.0
813,1,4,0.24340783277513417,309.5
813,811,5,0.2617227824939989,51.5
814,1920,1,0.18263830948827078,929.2000122070312
814,823,2,0.2087638807702762,128.3000030517578
814,1010,3,0.21692561624890994,693.5999755859375
814,1553,4,0.24442367096181875,1579.9000244140625
814,2710,5,0.2591641131211466,1677.300048828125
815,1899,1,0.18270309332855245,1230.5
815,1934,2,0.1945974948211379,846.0999755859375
815,1010,3,0.22153564695204747,614.9000244140625
815,1740,4,0.23782246738849436,1008.7000122070312
815,832,5,0.2531425516500138,176.5
817,1774,1,0.31634141011523964,2053.39990234375
817,1688,2,0.35687732236041675,2217.39990234375
817,1549,3,0.3621249164385343,1630.699951171875
817,2174,4,0.36991217861041104,1452.4000244140625
817,1316,5,0.38222919720187987,1874.199951171875
818,991,1,0.2159386351460253,1677.800048828125
818,2619,2,0.25478908433943853,1710.5999755859375
818,820,3,0.25623710755062684,137.6999969482422
818,1477,4,0.2606863917505546,1629.9000244140625
818,2188,5,0.2617570722563789,1384.300048828125
819,841,1,0.1061967250882767,180.10000610351562
819,918,2,0.182909910820352,525.4000244140625
819,813,3,0.1882847686724307,20.0
819,811,4,0.20085719783838094,41.0
819,1890,5,0.20264673873257916,1364.699951171875
820,3009,1,0.09243104735532093,1081.9000244140625
820,1303,2,0.1716706328162536,1756.199951171875
820,1525,3,0.1921117892587185,1601.4000244140625
820,841,4,0.193945231296368,73.9000015258789
820,278,5,0.19576002062931705,1698.4000244140625
821,810,1,0.246224418597359,152.6999969482422
821,1760,2,0.27901292832583785,1133.199951171875
821,1941,3,0.3015563868267395,1122.300048828125
821,1018,4,0.3110481143057634,846.0
821,2075,5,0.32377913521584717,1154.5
822,823,1,0.21139166653087194,173.60000610351562
822,832,2,0.21911025411766935,137.1999969482422
822,1010,3,0.24131123923599623,681.7000122070312
822,2173,4,0.26792440359784053,1096.199951171875
822,1540,5,0.27417300615382467,1436.0
823,1010,1,0.17339625618253784,667.0
823,814,2,0.2087638807702762,128.3000030517578
823,822,3,0.21139166653087194,173.60000610351562
823,832,4,0.21187757300307697,131.10000610351562
823,1740,5,0.24411720438615808,1060.699951171875
824,812,1,0.13074274643446981,20.0
824,809,2,0.15729948329378265,188.5
824,2371,3,0.19891790161530387,2294.199951171875
824,2445,4,0.2030805152308663,2293.199951171875
824,2437,5,0.21571908353490804,2258.89990234375
825,815,1,0.2564815648147428,235.6999969482422
825,823,2,0.2586881423247664,183.8000030517578
825,822,3,0.2790979621163307,320.5
825,2173,4,0.2885884666175385,1381.4000244140625
825,1010,5,0.29349685567522715,741.9000244140625
826,810,1,0.25417795158135387,68.5999984741211
826,828,2,0.27054717677258366,184.60000610351562
826,1548,3,0.30438656912824386,1356.0999755859375
826,1774,4,0.3415498439201322,1944.199951171875
826,1018,5,0.35009501442737123,843.2000122070312
827,1032,1,0.2863272551722492,909.7000122070312
827,1926,2,0.30378277967507944,1079.199951171875
827,1020,3,0.3332716858423291,678.7999877929688
827,2081,4,0.34310944791887427,1091.0
827,1939,5,0.35187903788931846,1061.800048828125
828,1714,1,0.267631040898445,1097.699951171875
828,826,2,0.27054717677258366,184.60000610351562
828,929,3,0.2780439958551844,568.9000244140625
828,1018,4,0.28182739615751745,694.7000122070312
828,1548,5,0.29075341223249773,1207.5999755859375
829,839,1,0.29998051715123686,239.1999969482422
829,2266,2,0.30430738900288073,1059.9000244140625
829,1941,3,0.32483706578552035,1012.5999755859375
829,1756,4,0.3289850861497187,1078.0999755859375
829,831,5,0.34544865640121214,173.8000030517578
830,1010,1,0.21562849697466777,689.7999877929688
830,1863,2,0.222175012890214,1298.800048828125
830,820,3,0.23611542090136908,216.10000610351562
830,813,4,0.23825095150579606,141.0
830,819,5,0.24098464682697865,125.19999694824219
831,829,1,0.34544865640121214,173.8000030517578
831,1494,2,0.3604191711651861,1563.5999755859375
831,2266,3,0.3837322402463057,1145.300048828125
831,1774,4,0.3848626700907162,1860.4000244140625
831,839,5,0.41108451751149006,66.9000015258789
832,1880,1,0.19163956250349085,1514.9000244140625
832,1846,2,0.19392248545910915,1365.199951171875
832,823,3,0.21187757300307697,131.10000610351562
832,1010,4,0.21232601674095708,773.0999755859375
832,822,5,0.21911025411766935,137.1999969482422
833,1848,1,0.22733346359438783,1067.0999755859375
833,1714,2,0.23187064745403793,999.5
833,1941,3,0.23581580223207776,1084.800048828125
833,1528,4,0.24261446055881672,1334.0999755859375
833,2272,5,0.2471490306300354,1308.4000244140625
834,195,1,0.531662839286912,256.0
834,169,2,0.5735977605416123,67.69999694824219
834,835,3,0.5821372570674326,146.10000610351562
834,1893,4,0.5858915759835323,1569.5999755859375
834,168,5,0.6075869782658153,103.5999984741211
835,306,1,0.2935619548358668,1325.4000244140625
835,1029,2,0.3417668523961754,866.7999877929688
835,1428,3,0.35633164950667884,1122.5999755859375
835,836,4,0.3642355121543511,107.9000015258789
835,1036,5,0.40096748821837236,800.5
836,1034,1,0.32431163720431117,676.2000122070312
836,1717,2,0.34985519236494483,1262.300048828125
836,835,3,0.3642355121543511,107.9000015258789
836,1029,4,0.3896613078215964,883.0999755859375
836,1706,5,0.3994997820802755,1659.4000244140625
838,930,1,0.386221085792113,596.2999877929688
838,1200,2,0.38974803525505475,1628.4000244140625
838,924,3,0.39581917501093383,441.20001220703125
838,835,4,0.4408125421930275,100.5
838,306,5,0.44538834364463753,1425.9000244140625
839,829,1,0.29998051715123686,239.1999969482422
839,1774,2,0.3368010842558676,1793.5
839,1679,3,0.3667675032712098,1814.0999755859375
839,920,4,0.37039761442896757,682.0999755859375
839,1927,5,0.3718711068910788,1072.800048828125
840,1040,1,0.501451389196199,803.5
840,1034,2,0.5677095127304592,612.4000244140625
840,1421,3,0.5854866393161712,1124.5
840,1028,4,0.5967964067189774,509.79998779296875
840,361,5,0.6078676760147218,1393.4000244140625
841,819,1,0.1061967250882767,180.10000610351562
841,2119,2,0.1713477353648584,1566.300048828125
841,1890,3,0.18628212390764642,1328.5999755859375
841,1400,4,0.19275701161267816,2088.60009765625
841,820,5,0.193945231296368,73.9000015258789
842,785,1,0.20115008226419598,662.0
842,782,2,0.26039511937784976,867.2000122070312
842,777,3,0.2608691956719835,736.5999755859375
842,1186,4,0.3106815240893656,8620.900390625
842,2338,5,0.3420649808808227,186.1999969482422
843,2238,1,0.27904099050217157,7757.10009765625
843,777,2,0.2940071060655904,1123.199951171875
843,312,3,0.29648111239809,2106.39990234375
843,2338,4,0.2985278608428111,582.4000244140625
843,579,5,0.3341821793183249,2454.39990234375
844,856,1,0.3554358807988882,570.5999755859375
844,225,2,0.36827281792484806,8873.7001953125
844,234,3,0.40233822187750984,8358.2001953125
844,847,4,0.4216579185063333,542.4000244140625
844,2248,5,0.4830814279496014,7392.7001953125
846,325,1,0.34371932213570205,4254.7998046875
846,856,2,0.413761048479548,778.7000122070312
846,2880,3,0.418355909367289,7652.60009765625
846,2340,4,0.4190087891227687,527.9000244140625
846,1960,5,0.43636867904827537,800.7999877929688
847,856,1,0.3443653539143176,38.900001525878906
847,234,2,0.402455428627978,8524.7998046875
847,2040,3,0.4055972498359842,6755.60009765625
847,581,4,0.41407447397008373,2780.699951171875
847,1963,5,0.4192705086090009,327.79998779296875
848,2339,1,0.39800355102393065,1080.5
848,1970,2,0.45120838454436435,1170.199951171875
848,916,3,0.6079799864206281,8307.900390625
848,340,4,0.6117817035909339,2484.39990234375
848,616,5,0.6352829207929964,2392.5
849,600,1,0.5486738862760713,1930.699951171875
849,1565,2,0.6263671153422685,7719.7998046875
849,1252,3,0.6478525251624202,4674.60009765625
849,421,4,0.6561666567063414,7131.5
849,333,5,0.6650346542345945,4568.5
851,2341,1,0.44499139736925947,415.29998779296875
851,792,2,0.4514974718100824,875.5999755859375
851,791,3,0.49058594040324377,356.1000061035156
851,2148,4,0.5033372641345865,5952.10009765625
851,787,5,0.5501041985206706,589.2000122070312
852,2339,1,0.6503618801264592,378.79998779296875
852,708,2,0.6924558102300692,4216.60009765625
852,1178,3,0.6965624738066946,8848.400390625
852,853,4,0.7019014483960689,738.7000122070312
852,787,5,0.724178657359399,830.7000122070312
853,2339,1,0.5724263277782512,1100.800048828125
853,848,2,0.6630070232826366,1160.300048828125
853,803,3,0.6696517073175089,1712.800048828125
853,2250,4,0.6894191561260337,8476.099609375
853,797,5,0.689771743654092,1787.300048828125
854,1962,1,0.6554513042475625,
854,1968,2,0.6926406297276771,
854,332,3,0.693371759372234,
854,798,4,0.6981692205071718,
854,805,5,0.7038698612404234,
855,340,1,0.5150506187712286,2925.199951171875
855,2250,2,0.5298171130662411,7837.5
855,803,3,0.5766681067127927,1528.0
855,917,4,0.6136023479414441,8743.2001953125
855,615,5,0.6251843768764772,1694.5
856,799,1,0.3379171930500338,826.7000122070312
856,847,2,0.3443653539143176,38.900001525878906
856,844,3,0.3554358807988882,570.5999755859375
856,2880,4,0.3687785038074684,7997.2001953125
856,234,5,0.3694392426930719,8553.0
857,844,1,0.5569525009750209,89.30000305175781
857,1963,2,0.5873695395192279,873.0999755859375
857,878,3,0.5879788519010167,1363.0999755859375
857,2341,4,0.6082876896446491,785.2999877929688
857,888,5,0.6128043599956078,1651.5999755859375
859,1178,1,0.676198230086557,9424.7998046875
859,1966,2,0.7081057779239368,975.9000244140625
859,852,3,0.7873776955830222,593.0999755859375
859,2148,4,0.8130355974036892,6656.7001953125
859,708,5,0.8314007997917763,4793.0
860,2338,1,0.4037239622174809,186.1999969482422
860,794,2,0.425133889283972,717.5
860,605,3,0.45477937407798846,2077.60009765625
860,843,4,0.45483583196164173,401.6000061035156
860,842,5,0.467824201515538,0.0
870,788,1,0.5126638340828928,799.5999755859375
870,232,2,0.515813334857727,6851.7998046875
870,588,3,0.540544354198595,1099.0999755859375
870,2023,4,0.5761178856829879,5788.5
870,30,5,0.5763018159062533,6213.5
871,889,1,0.2931368914844515,161.5
871,876,2,0.3503453757625928,97.9000015258789
871,2338,3,0.46031713184873285,485.79998779296875
871,794,4,0.4693966745449973,1383.699951171875
871,1962,5,0.4698796742028593,2082.60009765625
872,666,1,0.405215102179496,3439.300048828125
872,727,2,0.4532802721872885,6156.7001953125
872,2557,3,0.45382734564233335,7482.0
872,2562,4,0.4616069504007357,7489.10009765625
872,2466,5,0.4637906319047614,7475.2998046875
873,885,1,0.3034991431545527,202.89999389648438
873,754,2,0.45765545081278697,6278.5
873,591,3,0.4627134643506039,1613.5999755859375
873,694,4,0.4773880617871585,3828.5
873,2886,5,0.4909176898912517,6221.10009765625
874,804,1,0.41497426635102463,1166.5
874,1138,2,0.4340716560566092,2792.10009765625
874,885,3,0.4568198445837422,156.3000030517578
874,754,4,0.4889309775796738,6232.0
874,2012,5,0.4944380252755336,5627.89990234375
875,330,1,0.2862937049370859,646.9000244140625
875,1957,2,0.33140951958339554,1736.800048828125
875,878,3,0.3905356875274109,155.60000610351562
875,781,4,0.39285292047557824,1485.300048828125
875,888,5,0.4248393389044957,444.1000061035156
876,794,1,0.28599738995804513,1394.0999755859375
876,871,2,0.3503453757625928,97.9000015258789
876,783,3,0.3534626342133979,1532.4000244140625
876,789,4,0.36269048177716834,1376.4000244140625
876,581,5,0.3757638018168274,1689.0999755859375
877,243,1,0.531681693827547,7606.2001953125
877,1173,2,0.6129151435235033,2794.89990234375
877,1146,3,0.6657192720625389,2869.699951171875
877,874,4,0.6839133627980514,146.8000030517578
877,537,5,0.688976268834621,4381.39990234375
878,1969,1,0.37494697057902376,1578.0
878,875,2,0.3905356875274109,155.60000610351562
878,783,3,0.3960829654653363,1890.5999755859375
878,781,4,0.4028825354976563,1452.300048828125
878,876,5,0.40448969398135204,481.5
879,317,1,0.6050922367656629,2307.60009765625
879,796,2,0.6636171528181152,1542.800048828125
879,1966,3,0.6713843348739729,1396.0999755859375
879,2339,4,0.6818063350181959,582.0999755859375
879,319,5,0.6878638577987246,2872.800048828125
880,796,1,0.5109744331632264,1389.5999755859375
880,882,2,0.6376872240201223,179.6999969482422
880,787,3,0.6408860675497129,1257.0
880,848,4,0.7025686577658714,802.7000122070312
880,879,5,0.7156802860530938,304.29998779296875
881,805,1,0.2915117050014945,1156.0999755859375
881,594,2,0.30171140628757864,1667.5
881,798,3,0.32331622052897335,1283.800048828125
881,790,4,0.34731294309404454,1035.5
881,789,5,0.35997746093229555,1285.5999755859375
882,880,1,0.6376872240201223,179.6999969482422
882,796,2,0.6440613975209146,1418.199951171875
882,2343,3,0.7813485194269522,529.0
882,879,4,0.8158069369111435,167.60000610351562
882,1959,5,0.8684120882644553,1425.9000244140625
883,2146,1,0.3992858552624366,5197.60009765625
883,585,2,0.4422892994344737,1531.199951171875
883,327,3,0.4524527881222194,3278.800048828125
883,2218,4,0.45332646974919505,5360.5
883,2011,5,0.45885963393385565,5556.39990234375
884,1970,1,0.46851001057396724,1643.5
884,2339,2,0.6100772913121888,993.2000122070312
884,1431,3,0.6181255471133926,3908.300048828125
884,848,4,0.6848038313750181,516.5
884,853,5,0.78247236538563,1633.5
885,873,1,0.3034991431545527,202.89999389648438
885,243,2,0.4293322521934348,7407.0
885,694,3,0.4516238669839175,3644.10009765625
885,874,4,0.4568198445837422,156.3000030517578
885,1138,5,0.48022346910801195,2654.39990234375
886,220,1,0.3683039591211917,7178.7001953125
886,574,2,0.3691447435863384,1332.5999755859375
886,2155,3,0.372617157693108,3761.10009765625
886,584,4,0.37284642411187563,883.0
886,2292,5,0.38474046468575085,5222.2001953125
888,875,1,0.4248393389044957,444.1000061035156
888,917,2,0.4545860214277924,7145.39990234375
888,2348,3,0.47705138187798324,
888,847,4,0.49200049575186755,1861.5999755859375
888,582,5,0.502215418326362,649.0999755859375
889,871,1,0.2931368914844515,161.5
889,1962,2,0.3410380695700861,2226.300048828125
889,1961,3,0.4006353551540508,1998.0999755859375
889,876,4,0.41953951970581643,256.70001220703125
889,798,5,0.4459899352180859,1507.9000244140625
890,2318,1,0.15920353906796772,957.5
890,206,2,0.166940341066763,983.4000244140625
890,1506,3,0.17361486582445382,1610.199951171875
890,1136,4,0.18526701064588114,4879.10009765625
890,1135,5,0.18927996589125445,5216.5
891,1990,1,0.21716966553628766,1076.199951171875
891,228,2,0.22332298378070145,993.2000122070312
891,2008,3,0.2682277525436555,1280.5
891,234,4,0.27103130954204513,789.2000122070312
891,2011,5,0.2737600581251129,1348.800048828125
892,1990,1,0.16341752184155142,1108.699951171875
892,2006,2,0.17498791356327834,1237.699951171875
892,2010,3,0.1823476462131995,1271.5
892,1586,4,0.1977177761572203,1096.199951171875
892,1986,5,0.2060149565220296,1374.9000244140625
895,1994,1,0.29950515586389315,1710.800048828125
895,210,2,0.34020845899223784,1066.5999755859375
895,217,3,0.36053623354164693,1034.300048828125
895,1066,4,0.36190806985813423,659.0999755859375
895,1510,5,0.38164461106132824,1495.800048828125
896,890,1,0.24267883611132543,43.900001525878906
896,2243,2,0.25607120995666527,3220.0
896,1398,3,0.2768311645776477,1198.800048828125
896,1993,4,0.2800575086408362,1924.800048828125
896,2228,5,0.28140121528697,2247.699951171875
897,2336,1,0.23990128017381152,540.5999755859375
897,1778,2,0.253294544211992,1075.800048828125
897,2235,3,0.2787783006271468,1967.4000244140625
897,1922,4,0.2884088942886663,1400.4000244140625
897,2108,5,0.2985283886434596,801.5999755859375
898,2314,1,0.3653415875235455,1725.300048828125
898,1347,2,0.3769372737308141,1929.0
898,1272,3,0.403038714554982,728.0999755859375
898,1897,4,0.4115465891597813,1253.0999755859375
898,904,5,0.41586661083398224,109.5
899,920,1,0.16941966932422942,1898.199951171875
899,1700,2,0.24823953645810812,1515.0999755859375
899,1111,3,0.26545555567605866,859.7999877929688
899,1024,4,0.29283336322722875,1760.0999755859375
899,1948,5,0.29350267324201496,1398.9000244140625
900,1582,1,0.267382946221225,947.2999877929688
900,2015,2,0.3090235600241469,1651.800048828125
900,2128,3,0.3453303608466455,1001.7999877929688
900,739,4,0.3462369326971304,1348.5
900,2158,5,0.3628231533773838,3731.0
901,1770,1,0.3189760118623467,828.2999877929688
901,1605,2,0.3214986414465776,3009.300048828125
901,280,3,0.3377813542913623,1127.5
901,1619,4,0.3528552487399742,3459.10009765625
901,1587,5,0.3577855855200402,681.5
902,1168,1,0.4527052204613134,4509.60009765625
902,2204,2,0.45859703478732733,2308.5
902,2158,3,0.4634791042224498,3767.5
902,755,4,0.4639951459062627,1265.9000244140625
902,1069,5,0.46583556389214,142.1999969482422
903,281,1,0.5941370720849874,658.2999877929688
903,184,2,0.6103914085309136,2258.60009765625
903,1687,3,0.6394123167624444,1513.800048828125
903,1956,4,0.6696022514015672,8308.5
903,1276,5,0.6742554032794075,534.5
904,2260,1,0.40555344047066394,1095.800048828125
904,898,2,0.41586661083398224,109.5
904,2037,3,0.4535187174216611,1251.800048828125
904,531,4,0.45838351261786026,3196.300048828125
904,1272,5,0.4730863401054048,619.5
905,2155,1,0.14078941579551996,3498.39990234375
905,2036,2,0.2203380163952796,1384.5999755859375
905,215,3,0.25999054410161493,1515.5999755859375
905,220,4,0.2759384875775038,1033.300048828125
905,2298,5,0.27649820285083476,1427.5
907,904,1,0.6926003594876502,785.7999877929688
907,773,2,0.7013468184725552,1210.5
907,746,3,0.7180274061455937,1561.199951171875
907,276,4,0.7192760841614084,1420.199951171875
907,1297,5,0.7482859967127077,1359.699951171875
908,911,1,0.16332363795163915,248.1999969482422
908,2158,2,0.2203050909812334,3856.199951171875
908,745,3,0.24308859704015137,1479.800048828125
908,215,4,0.2552972779382132,716.2000122070312
908,2015,5,0.2701992830697985,1846.0
909,739,1,0.32531154862435785,1794.0
909,1052,2,0.35711812470335463,737.2000122070312
909,2001,3,0.37366872085243474,2017.199951171875
909,2158,4,0.3881744361704445,4176.5
909,518,5,0.4046467127679382,3657.5
911,908,1,0.16332363795163915,248.1999969482422
911,215,2,0.22922851178040976,807.4000244140625
911,2886,3,0.2398675449051327,1565.4000244140625
911,739,4,0.2731196605931398,1654.199951171875
911,1285,5,0.2781716877757712,1249.5999755859375
912,2882,1,0.3947526361854979,3438.199951171875
912,2040,2,0.42946911197687787,1996.199951171875
912,2229,3,0.44742774518082346,2585.5
912,459,4,0.45513273593268094,4319.0
912,581,5,0.4931940247838861,6679.89990234375
913,1788,1,0.25875036301719384,1058.5999755859375
913,2333,2,0.2594968580046315,570.2000122070312
913,723,3,0.2617929280586545,3947.199951171875
913,2301,4,0.2724010830081154,1560.4000244140625
913,1912,5,0.28331007474945424,1427.300048828125
914,1286,1,0.4495142132371362,805.9000244140625
914,2139,2,0.46112679848700733,1159.0
914,1120,3,0.4818708076994038,982.2999877929688
914,1301,4,0.48348504383927,931.0
914,2205,5,0.4979071299917057,2161.699951171875
915,444,1,0.3419309583765785,1224.5
915,1587,2,0.34307157394824483,845.0
915,1896,3,0.34491373714067397,1435.199951171875
915,1310,4,0.3518323309128052,578.0
915,706,5,0.35332237734667843,4110.0
916,917,1,0.43569728230914645,8.100000381469727
916,582,2,0.5128933321181507,6501.89990234375
916,2341,3,0.5258267731592365,8130.89990234375
916,792,4,0.5261892194939531,9406.900390625
916,860,5,0.5671446008962558,8472.7998046875
917,797,1,0.42427786543031676,9349.5
917,803,2,0.4352872738392909,9275.0
917,916,3,0.43569728230914645,8.100000381469727
917,856,4,0.441576018915966,9033.7001953125
917,888,5,0.4545860214277924,7145.39990234375
918,375,1,0.1422006912958688,1441.5999755859375
918,1952,2,0.14812165368289554,808.5
918,1877,3,0.17138741038449554,1183.9000244140625
918,988,4,0.17692587466509963,1470.199951171875
918,819,5,0.182909910820352,525.4000244140625
920,899,1,0.16941966932422942,1898.199951171875
920,1024,2,0.26550676701909565,330.3999938964844
920,1111,3,0.2906319762405828,1257.4000244140625
920,1494,4,0.30054733902563596,1291.0
920,1888,5,0.3164000340537171,914.5999755859375
922,565,1,0.30587046797224954,3601.10009765625
922,2258,2,0.31567568155338804,1057.9000244140625
922,305,3,0.3191383006022096,1122.0
922,924,4,0.32638069289684857,171.8000030517578
922,306,5,0.335317079452088,1122.699951171875
923,1903,1,0.3367359099790944,1226.4000244140625
923,1737,2,0.34079835959650845,1103.0999755859375
923,1755,3,0.36585617469401854,1136.0999755859375
923,1200,4,0.3685598513818008,1494.300048828125
923,1494,5,0.37305571976832647,1603.5
924,1755,1,0.30019594472648636,1133.699951171875
924,1292,2,0.3081909452487653,1822.9000244140625
924,2046,3,0.30870611178601665,1876.800048828125
924,1200,4,0.31004577301690184,1492.0
924,570,5,0.3134559811115888,4052.60009765625
925,1710,1,0.29943788158151874,1414.5999755859375
925,1687,2,0.34854701665690824,1490.9000244140625
925,377,3,0.3840800090668905,1367.0
925,1024,4,0.3868881124985745,628.2000122070312
925,1637,5,0.3901430187624517,3063.199951171875
926,1013,1,0.34621693699851014,828.4000244140625
926,1743,2,0.39787414213826233,1205.300048828125
926,2269,3,0.43111719523292585,1387.300048828125
926,1016,4,0.46456697869790897,763.0999755859375
926,1784,5,0.47315261445441986,2058.10009765625
927,820,1,0.25198645509030665,651.7999877929688
927,12,2,0.2616192520575389,4014.60009765625
927,278,3,0.2730517119786861,1490.199951171875
927,1615,4,0.27594032404980706,3282.800048828125
927,373,5,0.28650187750303346,1547.0999755859375
928,841,1,0.21041059762041353,592.2000122070312
928,819,2,0.21970822758049496,538.0999755859375
928,2119,3,0.2312524576720932,1605.5999755859375
928,1,4,0.2601637643077802,801.7999877929688
928,918,5,0.2684122794867784,13.699999809265137
929,828,1,0.2780439958551844,568.9000244140625
929,2198,2,0.28120289121921377,2407.60009765625
929,1948,3,0.3266595951228413,659.0999755859375
929,924,4,0.3403059998917746,193.60000610351562
929,1888,5,0.3470550417082376,1062.300048828125
930,838,1,0.386221085792113,596.2999877929688
930,2065,2,0.43000878741895365,1353.4000244140625
930,831,3,0.4977906717725315,515.4000244140625
930,1200,4,0.4979154627456307,1200.699951171875
930,570,5,0.5227242376769873,3761.300048828125
986,2164,1,0.12647294760314354,340.79998779296875
986,1198,2,0.13076297859313288,352.79998779296875
986,2101,3,0.14537748854016255,350.3999938964844
986,1525,4,0.15380169896970355,242.5
986,1707,5,0.1577899295330267,512.0999755859375
987,998,1,0.16103856070483505,142.1999969482422
987,1577,2,0.18629399317478437,675.5
987,992,3,0.1932662864868842,152.1999969482422
987,1875,4,0.19528033407681644,818.2000122070312
987,2188,5,0.20084925759026273,357.79998779296875
988,2044,1,0.10946940838604646,643.0
988,1107,2,0.1155503493480841,96.30000305175781
988,1668,3,0.1258686893059296,1009.2999877929688
988,1877,4,0.1393096249470478,872.9000244140625
988,2318,5,0.14553518535369422,212.6999969482422
989,3005,1,0.1641789345030735,146.5
989,1525,2,0.1836147494508683,183.1999969482422
989,1707,3,0.2031183641122194,597.2000122070312
989,1758,4,0.20860111714222304,484.70001220703125
989,3009,5,0.21434125120506595,379.79998779296875
991,1875,1,0.13932944439382747,956.7000122070312
991,2188,2,0.15221791132716203,323.79998779296875
991,1876,3,0.167757659290163,1007.0999755859375
991,2167,4,0.17039160208021156,329.0
991,2619,5,0.17962955411424703,59.400001525878906
992,2060,1,0.15737829135950837,701.0999755859375
992,1577,2,0.16640555574201674,723.7000122070312
992,1922,3,0.18796548891093762,756.0
992,987,4,0.1932662864868842,152.1999969482422
992,2167,5,0.20278269198420823,446.8999938964844
993,1655,1,0.2507663690921795,2472.199951171875
993,1308,2,0.25428373265349824,391.0
993,668,3,0.26406589679206355,3505.0
993,705,4,0.27154666636429237,3949.199951171875
993,723,5,0.2743072261988192,3842.800048828125
994,219,1,0.3756815312824938,1084.9000244140625
994,1329,2,0.4373716548943517,336.5
994,1786,3,0.46948213821979395,929.0999755859375
994,1287,4,0.4861767072150737,800.7999877929688
994,1304,5,0.5082535082385848,387.5
995,1788,1,0.24166177774797468,914.2999877929688
995,208,2,0.2733943363585499,1253.4000244140625
995,993,3,0.2768179465333699,129.89999389648438
995,1996,4,0.2820963140621241,1452.5
995,2297,5,0.2974309479103897,1548.4000244140625
996,2619,1,0.19016378771281894,92.5999984741211
996,2047,2,0.1975908578210183,328.70001220703125
996,991,3,0.19954296946146638,33.400001525878906
996,1001,4,0.20189495576068056,56.79999923706055
996,2883,5,0.20484380221548146,159.5
998,987,1,0.16103856070483505,142.1999969482422
998,1875,2,0.1955459441177117,908.9000244140625
998,1562,3,0.20579827663048522,394.29998779296875
998,2188,4,0.22080997088917126,339.1000061035156
998,996,5,0.22947008264290267,36.099998474121094
999,2298,1,0.15332713617123794,1481.9000244140625
999,2325,2,0.2412970940989346,428.20001220703125
999,1947,3,0.2450956196252623,725.9000244140625
999,1108,4,0.25510832700129993,285.6000061035156
999,2310,5,0.25819599919272973,1454.699951171875
1001,2188,1,0.1711713769154193,301.70001220703125
1001,1489,2,0.17355311321444433,237.89999389648438
1001,2047,3,0.1906896258624782,346.6000061035156
1001,2883,4,0.19645507381556307,212.5
1001,1504,5,0.1968251397054885,187.60000610351562
1002,1878,1,0.303997988975599,692.0
1002,2046,2,0.354589999823366,766.0
1002,1550,3,0.3628569116069608,310.5
1002,1281,4,0.3731836576391589,818.4000244140625
1002,1574,5,0.3753079046164172,208.3000030517578
1003,2189,1,0.33900920031992265,279.6000061035156
1003,1207,2,0.34090424720943097,476.20001220703125
1003,2045,3,0.3459301721345733,537.5999755859375
1003,2048,4,0.34788358293443716,335.5
1003,1478,5,0.35831515608631237,257.1000061035156
1004,2272,1,0.24918871610727558,600.7000122070312
1004,1930,2,0.25662550580674387,797.2999877929688
1004,1168,3,0.2573022095342691,4342.0
1004,1868,4,0.25958087085934534,252.5
1004,1629,5,0.26854440977206023,3170.60009765625
1005,2177,1,0.18624186281436378,317.0
1005,1563,2,0.26527582012976575,214.5
1005,1778,3,0.27727487502059944,900.0
1005,1883,4,0.27955335316824875,951.5999755859375
1005,1404,5,0.28574815065511094,842.2999877929688
1006,2042,1,0.2553378899011817,1518.699951171875
1006,751,2,0.26410717157730973,1192.5
1006,1533,3,0.26954384569052176,545.7000122070312
1006,1130,4,0.2758733167552039,150.0
1006,2001,5,0.27641782694681044,1641.9000244140625
1007,1952,1,0.11034555943197517,374.70001220703125
1007,1560,2,0.12068637269019626,971.4000244140625
1007,2887,3,0.12164898912267241,366.1000061035156
1007,1008,4,0.15931765487836788,27.200000762939453
1007,2044,5,0.16290123388578984,1308.300048828125
1008,1952,1,0.08679842566054605,370.8999938964844
1008,1007,2,0.15931765487836788,27.200000762939453
1008,2251,3,0.1641759621374122,797.9000244140625
1008,2282,4,0.16683814562224672,1534.300048828125
1008,481,5,0.17205663822717598,1017.4000244140625
1009,1577,1,0.10936168215947574,1429.5999755859375
1009,2169,2,0.14082312058097599,834.7999877929688
1009,3005,3,0.1492235502961445,696.2999877929688
1009,1919,4,0.1493379129005773,340.3999938964844
1009,1540,5,0.15540204245404943,806.9000244140625
1010,823,1,0.17339625618253784,667.0
1010,1740,2,0.1745759539017049,501.0
1010,1039,3,0.2082271322890829,223.0
1010,1863,4,0.21020957388680184,618.0999755859375
1010,832,5,0.21232601674095708,773.0999755859375
1011,2074,1,0.16231085114024532,312.20001220703125
1011,3005,2,0.25463915373748414,651.9000244140625
1011,2168,3,0.2635046081027009,499.6000061035156
1011,1765,4,0.27727192613231555,1172.699951171875
1011,1553,5,0.2778291268852266,821.0999755859375
1012,2077,1,0.204827639697,306.5
1012,1944,2,0.22170533197022577,386.6000061035156
1012,1708,3,0.2332507355853619,650.5999755859375
1012,1745,4,0.2575232443028672,519.0
1012,2184,5,0.2677636158792849,833.0999755859375
1013,926,1,0.34621693699851014,828.4000244140625
1013,1743,2,0.49247761439237414,457.0
1013,698,3,0.5054193042284915,4137.2001953125
1013,520,4,0.5179628820232758,3617.199951171875
1013,1864,5,0.5204209951289048,521.5999755859375
1014,377,1,0.2794823546184193,926.2999877929688
1014,2069,2,0.3179163909946715,1368.199951171875
1014,2139,3,0.32911526698108984,1411.699951171875
1014,1580,4,0.3363021402535717,1602.0999755859375
1014,929,5,0.34780858276931825,407.1000061035156
1015,1393,1,0.4090634547725575,1706.5999755859375
1015,1861,2,0.46745948226912076,816.2999877929688
1015,1241,3,0.4812568161670246,3448.800048828125
1015,1227,4,0.5136193651268828,3477.60009765625
1015,1235,5,0.5182679736606596,3430.5
1016,1019,1,0.35754796727905835,101.80000305175781
1016,2267,2,0.40132741898527624,682.4000244140625
1016,2259,3,0.4050513559738299,600.4000244140625
1016,2113,4,0.4110357960624694,1233.199951171875
1016,2082,5,0.4184201686629295,381.20001220703125
1017,1910,1,0.2303616645979756,648.0
1017,1868,2,0.2705282999765008,842.0
1017,1417,3,0.3251288590145045,752.9000244140625
1017,1416,4,0.32870145268333884,684.9000244140625
1017,2175,5,0.34021061788264617,876.7000122070312
1018,2080,1,0.27656712394651745,278.1000061035156
1018,1714,2,0.2792432532241013,636.7000122070312
1018,828,3,0.28182739615751745,694.7000122070312
1018,1548,4,0.28488391483948977,592.7000122070312
1018,1941,5,0.2857151905880842,450.6000061035156
1019,2113,1,0.2112278194979884,1225.5999755859375
1019,1587,2,0.2673208197527127,1303.699951171875
1019,1036,3,0.2729858519075838,34.0
1019,2072,4,0.27415739298781966,365.79998779296875
1019,1038,5,0.28734591374575175,252.6999969482422
1020,1939,1,0.27959794208212924,441.20001220703125
1020,1895,2,0.3173315102129666,848.5
1020,2081,3,0.32264825847226936,418.70001220703125
1020,827,4,0.3332716858423291,678.7999877929688
1020,993,5,0.3413449982300903,927.7999877929688
1021,2048,1,0.2640046005919769,1166.800048828125
1021,2074,2,0.2702223483765888,626.5
1021,2168,3,0.27388328330771455,813.9000244140625
1021,2047,4,0.29231580438706967,1197.199951171875
1021,2884,5,0.29309378832316096,1246.0
1023,2075,1,0.27416488351814805,412.1000061035156
1023,1018,2,0.302357524316016,59.5
1023,1761,3,0.3597663516087684,517.0
1023,2077,4,0.3609654828861239,231.10000610351562
1023,1041,5,0.3627870331131935,300.8999938964844
1024,920,1,0.26550676701909565,330.3999938964844
1024,1067,2,0.28275539680781725,1424.9000244140625
1024,899,3,0.29283336322722875,1760.0999755859375
1024,1703,4,0.3131425203473211,1097.699951171875
1024,489,5,0.3335698552277709,1048.199951171875
1025,1419,1,0.18547592506507424,809.9000244140625
1025,1209,2,0.2532055100554725,1173.199951171875
1025,2080,3,0.26643960966812696,649.4000244140625
1025,1862,4,0.27005944135316007,892.7000122070312
1025,1205,5,0.2754436247244319,1228.800048828125
1026,1917,1,0.21703671388157192,296.0
1026,1420,2,0.25388870272115044,707.7999877929688
1026,1941,3,0.2707480325966513,454.1000061035156
1026,2301,4,0.27357324853311854,1259.9000244140625
1026,833,5,0.2769083608260812,714.5
1027,305,1,0.3332885377230831,699.4000244140625
1027,306,2,0.35365423679208513,688.4000244140625
1027,1428,3,0.3922384572369607,509.0
1027,570,4,0.39542864173046616,3619.300048828125
1027,922,5,0.4022095696694205,534.5
1028,1425,1,0.3509178413572696,798.4000244140625
1028,1887,2,0.39137883248428895,790.0
1028,2069,3,0.3920961354815571,1285.699951171875
1028,1123,4,0.39791285704492324,1191.199951171875
1028,560,5,0.40464913626723625,3582.800048828125
1029,835,1,0.3417668523961754,866.7999877929688
1029,1942,2,0.3896430023967796,530.4000244140625
1029,836,3,0.3896613078215964,883.0999755859375
1029,306,4,0.47959049687383565,605.7000122070312
1029,1893,5,0.4915140668220813,1008.2999877929688
1030,1714,1,0.24528661704396154,974.7999877929688
1030,1033,2,0.26236596490748193,327.0
1030,833,3,0.3106988351568692,665.5
1030,1848,4,0.3210910146707167,891.2999877929688
1030,1204,5,0.3261514328091141,1267.199951171875
1031,2072,1,0.2859992582343069,297.20001220703125
1031,1532,2,0.2922280667260693,864.2000122070312
1031,1555,3,0.3048846892449074,627.7999877929688
1031,2142,4,0.3052942722999582,1146.199951171875
1031,1419,5,0.30632813023848116,419.3999938964844
1032,1944,1,0.23346305483034924,238.10000610351562
1032,2077,2,0.23700296554057715,134.0
1032,2072,3,0.2701243767973431,239.1999969482422
1032,827,4,0.2863272551722492,909.7000122070312
1032,1938,5,0.28680695738447926,682.0
1033,1030,1,0.26236596490748193,327.0
1033,1415,2,0.2764938483989457,700.5999755859375
1033,1714,3,0.29290871614503233,959.0999755859375
1033,1853,4,0.294011696184682,1029.199951171875
1033,1868,5,0.3013112710448538,958.2000122070312
1034,1717,1,0.2815070602740556,749.7999877929688
1034,565,2,0.2982134588855162,3194.39990234375
1034,1534,3,0.30798308384743317,730.7999877929688
1034,836,4,0.32431163720431117,676.2000122070312
1034,922,5,0.39210929954841844,457.20001220703125
1035,1548,1,0.2138156194613667,747.7000122070312
1035,1420,2,0.23071454089135446,875.4000244140625
1035,1948,3,0.24334051564053044,269.6000061035156
1035,1714,4,0.24732271067815625,956.5
1035,833,5,0.2589995626857753,771.2000122070312
1036,1019,1,0.2729858519075838,34.0
1036,1428,2,0.2941083140785977,540.2000122070312
1036,2089,3,0.30848362179453387,515.2999877929688
1036,1755,4,0.3211029536514123,464.70001220703125
1036,1419,5,0.326184771477924,564.2999877929688
1037,1206,1,0.36342071820333804,1078.199951171875
1037,1906,2,0.4227451129664906,734.7999877929688
1037,1005,3,0.42585079543097726,1122.5999755859375
1037,1039,4,0.433866865156052,101.5
1037,2165,5,0.47796317918391745,1015.9000244140625
1038,1019,1,0.28734591374575175,252.6999969482422
1038,1929,2,0.31301182738750233,308.1000061035156
1038,293,3,0.31518325426222044,727.9000244140625
1038,1587,4,0.34999546142934485,1302.199951171875
1038,1737,5,0.36344845878532356,520.5999755859375
1039,1010,1,0.2082271322890829,223.0
1039,1212,2,0.2135181656326785,1043.199951171875
1039,1922,3,0.23640439123693802,515.2000122070312
1039,1540,4,0.24768297139025258,997.2999877929688
1039,2252,5,0.258478330366417,860.2000122070312
1040,1887,1,0.42472849565961446,527.5
1040,1705,2,0.4363223771367236,1040.199951171875
1040,1028,3,0.44050231220049063,372.0
1040,1658,4,0.44243721850290685,2368.10009765625
1040,460,5,0.4425161962310481,3692.699951171875
1041,2264,1,0.26877498391795157,786.7000122070312
1041,1616,2,0.33649341476231287,3002.300048828125
1041,1429,3,0.34031200744096524,676.5
1041,1025,4,0.34405455158820725,283.0
1041,1023,5,0.3627870331131935,300.8999938964844
1044,1038,1,0.3756883197967421,173.5
1044,2082,2,0.39141790186534925,545.2999877929688
1044,1739,3,0.39789896067495445,672.2999877929688
1044,2085,4,0.41992109858347865,563.0
1044,293,5,0.433046758685163,901.0999755859375
1047,2021,1,0.28499605377247683,1855.0999755859375
1047,1066,2,0.2934904376456603,497.29998779296875
1047,220,3,0.3239937629457537,588.2000122070312
1047,1988,4,0.327486857907833,1948.5
1047,545,5,0.329901309968194,3643.0
1048,1646,1,0.3008545286911404,2594.300048828125
1048,2202,2,0.3179503288309686,1782.4000244140625
1048,2163,3,0.32729346787819674,3230.0
1048,359,4,0.32811305944068186,1096.5999755859375
1048,383,5,0.3428551994596441,1019.7999877929688
1049,2245,1,0.46701649761680486,3011.60009765625
1049,1184,2,0.48086996583099795,636.0
1049,891,3,0.5050455457234855,750.2999877929688
1049,229,4,0.530726203776761,1264.199951171875
1049,1507,5,0.531216843297789,1325.300048828125
1051,2620,1,0.206013720572038,895.0999755859375
1051,1603,2,0.20809200976675785,2521.0
1051,2192,3,0.23572651390828195,1887.300048828125
1051,2024,4,0.24547167123786767,1338.0
1051,2809,5,0.2469864500831096,968.0999755859375
1052,2159,1,0.32515331797784236,3464.10009765625
1052,909,2,0.35711812470335463,737.2000122070312
1052,2036,3,0.38575424502123323,1752.5999755859375
1052,2030,4,0.3883344857127942,1674.300048828125
1052,760,5,0.39257016965884456,1273.300048828125
1053,1655,1,0.2686019841133476,2816.199951171875
1053,911,2,0.2823384134519168,424.79998779296875
1053,591,3,0.2970344831286332,6319.7998046875
1053,1265,4,0.3227081921822445,1120.5
1053,668,5,0.33073596734528304,3849.0
1054,2192,1,0.17264282455217358,2216.39990234375
1054,1986,2,0.2147577504309469,1667.199951171875
1054,2621,3,0.23398908310970157,1315.0
1054,1999,4,0.2539955262033496,1598.4000244140625
1054,2620,5,0.2563172994720262,1336.199951171875
1055,2030,1,0.2624479907272223,2068.60009765625
1055,2212,2,0.3945641495533258,2323.300048828125
1055,2015,3,0.3975612367051568,2005.199951171875
1055,2295,4,0.39973036363626213,2233.89990234375
1055,1782,5,0.4084246259210674,634.7000122070312
1056,2149,1,0.24287762471493132,3474.89990234375
1056,2325,2,0.2862092422192067,81.80000305175781
1056,747,3,0.287129132997917,1407.699951171875
1056,2276,4,0.28934146054526166,1556.5
1056,2015,5,0.2908357221398672,1632.9000244140625
1057,908,1,0.30934863777865945,480.5
1057,745,2,0.35039220124506865,1562.4000244140625
1057,1285,3,0.36698104719074887,1046.199951171875
1057,911,4,0.37037219840699803,571.9000244140625
1057,1068,5,0.3730126753668868,108.80000305175781
1058,2150,1,0.40489754456363186,3841.0
1058,2328,2,0.45036104452559916,410.79998779296875
1058,2292,3,0.46430023756250133,1825.4000244140625
1058,2304,4,0.464350170603306,1900.800048828125
1058,1339,5,0.4651550052997977,2175.39990234375
1059,1062,1,0.3872235464812271,153.39999389648438
1059,552,2,0.5253371150772745,3173.10009765625
1059,926,3,0.5509542056210854,2031.4000244140625
1059,546,4,0.5600066394823335,3169.300048828125
1059,698,5,0.5859075839155758,3748.800048828125
1060,1730,1,0.8755005244120232,907.2999877929688
1060,1297,2,0.8980138216548033,956.0
1060,1277,3,0.9068716671229239,830.7999877929688
1060,58,4,0.9362833842107998,1322.4000244140625
1060,1282,5,0.9638864996097647,883.2999877929688
1061,2212,1,0.33432634638874653,1697.9000244140625
1061,444,2,0.3388296859812126,817.4000244140625
1061,1573,3,0.3707252649454126,335.29998779296875
1061,535,4,0.37245120460264447,2795.89990234375
1061,695,5,0.412023129218539,3840.699951171875
1062,1059,1,0.3872235464812271,153.39999389648438
1062,698,2,0.44664477830894944,3898.89990234375
1062,546,3,0.4536830411607039,3319.39990234375
1062,1784,4,0.46835303249213067,1186.199951171875
1062,1699,5,0.49197356514020224,1514.5999755859375
1063,1072,1,0.4050142781998906,121.5
1063,1232,2,0.4059739748794801,3615.5
1063,748,3,0.41794791022319794,1216.5
1063,1250,4,0.42892741766744524,3719.10009765625
1063,2336,5,0.4318725389988406,325.0
1064,1320,1,0.42223700790910257,447.5
1064,1605,2,0.4333816598363989,2802.60009765625
1064,901,3,0.4424567578958717,382.0
1064,1335,4,0.4716680528114685,1952.0
1064,238,5,0.480946279959433,705.2999877929688
1065,719,1,0.2725595930068944,4100.2998046875
1065,569,2,0.27686866908843855,3335.5
1065,2301,3,0.28726611825802534,1471.199951171875
1065,737,4,0.29145333281052815,955.5
1065,1659,5,0.3027256499617583,2399.300048828125
1066,1988,1,0.2387779088424877,1553.0999755859375
1066,217,2,0.26207602921553824,877.0
1066,271,3,0.26949602408814727,797.2999877929688
1066,2886,4,0.27275918758602463,1217.5999755859375
1066,1108,5,0.2824951686033365,411.3999938964844
1067,1024,1,0.28275539680781725,1424.9000244140625
1067,489,2,0.317138578388307,947.7999877929688
1067,1655,3,0.31940675142165686,2736.300048828125
1067,723,4,0.3449781410897812,4106.89990234375
1067,1703,5,0.3450294370711359,1602.4000244140625
1068,451,1,0.2542926214776549,4322.89990234375
1068,2021,2,0.2966337759446801,1805.5999755859375
1068,215,3,0.30224268745019606,891.0999755859375
1068,2325,4,0.3162001166385242,317.70001220703125
1068,1535,5,0.31625537086092653,715.0
1069,902,1,0.46583556389214,142.1999969482422
1069,774,2,0.49774999150251426,1252.0999755859375
1069,697,3,0.5191871065375656,4268.0
1069,2015,4,0.5549642635984272,1771.0
1069,742,5,0.5629618056787656,1374.4000244140625
1070,1163,1,0.25064260801986293,5192.89990234375
1070,2232,2,0.3205629602090293,2904.300048828125
1070,1161,3,0.35272647510878535,4612.10009765625
1070,689,4,0.3534320412144334,4784.0
1070,2235,5,0.3568125636563298,2301.699951171875
1071,55,1,0.24933438959911267,1520.9000244140625
1071,40,2,0.26350792190173666,1738.9000244140625
1071,601,3,0.29912820546184854,6015.7998046875
1071,725,4,0.332461040510326,4216.10009765625
1071,581,5,0.34194566185361513,6489.60009765625
1072,2336,1,0.2586716964656828,304.0
1072,1406,2,0.2875256397590901,686.7000122070312
1072,1401,3,0.3078040759547796,519.7999877929688
1072,1232,4,0.34401376721846283,3658.5
1072,1973,5,0.35677221609323806,1759.9000244140625
1107,988,1,0.1155503493480841,96.30000305175781
1107,2044,2,0.12493580324474282,674.7000122070312
1107,2282,3,0.14443185375832757,1478.0999755859375
1107,1527,4,0.15053908909663402,245.39999389648438
1107,1668,5,0.15571633670682208,1073.699951171875
1108,999,1,0.25510832700129993,285.6000061035156
1108,1994,2,0.2590913888579008,1369.5
1108,271,3,0.2691137512934286,438.1000061035156
1108,1066,4,0.2824951686033365,411.3999938964844
1108,1035,5,0.2966567767437464,1073.4000244140625
1109,2167,1,0.16688868605910454,562.0
1109,511,2,0.18601708591960764,2878.300048828125
1109,2311,3,0.20320379681431452,1378.199951171875
1109,1875,4,0.21522889113707358,861.0999755859375
1109,1876,5,0.21904158084797112,914.2999877929688
1110,1066,1,0.29997589713671696,462.6000061035156
1110,1988,2,0.30499833558873934,1607.800048828125
1110,1885,3,0.3141607563402746,990.0999755859375
1110,2062,4,0.32469957391192966,593.7000122070312
1110,545,5,0.32937102600268725,3302.39990234375
1111,899,1,0.26545555567605866,859.7999877929688
1111,920,2,0.2906319762405828,1257.4000244140625
1111,1700,3,0.2963910581965185,1443.800048828125
1111,1304,4,0.31862925314841256,232.3000030517578
1111,1679,5,0.32914179440668023,1474.300048828125
1112,2311,1,0.16742956065279205,1363.0
1112,1778,2,0.1735622014190729,987.7999877929688
1112,1577,3,0.18199320575432662,613.7999877929688
1112,1592,4,0.18419091167009888,780.5999755859375
1112,2070,5,0.1890039621445336,632.2999877929688
1113,223,1,0.2970881317101991,1125.199951171875
1113,1886,2,0.31581984013880066,962.7000122070312
1113,1203,3,0.3186772797162986,527.9000244140625
1113,451,4,0.3310048298792474,3965.300048828125
1113,1947,5,0.3382786679004469,929.2000122070312
1115,1776,1,0.3576729812355499,702.2999877929688
1115,1769,2,0.3646232143703574,855.0999755859375
1115,19,3,0.3672073261228121,3668.199951171875
1115,1494,4,0.39388385633942213,346.0
1115,1725,5,0.39633302430601114,561.5
1116,2142,1,0.2586710537249941,809.5999755859375
1116,1423,2,0.3074387792250158,642.2999877929688
1116,2140,3,0.31169090192237947,579.9000244140625
1116,1031,4,0.3284154850994085,952.9000244140625
1116,1583,5,0.33050324561440636,808.7999877929688
1117,2337,1,0.25164582764559135,117.19999694824219
1117,2063,2,0.2535172862081455,674.7000122070312
1117,2228,3,0.2837258144945654,1923.699951171875
1117,896,4,0.3594222729724881,1108.5999755859375
1117,1993,5,0.3666768830077279,1600.800048828125
1118,2178,1,0.836127141116233,543.0999755859375
1118,1943,2,0.9784423768181818,797.2000122070312
1118,1942,3,0.9834356477468837,1012.2999877929688
1118,2137,4,0.9845274249904136,504.0
1118,1923,5,1.0067504065500748,961.7000122070312
1119,208,1,0.27704256387617165,1207.0
1119,995,2,0.2989613405696169,173.6999969482422
1119,2234,3,0.3045542881579955,2073.5
1119,743,4,0.31981459544035257,1017.0999755859375
1119,1788,5,0.33799347023634935,956.0
1120,219,1,0.3885535878996749,929.0
1120,2139,2,0.41381408348673693,474.29998779296875
1120,1113,3,0.42117276207763676,126.80000305175781
1120,1886,4,0.4457570219731609,1048.0
1120,898,5,0.44892306043277985,896.0
1121,2134,1,0.5026511685792495,405.3999938964844
1121,1349,2,0.5111408268809067,1929.5999755859375
1121,1898,3,0.5403990318797655,985.2000122070312
1121,275,4,0.583771126719367,526.2000122070312
1121,1425,5,0.5852896034090574,577.7999877929688
1122,2031,1,0.635012016822121,1617.699951171875
1122,1281,2,0.707532215150648,694.4000244140625
1122,1067,3,0.7779053628484581,475.0
1122,1579,4,0.7806351379881271,888.2000122070312
1122,1585,5,0.7868622060500071,646.9000244140625
1123,2157,1,0.3695808206392889,3394.39990234375
1123,1028,2,0.39791285704492324,1191.199951171875
1123,560,3,0.42303072521200974,3423.89990234375
1123,2134,4,0.4235252839675244,460.79998779296875
1123,1130,5,0.453311467819248,86.69999694824219
1124,275,1,0.6877942419533988,404.29998779296875
1124,1121,2,0.7234952264773311,122.0
1124,2134,3,0.7988461083898083,517.0
1124,1349,4,0.827431921415619,1807.699951171875
1124,914,5,0.9414002182279446,1107.0999755859375
1125,1595,1,0.1734767904766998,793.0
1125,1554,2,0.22036375792594834,330.5
1125,2158,3,0.23149724259443225,3599.5
1125,1862,4,0.2528968654067999,504.0
1125,1536,5,0.2612264973316483,176.5
1126,1902,1,0.2720817563284913,889.7999877929688
1126,1886,2,0.34482170651093336,881.7000122070312
1126,1580,3,0.38712780832512567,814.5
1126,1593,4,0.39785567522750714,728.7000122070312
1126,2139,5,0.42983389024748614,663.9000244140625
1127,1583,1,0.2966291869070266,784.4000244140625
1127,2267,2,0.3677915651226935,719.7999877929688
1127,999,3,0.3788255125062914,268.0
1127,217,4,0.3798448607846726,1047.0999755859375
1127,271,5,0.3821659109124667,444.29998779296875
1128,1122,1,1.0291412869624517,118.19999694824219
1128,1750,2,1.08374553004535,582.9000244140625
1128,1338,3,1.1229573455615183,1708.0999755859375
1128,1698,4,1.1259582731843112,1114.5999755859375
1128,2067,5,1.1564805898749122,744.5999755859375
1129,1214,1,0.3666696943861141,483.70001220703125
1129,1776,2,0.47770428341044235,744.5999755859375
1129,1115,3,0.537460313009024,46.900001525878906
1129,457,4,0.5430488504020379,3790.89990234375
1129,925,5,0.5852925836905152,1555.0999755859375
1130,1006,1,0.2758733167552039,150.0
1130,2042,2,0.2818023079256123,1445.699951171875
1130,216,3,0.3411923504158506,871.5999755859375
1130,1321,4,0.3565670730278283,51.400001525878906
1130,1901,5,0.3669476385007273,1041.199951171875
1131,1160,1,0.3034342588900613,4976.60009765625
1131,1709,2,0.3104982323219524,588.7000122070312
1131,671,3,0.3137224518814646,4158.5
1131,1163,4,0.3174559307957871,4814.89990234375
1131,1879,5,0.32448452175606374,924.5999755859375
1132,2158,1,0.21718691791629824,3619.699951171875
1132,1203,2,0.2668086743842168,484.1000061035156
1132,1125,3,0.27044366445320944,133.8000030517578
1132,1218,4,0.28468115620303586,554.7000122070312
1132,2213,5,0.28795839058928985,2002.199951171875
1133,1862,1,0.30243142382355886,593.5999755859375
1133,1554,2,0.32989310607105793,243.89999389648438
1133,1855,3,0.3381348766562854,622.7000122070312
1133,2114,4,0.35813620929559675,553.0999755859375
1133,1854,5,0.3876083168894137,587.9000244140625
1134,2401,1,0.15370746694146853,5596.39990234375
1134,354,2,0.15657949629541154,4306.0
1134,2435,3,0.15990049924463925,5594.0
1134,1597,4,0.1703546398116457,1825.800048828125
1134,2453,5,0.17089248141460833,5597.60009765625
1135,763,1,0.17342122146301056,3849.5
1135,988,2,0.18423742515712752,4833.89990234375
1135,25,3,0.18859466535333028,3832.10009765625
1135,890,4,0.18927996589125445,5216.5
1135,27,5,0.1938501221166766,3834.89990234375
1136,1986,1,0.1848714777745384,2933.60009765625
1136,890,2,0.18526701064588114,4879.10009765625
1136,2621,3,0.18674597183614464,3475.60009765625
1136,2620,4,0.190531187573144,3499.5
1136,2318,5,0.19539221615827165,4543.5
1137,1158,1,0.22079410152002804,257.5
1137,2301,2,0.24335671437670053,3373.5
1137,1659,3,0.2544062397256169,2416.60009765625
1137,1625,4,0.2595570040465362,1488.5
1137,535,5,0.2799138359710533,2014.5999755859375
1138,714,1,0.32182862793443673,656.7999877929688
1138,450,2,0.3493590692465905,1188.800048828125
1138,1530,3,0.383123403246934,4382.10009765625
1138,2009,4,0.38427483304570015,3533.60009765625
1138,2012,5,0.394719822491754,2949.300048828125
1139,1142,1,0.24661092933817827,251.6999969482422
1139,1170,2,0.25768396465337084,221.89999389648438
1139,766,3,0.26172012576141584,3348.300048828125
1139,1141,4,0.2756220216712898,498.0
1139,452,5,0.307764392534665,1004.2000122070312
1140,679,1,0.1485048890651297,963.0
1140,1707,2,0.17093852745700952,5233.7001953125
1140,509,3,0.18013145634585034,1846.699951171875
1140,2318,4,0.18198481982381223,4850.5
1140,1236,5,0.19119685895835664,1673.5999755859375
1141,667,1,0.24921126682530148,1109.0999755859375
1141,1139,2,0.2756220216712898,498.0
1141,1160,3,0.2758404557604817,972.2000122070312
1141,2024,4,0.27647245100878526,3209.39990234375
1141,2227,5,0.2959667364010449,3596.10009765625
1142,452,1,0.12592838511867507,1254.0
1142,766,2,0.14141807349256144,3598.10009765625
1142,2024,3,0.21350143285157303,3173.699951171875
1142,368,4,0.2178647543364256,3866.39990234375
1142,448,5,0.23745988335695217,1237.9000244140625
1143,734,1,0.32262919114906036,3682.10009765625
1143,1782,2,0.3747024368020104,5572.39990234375
1143,1608,3,0.383862319412936,1723.0999755859375
1143,530,4,0.40476425665637467,2185.89990234375
1143,745,5,0.42022076542511827,3666.199951171875
1144,1896,1,0.3833414464515402,3911.10009765625
1144,1213,2,0.40296683928806,5068.0
1144,1166,3,0.40834072735263843,566.4000244140625
1144,915,4,0.4140006689205426,4898.7998046875
1144,1038,5,0.425622639492319,4877.89990234375
1146,2025,1,0.4275962054619906,3218.39990234375
1146,398,2,0.43526992148263893,3588.60009765625
1146,1648,3,0.47238641883687277,2000.0999755859375
1146,1770,4,0.47337133751103055,5277.2998046875
1146,1066,5,0.48064936078986026,4467.7001953125
1147,505,1,0.2346617979872124,2442.300048828125
1147,1906,2,0.3103255904613136,4728.5
1147,677,3,0.31412919807714124,1630.9000244140625
1147,2060,4,0.31535945127374726,5880.7001953125
1147,675,5,0.32147120695077797,1699.300048828125
1148,1167,1,0.3255789399080032,66.5
1148,1170,2,0.3318486790205122,36.70000076293945
1148,1604,3,0.348468497624107,1490.300048828125
1148,511,4,0.3981473374064132,2009.4000244140625
1148,722,5,0.4089419427167693,1130.5
1149,1155,1,0.3735371275072615,68.0
1149,723,2,0.40099913936055054,696.5999755859375
1149,1647,3,0.43540885964846915,2409.89990234375
1149,913,4,0.43825208057400417,4628.7001953125
1149,714,5,0.43947851283554995,660.5999755859375
1150,1134,1,0.23497554842918691,0.0
1150,354,2,0.23976030367573017,4306.0
1150,2408,3,0.258291271298005,5611.7998046875
1150,1620,4,0.2611689454458715,1825.800048828125
1150,2431,5,0.26659925786401195,5596.10009765625
1151,1449,1,0.2968479964886173,5257.2001953125
1151,689,2,0.306874637238066,988.7999877929688
1151,1392,3,0.3376190198658746,5529.89990234375
1151,1504,4,0.34109923193106817,5302.39990234375
1151,2165,5,0.34819318547097877,5388.60009765625
1152,615,1,1.3222103108100698,4593.5
1152,335,2,1.3230402322532566,5150.89990234375
1152,855,3,1.440576791320739,3895.199951171875
1152,718,4,1.4524838156018995,
1152,2345,5,1.4756261684786551,
1153,460,1,0.6032456784175612,1621.0
1153,1353,2,0.6069968981331042,3164.300048828125
1153,1568,3,0.6111320680339035,4989.89990234375
1153,384,4,0.6208168663810173,4251.5
1153,1742,5,0.6418795014028924,4794.5
1154,215,1,0.24314727218457174,6084.2998046875
1154,221,2,0.2810696834926749,5905.5
1154,2155,3,0.2920416121561359,2184.5
1154,220,4,0.30078095210337047,5602.10009765625
1154,1976,5,0.30300502318031436,3585.89990234375
1155,714,1,0.3176028216935921,596.5999755859375
1155,450,2,0.33315945160632626,1128.5999755859375
1155,1175,3,0.3448056962589994,383.3999938964844
1155,1647,4,0.345028036861144,2345.89990234375
1155,1149,5,0.3735371275072615,68.0
1157,1316,1,0.2722261599829151,4716.89990234375
1157,2174,2,0.3131583172118405,4997.10009765625
1157,1581,3,0.3558509005880719,5303.7001953125
1157,1306,4,0.35793624108985206,4589.7998046875
1157,1158,5,0.3751046076123989,573.0999755859375
1158,1137,1,0.22079410152002804,257.5
1158,1629,2,0.2409598591251169,1350.699951171875
1158,704,3,0.26871326833467984,871.5
1158,271,4,0.27324338421006017,4019.199951171875
1158,1308,5,0.2817309427122879,4021.89990234375
1159,1626,1,0.4726162325223962,2233.89990234375
1159,20,2,0.4918240958249007,2405.89990234375
1159,1149,3,0.5166942395703261,462.6000061035156
1159,2208,4,0.5385400177655005,3023.800048828125
1159,384,5,0.5485931515959911,4202.7998046875
1160,1709,1,0.269798479715282,5376.2998046875
1160,1141,2,0.2758404557604817,972.2000122070312
1160,2186,3,0.2957861461851777,5241.10009765625
1160,667,4,0.3025990030911506,1297.800048828125
1160,1131,5,0.3034342588900613,4976.60009765625
1161,2011,1,0.18001585061378694,2656.0
1161,767,2,0.1863258809566547,3049.39990234375
1161,2203,3,0.24496189244442523,2161.39990234375
1161,2311,4,0.266754594447901,2901.699951171875
1161,1985,5,0.26708812506133806,2606.0
1163,1070,1,0.25064260801986293,5192.89990234375
1163,1905,2,0.28265098517448667,4188.7001953125
1163,2235,3,0.29300448744080687,3809.39990234375
1163,2167,4,0.29729450705199856,5066.2998046875
1163,1054,5,0.3118396828118018,4891.2998046875
1164,272,1,0.5085261489940839,4256.7001953125
1164,1146,2,0.5115029072195477,281.5
1164,1047,3,0.5210708841971556,5138.89990234375
1164,1633,4,0.5291746967159393,2383.5
1164,2025,5,0.5354049947466348,3494.199951171875
1165,1511,1,0.3428245669722908,6107.39990234375
1165,2813,2,0.3428447187821037,5014.5
1165,1231,3,0.3489346515130718,1821.0999755859375
1165,1509,4,0.35457744442712047,6191.7001953125
1165,2222,5,0.35746093379047106,3780.0
1166,1310,1,0.3923690874076857,5079.0
1166,714,2,0.4035895702710298,1205.800048828125
1166,1144,3,0.40834072735263843,566.4000244140625
1166,705,4,0.4178239139336598,1572.699951171875
1166,1587,5,0.42834455489730233,5694.7998046875
1167,1604,1,0.2473807360644827,1548.9000244140625
1167,671,2,0.293969598322163,1219.199951171875
1167,722,3,0.29750284871739274,1189.199951171875
1167,511,4,0.30470899661685763,2068.10009765625
1167,393,5,0.31470004426212084,4276.2998046875
1168,1004,1,0.2573022095342691,4342.0
1168,745,2,0.2811382702624806,3239.60009765625
1168,1629,3,0.2893454604854965,1321.199951171875
1168,1930,4,0.2907433185524958,4174.39990234375
1168,1782,5,0.29860771085713966,5145.7001953125
1169,1135,1,0.22311469413464716,55.29999923706055
1169,38,2,0.23340275731821294,3967.39990234375
1169,509,3,0.2600182828217644,1930.5999755859375
1169,380,4,0.26471359279976586,4043.800048828125
1169,1560,5,0.26908269179656225,4682.10009765625
1170,1139,1,0.25768396465337084,221.89999389648438
1170,1148,2,0.3318486790205122,36.70000076293945
1170,1142,3,0.3685032950542491,30.399999618530273
1170,1225,4,0.38925407712818477,1363.5999755859375
1170,1604,5,0.3999192149305054,1519.199951171875
1171,46,1,0.5475445679272456,3956.89990234375
1171,1155,2,0.5623268385625226,446.8999938964844
1171,1159,3,0.5866026171763189,78.19999694824219
1171,20,4,0.6188265956308365,2332.699951171875
1171,1137,5,0.6564835772606126,389.5
1172,71,1,0.3680772552623818,3759.800048828125
1172,742,2,0.43739456852767195,3971.10009765625
1172,1168,3,0.4473773195884131,820.4000244140625
1172,32,4,0.4677183355687379,3916.5
1172,1659,5,0.5023750193561448,2779.699951171875
1173,237,1,0.4839601639198643,4259.10009765625
1173,401,2,0.5726532310749548,1642.4000244140625
1173,184,3,0.5952516804496217,5403.0
1173,2208,4,0.6017211059819563,2636.5
1173,877,5,0.6129151435235033,2794.89990234375
1174,61,1,0.30971257784039247,3751.800048828125
1174,45,2,0.32144581900695357,4026.39990234375
1174,357,3,0.3437858097498311,4152.2998046875
1174,46,4,0.376457693056235,3967.39990234375
1174,49,5,0.3858970021576644,4011.800048828125
1175,357,1,0.20046239431959031,4078.300048828125
1175,67,2,0.2975291756317271,3703.699951171875
1175,1155,3,0.3448056962589994,383.3999938964844
1175,450,4,0.35457094935022,1508.0999755859375
1175,735,5,0.3548886933219889,3865.199951171875
1176,775,1,0.28967472654701715,9365.7998046875
1176,1188,2,0.2962695876573575,32.29999923706055
1176,2452,3,0.3785893002173274,62.5
1176,2385,4,0.3845940669942629,56.099998474121094
1176,2451,5,0.40129777109986553,63.29999923706055
1178,708,1,0.6504648333469835,5454.2001953125
1178,859,2,0.676198230086557,9424.7998046875
1178,852,3,0.6965624738066946,8848.400390625
1178,2148,4,0.7649600568778722,3730.89990234375
1178,796,5,0.7703701205183492,9436.099609375
1179,49,1,0.331454676137638,2032.300048828125
1179,2002,2,0.34215592357698255,2197.60009765625
1179,1519,3,0.3488886664177371,1382.9000244140625
1179,545,4,0.37594520622476946,4057.10009765625
1179,1262,5,0.38159590512005237,1447.4000244140625
1180,2314,1,0.3722612878478355,2481.39990234375
1180,1185,2,0.4326978870423949,65.30000305175781
1180,277,3,0.4696095965505201,1501.5
1180,1302,4,0.47169584646361795,1329.5999755859375
1180,898,5,0.5120513221418461,1174.0999755859375
1181,1197,1,0.19989466514848347,58.099998474121094
1181,1187,2,0.30679177588679374,69.0999984741211
1181,1184,3,0.33699200122364265,159.0
1181,356,4,0.3475018639763595,1922.5
1181,579,5,0.36851205706464696,7080.2998046875
1184,229,1,0.25675759804893666,1709.9000244140625
1184,2005,2,0.3276954273118726,2231.60009765625
1184,1181,3,0.33699200122364265,159.0
1184,891,4,0.3490995365471885,1195.9000244140625
1184,1974,5,0.35164912767943446,2288.800048828125
1185,231,1,0.33827258652224695,1609.300048828125
1185,2199,2,0.3582006302614608,2898.39990234375
1185,2314,3,0.3653503391977995,2535.10009765625
1185,1644,4,0.3755848502427821,3238.0
1185,2304,5,0.38940833522009066,2500.60009765625
1186,1190,1,0.2362066027537936,44.900001525878906
1186,785,2,0.29776304595158937,9282.900390625
1186,842,3,0.3106815240893656,8620.900390625
1186,782,4,0.3367224256206804,9488.099609375
1186,777,5,0.337754934275402,9357.400390625
1187,1191,1,0.27595543430854275,57.20000076293945
1187,1181,2,0.30679177588679374,69.0999984741211
1187,1197,3,0.3370497787812656,27.899999618530273
1187,234,4,0.36801102564250054,2147.300048828125
1187,799,5,0.3690056102995803,8997.400390625
1188,1176,1,0.2962695876573575,32.29999923706055
1188,2354,2,0.32023350863230815,73.30000305175781
1188,2390,3,0.322956265153537,68.30000305175781
1188,2451,4,0.3234638189134314,76.30000305175781
1188,2429,5,0.3418018194382592,77.5999984741211
1189,801,1,0.8248408617154587,9469.400390625
1189,494,2,0.9009344596223714,1516.699951171875
1189,276,3,0.9250634208992492,1628.9000244140625
1189,2342,4,0.9374805715037929,8790.2998046875
1189,746,5,0.9709063626795297,2158.89990234375
1190,1186,1,0.2362066027537936,44.900001525878906
1190,29,2,0.24234663313382251,2127.300048828125
1190,1665,3,0.26156679564628466,2198.800048828125
1190,206,4,0.26282422544718853,469.0
1190,28,5,0.2801196193904934,2451.0
1191,1187,1,0.27595543430854275,57.20000076293945
1191,803,2,0.36725967039036916,9537.900390625
1191,797,3,0.3729378654707747,9612.2998046875
1191,1197,4,0.41300134111570275,52.79999923706055
1191,799,5,0.4217701097149469,8999.900390625
1192,2215,1,0.28338896217330334,2827.10009765625
1192,1193,2,0.3729630093031757,52.29999923706055
1192,598,3,0.3884764988913641,6725.7001953125
1192,2155,4,0.41064969718529326,4694.10009765625
1192,2017,5,0.4232773436109785,2297.60009765625
1193,2155,1,0.2793537599512227,4675.10009765625
1193,1656,2,0.31910349177829145,3300.10009765625
1193,571,3,0.3209670770678586,4237.5
1193,599,4,0.3230853511761151,6515.7998046875
1193,905,5,0.3345760831830906,1540.699951171875
1194,1196,1,0.8099058128502384,63.099998474121094
1194,363,2,0.8574024732159028,1547.5
1194,494,3,0.8674664073809406,1416.800048828125
1194,1195,4,0.9103058959867545,66.5999984741211
1194,588,5,0.9396909127384392,7236.7001953125
1195,1196,1,0.42208223032247555,93.0999984741211
1195,494,2,0.47901644131509996,1425.300048828125
1195,1892,3,0.5357659458347455,1870.5
1195,2157,4,0.5399352668935252,4226.7001953125
1195,1889,5,0.556947451402945,1948.4000244140625
1196,1195,1,0.42208223032247555,93.0999984741211
1196,1192,2,0.42898397021636153,91.0
1196,494,3,0.4390188672285253,1479.9000244140625
1196,1892,4,0.48679822006832196,1925.0999755859375
1196,283,5,0.49384067648953867,1587.0999755859375
1197,1181,1,0.19989466514848347,58.099998474121094
1197,1187,2,0.3370497787812656,27.899999618530273
1197,1184,3,0.35278711562587556,136.1999969482422
1197,356,4,0.3553837279822356,1899.699951171875
1197,44,5,0.365026462189835,2156.0
1198,2101,1,0.07687969876585785,318.0
1198,986,2,0.13076297859313288,352.79998779296875
1198,2044,3,0.13235507045638714,348.3999938964844
1198,1525,4,0.14226623294484142,595.2999877929688
1198,2164,5,0.14309254360469761,106.80000305175781
1200,1786,1,0.2904040887392411,699.2000122070312
1200,924,2,0.31004577301690184,1492.0
1200,1494,3,0.32624225072721746,255.5
1200,923,4,0.3685598513818008,1494.300048828125
1200,1983,5,0.3700048843892016,2152.699951171875
1201,1220,1,0.31354017704564296,136.1999969482422
1201,1309,2,0.3679782648089659,771.5
1201,2128,3,0.4151780295634211,448.0
1201,1320,4,0.4234832066049484,828.0999755859375
1201,1208,5,0.4339179019837338,196.0
1203,2120,1,0.2151027708302039,360.79998779296875
1203,1218,2,0.21965467203516684,106.19999694824219
1203,2131,3,0.2598898405081052,345.79998779296875
1203,2187,4,0.2646737637229402,215.0
1203,1132,5,0.2668086743842168,484.1000061035156
1204,2206,1,0.244669592887058,2450.10009765625
1204,1416,2,0.2670232338478148,468.6000061035156
1204,1030,3,0.3261514328091141,1267.199951171875
1204,2028,4,0.3327711540760573,1986.699951171875
1204,1930,5,0.33570645444928826,1017.7000122070312
1205,1429,1,0.23521441164055407,465.1000061035156
1205,2121,2,0.25873765259314147,506.5
1205,1218,3,0.262728709785393,61.099998474121094
1205,2255,4,0.2686101931762283,1026.5999755859375
1205,1427,5,0.26922068978922986,502.0
1206,2122,1,0.3552476731886699,355.3999938964844
1206,2124,2,0.3556067531407332,229.89999389648438
1206,2165,3,0.35973927706191466,96.0
1206,1037,4,0.36342071820333804,1078.199951171875
1206,2047,5,0.36988211857255016,206.3000030517578
1207,1883,1,0.20292079297529259,1347.9000244140625
1207,2883,2,0.20914853566045022,464.6000061035156
1207,996,3,0.21393975379739524,422.8999938964844
1207,1478,4,0.2166965719519811,359.6000061035156
1207,1578,5,0.23382091731846572,625.5
1208,570,1,0.41935730451797454,3879.60009765625
1208,1328,2,0.42851618164737165,746.0
1208,706,3,0.4331414333018159,4328.5
1208,1201,4,0.4339179019837338,196.0
1208,1587,5,0.4450469505391189,508.70001220703125
1209,2184,1,0.16479073587278345,71.5
1209,2120,2,0.1792504888472392,429.0
1209,2105,3,0.20327058478017163,495.3999938964844
1209,1218,4,0.23522365948600515,31.399999618530273
1209,1422,5,0.23765581567536845,361.20001220703125
1210,2137,1,0.4731809205966158,424.3999938964844
1210,2265,2,0.49175535816107785,1105.0
1210,1757,3,0.49398948985239133,842.2999877929688
1210,2171,4,0.49746935169529194,266.20001220703125
1210,1215,5,0.5111626722330687,108.19999694824219
1211,2045,1,0.21642084041479243,129.39999389648438
1211,1778,2,0.22011395807945533,682.5
1211,987,3,0.2565426586982877,555.5
1211,1207,4,0.2652632003204963,30.200000762939453
1211,2070,5,0.26961574215293377,269.70001220703125
1212,1540,1,0.15261095329567667,524.2000122070312
1212,2188,2,0.16578990038995836,180.39999389648438
1212,2165,3,0.18432217866613373,120.80000305175781
1212,2047,4,0.18434292607829375,209.3000030517578
1212,2647,5,0.18782755040908355,25.799999237060547
1213,1583,1,0.34541193855095187,645.2000122070312
1213,1896,2,0.35111723421029517,1237.800048828125
1213,1618,3,0.36071019078372957,3574.10009765625
1213,2264,4,0.3642242838986297,950.2999877929688
1213,1862,5,0.3728228273929815,371.6000061035156
1214,1129,1,0.3666696943861141,483.70001220703125
1214,1115,2,0.39792447787719526,440.29998779296875
1214,457,3,0.40076174512523594,4168.89990234375
1214,925,4,0.415273480444203,1515.0
1214,1710,5,0.4734646021053458,153.6999969482422
1215,1737,1,0.2954184489507621,737.0
1215,1328,2,0.3181673907205772,787.7999877929688
1215,1862,3,0.3397709135705905,402.20001220703125
1215,2175,4,0.3729166814351192,290.79998779296875
1215,2618,5,0.3731913693409651,829.9000244140625
1217,294,1,0.26461984518123255,698.4000244140625
1217,1205,2,0.30276687643080125,124.0
1217,1873,3,0.3134011161658383,551.0
1217,2255,4,0.3281300556091184,1061.699951171875
1217,1429,5,0.35516878288687204,526.0999755859375
1218,2120,1,0.21320470984887088,431.3999938964844
1218,1203,2,0.21965467203516684,106.19999694824219
1218,1209,3,0.23522365948600515,31.399999618530273
1218,2618,4,0.23920081578836397,828.5
1218,2184,5,0.24713528623273204,100.5
1219,1857,1,0.3295424180479407,326.8999938964844
1219,2105,2,0.36825999760284567,459.79998779296875
1219,1873,3,0.3694793523284778,330.29998779296875
1219,1854,4,0.3730258168951576,292.8999938964844
1219,1862,5,0.37315303439737374,301.0
1220,1201,1,0.31354017704564296,136.1999969482422
1220,1309,2,0.35871330809073154,777.2000122070312
1220,2129,3,0.45795471967223894,544.2999877929688
1220,285,4,0.458715911749604,923.0999755859375
1220,1325,5,0.47555633879967535,811.5999755859375
1221,2177,1,0.41545486452016994,97.9000015258789
1221,3007,2,0.42971610554934636,3769.5
1221,1005,3,0.46698598017338777,369.5
1221,897,4,0.4819569124993138,869.0999755859375
1221,2189,5,0.49022800419393586,106.5
1222,1208,1,0.5119764789366017,252.10000610351562
1222,1869,2,0.5352422914908403,447.8999938964844
1222,1016,3,0.539564391429354,936.5
1222,923,4,0.5441549581934916,1510.0
1222,2058,5,0.5545891740382027,346.0
1223,1567,1,0.26338879253347947,814.0
1223,2075,2,0.30211384054373197,584.2000122070312
1223,2264,3,0.30369366318666446,1009.0999755859375
1223,1945,4,0.324217811882424,866.4000244140625
1223,1862,5,0.3245776564378582,395.6000061035156
1224,2275,1,0.1088579382546707,1814.9000244140625
1224,1233,2,0.15430648943408865,217.89999389648438
1224,504,3,0.15632809580990703,373.1000061035156
1224,1977,4,0.1649238869900413,1846.5
1224,1632,5,0.1778703359244698,897.7999877929688
1225,1226,1,0.20456578389301994,214.10000610351562
1225,374,2,0.25791084915816637,2596.0
1225,368,3,0.26304217075561726,2498.300048828125
1225,1142,4,0.26874780310769714,1393.300048828125
1225,766,5,0.2846360003668718,2230.0
1226,1225,1,0.20456578389301994,214.10000610351562
1226,1230,2,0.2658337931391816,37.599998474121094
1226,3007,3,0.26716181709277514,75.69999694824219
1226,989,4,0.27836758923926674,3251.0
1226,2006,5,0.27851974528078677,1907.800048828125
1227,1241,1,0.19041342449636117,188.8000030517578
1227,1252,2,0.31180895474825465,75.30000305175781
1227,1235,3,0.3522977148396557,132.6999969482422
1227,1256,4,0.45658697696379497,93.69999694824219
1227,1257,5,0.46364800581337,100.69999694824219
1228,1249,1,0.2991252106163272,229.89999389648438
1228,1252,2,0.30029743556135835,281.1000061035156
1228,1232,3,0.326357314042925,73.0
1228,1234,4,0.3623708290278105,15.300000190734863
1228,1250,5,0.3739299257167652,139.8000030517578
1229,1919,1,0.1482691467439052,3000.699951171875
1229,1236,2,0.15462136137256557,19.700000762939453
1229,2280,3,0.16581912155312223,1958.5999755859375
1229,509,4,0.18411264640684563,315.8999938964844
1229,2320,5,0.19686344390638405,3522.300048828125
1230,2809,1,0.23764080434041882,2102.5
1230,757,2,0.24185294834669566,2183.5
1230,1995,3,0.2516989078715885,2019.699951171875
1230,1615,4,0.25849397843672095,560.7999877929688
1230,1226,5,0.2658337931391816,37.599998474121094
1231,1236,1,0.15793319548994786,113.5
1231,763,2,0.1646629509632115,2526.199951171875
1231,2005,3,0.1876826292146858,2083.800048828125
1231,2621,4,0.18956583204862687,2489.800048828125
1231,2279,5,0.19218491840450216,1996.5999755859375
1232,1249,1,0.22485999878363172,244.0
1232,2048,2,0.2893380571121491,3875.39990234375
1232,1572,3,0.29799665344925547,3215.800048828125
1232,670,4,0.307985482454812,791.2000122070312
1232,1234,5,0.308499638879747,60.79999923706055
1233,2281,1,0.13999651247405612,2211.199951171875
1233,1224,2,0.15430648943408865,217.89999389648438
1233,1258,3,0.1585311982270121,2802.800048828125
1233,2275,4,0.16685511954242296,1928.699951171875
1233,1236,5,0.1701979778763047,36.599998474121094
1234,1333,1,0.24081584861216315,1691.800048828125
1234,748,2,0.24957871268484344,2377.300048828125
1234,420,3,0.275644261224591,2637.199951171875
1234,2289,4,0.3025682334019751,2037.800048828125
1234,1232,5,0.308499638879747,60.79999923706055
1235,443,1,0.2987668227688032,2496.89990234375
1235,1252,2,0.31570110476324204,119.4000015258789
1235,1241,3,0.35102108909198365,56.29999923706055
1235,1227,4,0.3522977148396557,132.6999969482422
1235,1228,5,0.3775202655095677,162.0
1236,763,1,0.14392096376278893,2418.39990234375
1236,1229,2,0.15462136137256557,19.700000762939453
1236,1231,3,0.15793319548994786,113.5
1236,224,4,0.16645506663639142,2969.0
1236,422,5,0.16679909209189825,2466.39990234375
1237,1252,1,0.2981324119146815,126.9000015258789
1237,1249,2,0.35117580663670567,174.10000610351562
1237,1232,3,0.3569755543388656,370.79998779296875
1237,1254,4,0.3771743298358554,194.39999389648438
1237,1228,5,0.3922741498465056,356.70001220703125
1238,1303,1,0.15315824454006374,3205.0
1238,419,2,0.15930642342581397,2289.5
1238,422,3,0.1866389250841511,2300.800048828125
1238,2279,4,0.18798813579176293,1723.199951171875
1238,679,5,0.1967190301507147,632.0999755859375
1240,752,1,0.49298741955689207,2110.0
1240,1628,2,0.8316087978548937,689.0
1240,1557,3,0.866948047826126,3235.5
1240,1357,4,0.8843281661438336,1736.4000244140625
1240,2322,5,0.8900112588792612,3444.10009765625
1241,1227,1,0.19041342449636117,188.8000030517578
1241,1252,2,0.264562705686774,175.39999389648438
1241,1235,3,0.35102108909198365,56.29999923706055
1241,1228,4,0.38543193510425244,176.6999969482422
1241,1237,5,0.3947168922630857,251.10000610351562
1242,441,1,0.36049390436029405,2583.60009765625
1242,437,2,0.37270144276736034,2559.89990234375
1242,1055,3,0.4228621021963513,3831.300048828125
1242,2030,4,0.43820841571672764,1764.5999755859375
1242,1253,5,0.4479606412427596,144.3000030517578
1243,76,1,0.20548304813732365,2225.89990234375
1243,1598,2,0.24004815324812542,284.70001220703125
1243,2281,3,0.2542105707017324,2097.5
1243,2161,4,0.25526325251022225,201.10000610351562
1243,1632,5,0.26129395997733235,897.7999877929688
1244,2059,1,0.3801355074626483,3981.0
1244,2322,2,0.3977264741133152,3467.10009765625
1244,1569,3,0.4219716256846404,3060.300048828125
1244,3012,4,0.44379913199603377,2022.699951171875
1244,747,5,0.44384779072924946,2456.5
1246,1603,1,0.2606205958202245,734.7000122070312
1246,992,2,0.2682202015654555,3416.89990234375
1246,511,3,0.2727581373218472,812.5999755859375
1246,1109,4,0.2737366617484579,3415.199951171875
1246,554,5,0.28181572382348935,678.0999755859375
1249,1232,1,0.22485999878363172,244.0
1249,1572,2,0.2324396595309631,2991.60009765625
1249,1228,3,0.2991252106163272,229.89999389648438
1249,554,4,0.30305316922014774,488.6000061035156
1249,1250,5,0.32020553312046474,347.70001220703125
1250,1249,1,0.32020553312046474,347.70001220703125
1250,1232,2,0.33708868376030476,207.1999969482422
1250,1572,3,0.3724564175605724,3319.5
1250,1228,4,0.3739299257167652,139.8000030517578
1250,1401,5,0.3744112633921319,4194.89990234375
1251,2295,1,0.19718803929064482,2230.5
1251,1532,2,0.20087285211097947,3336.10009765625
1251,760,3,0.25339442423372616,2285.60009765625
1251,1621,4,0.29307814323625225,574.2999877929688
1251,1611,5,0.2980270033314793,496.8999938964844
1252,1241,1,0.264562705686774,175.39999389648438
1252,1237,2,0.2981324119146815,126.9000015258789
1252,1228,3,0.30029743556135835,281.1000061035156
1252,1227,4,0.31180895474825465,75.30000305175781
1252,1235,5,0.31570110476324204,119.4000015258789
1253,1761,1,0.38095260932629293,3415.5
1253,760,2,0.38325717777867696,2287.10009765625
1253,2098,3,0.39848923767776834,3617.699951171875
1253,1551,4,0.3991490509269679,3270.39990234375
1253,1918,5,0.4001523983817663,3240.5
1254,1602,1,0.35727060781436176,824.9000244140625
1254,1237,2,0.3771743298358554,194.39999389648438
1254,443,3,0.3903493572273801,2646.5
1254,1252,4,0.394994190441712,177.89999389648438
1254,1241,5,0.4506309515197026,291.3999938964844
1256,554,1,0.34160331359909,638.7999877929688
1256,3007,2,0.34861694804190746,311.8999938964844
1256,1404,3,0.36183524887615603,3962.60009765625
1256,515,4,0.3683979216317977,675.0
1256,1226,5,0.3863758907674001,243.60000610351562
1257,1241,1,0.4565963172756766,232.1999969482422
1257,1227,2,0.46364800581337,100.69999694824219
1257,1235,3,0.5471739753816645,176.1999969482422
1257,1015,4,0.5533133370221904,3401.39990234375
1257,1256,5,0.567352683936194,127.30000305175781
1258,504,1,0.1119146344058596,2658.699951171875
1258,355,2,0.1406296817052632,477.3999938964844
1258,2275,3,0.14455164756099126,1028.699951171875
1258,1233,4,0.1585311982270121,2802.800048828125
1258,1665,5,0.16566695539843748,1017.9000244140625
1259,508,1,0.2368060370964806,2630.699951171875
1259,1562,2,0.28858207979334516,463.1000061035156
1259,2070,3,0.3031328441644145,1284.699951171875
1259,1260,4,0.3058051591923841,333.79998779296875
1259,1973,5,0.31164718209513487,875.7999877929688
1260,2005,1,0.16137447204415495,867.0999755859375
1260,419,2,0.1801416463309718,386.79998779296875
1260,741,3,0.19387334797761782,546.5999755859375
1260,1236,4,0.1971560601086776,2770.800048828125
1260,1238,5,0.21057280248892232,2605.199951171875
1261,2036,1,0.19631886550299155,1207.4000244140625
1261,497,2,0.24187174161313232,328.5
1261,756,3,0.25822942290094303,518.2000122070312
1261,424,4,0.2779392066604205,378.1000061035156
1261,1284,5,0.2853160186557656,219.8000030517578
1262,2276,1,0.257725597962888,844.5999755859375
1262,1356,2,0.265525696106732,1109.5999755859375
1262,1341,3,0.3059393649957486,956.2000122070312
1262,431,4,0.3101398833305229,283.79998779296875
1262,540,5,0.3165927062953615,2445.39990234375
1264,390,1,0.582217861688754,316.3999938964844
1264,273,2,0.6202581038378322,324.70001220703125
1264,369,3,0.6242082182301267,394.79998779296875
1264,1335,4,0.6301201686385486,1324.5
1264,36,5,0.6355292921786795,578.4000244140625
1265,424,1,0.27775015758620925,131.8000030517578
1265,1296,2,0.29738219743909594,449.79998779296875
1265,543,3,0.30492339273986274,2383.300048828125
1265,1268,4,0.310067804386676,123.19999694824219
1265,1053,5,0.3227081921822445,1120.5
1266,1610,1,0.41548293631249433,2186.0
1266,774,2,0.5313998632075905,360.5
1266,1777,3,0.5411498959982822,1582.4000244140625
1266,1537,4,0.5436144752501849,796.7999877929688
1266,1868,5,0.5579122997876558,1069.4000244140625
1267,276,1,1.5497544464244966,302.0
1267,764,2,1.5572368989353158,346.79998779296875
1267,1297,3,1.584681671424679,60.79999923706055
1267,801,4,1.6000944535921469,7834.5
1267,68,5,1.620795636470967,565.0
1268,1285,1,0.18585808377555166,90.5
1268,1345,2,0.28893015571682723,1219.0
1268,1625,3,0.28918470240709,2421.39990234375
1268,1624,4,0.29694547425520207,1848.4000244140625
1268,543,5,0.29829624146529793,2505.199951171875
1269,532,1,0.3262730996209221,2939.5
1269,761,2,0.3665152033775044,710.7000122070312
1269,235,3,0.3914568871279577,305.79998779296875
1269,238,4,0.3963895235123916,405.0
1269,1297,5,0.445838448297825,248.0
1270,1682,1,0.34728677200536884,791.2999877929688
1270,1975,2,0.36922504218378427,859.7000122070312
1270,281,3,0.49302995900422825,255.5
1270,489,4,0.514429371746463,242.60000610351562
1270,793,5,0.5155909583244442,7764.5
1271,2057,1,0.2727486385357769,1310.699951171875
1271,737,2,0.3547997056385763,580.5
1271,1345,3,0.3639307979001972,1512.5999755859375
1271,495,4,0.37176740997637214,505.0
1271,1273,5,0.37266259628096443,232.8000030517578
1272,2163,1,0.3287756306818629,2563.39990234375
1272,525,2,0.3558784128049526,2598.699951171875
1272,279,3,0.35820985590081067,435.1000061035156
1272,1287,4,0.36954985887925007,149.89999389648438
1272,898,5,0.403038714554982,728.0999755859375
1273,2057,1,0.2722511000536849,1156.0999755859375
1273,495,2,0.29537397441011154,357.29998779296875
1273,1271,3,0.37266259628096443,232.8000030517578
1273,566,4,0.39514189309002024,2977.60009765625
1273,1345,5,0.4369688605743295,1592.5999755859375
1274,1296,1,0.31598757318344545,344.70001220703125
1274,1640,2,0.3299683166281357,1667.300048828125
1274,550,3,0.37472488518823194,2435.199951171875
1274,2201,4,0.37960335775534354,1279.0
1274,384,5,0.402449216684174,341.1000061035156
1275,1262,1,0.35922079581748606,74.0999984741211
1275,364,2,0.37433098912939294,350.5
1275,593,3,0.3947330024285365,4864.7998046875
1275,486,4,0.40194666846478755,494.6000061035156
1275,446,5,0.42679826649845914,325.0
1276,283,1,0.5152174332019548,193.89999389648438
1276,795,2,0.5363152424314054,8000.60009765625
1276,1956,3,0.5583756527627114,7988.2001953125
1276,281,4,0.5693325041813394,180.5
1276,237,5,0.5814537046183131,469.1000061035156
1277,690,1,0.5921194617990226,3286.5
1277,2332,2,0.6117121979685965,785.5999755859375
1277,441,3,0.7239435108212026,287.79998779296875
1277,1699,4,0.7666453404251381,936.4000244140625
1277,520,5,0.7678067241170169,2867.699951171875
1278,564,1,0.33055233916618487,2641.60009765625
1278,277,2,0.3442688638035247,119.19999694824219
1278,1302,3,0.3574729858595999,122.5999984741211
1278,496,4,0.3662779522572288,359.20001220703125
1278,1296,5,0.3730246330328296,145.60000610351562
1279,1290,1,0.3059345668112458,70.0999984741211
1279,1547,2,0.39695836573336424,413.70001220703125
1279,1662,3,0.4129310520127278,1968.5
1279,518,4,0.4357296597550326,2793.10009765625
1279,1268,5,0.46403928356725715,536.0999755859375
1280,2308,1,0.2792174537301194,761.0999755859375
1280,747,2,0.3085690918865707,748.0999755859375
1280,527,3,0.31169492034870705,2669.800048828125
1280,540,4,0.3276424862316251,2440.800048828125
1280,1782,5,0.33335426901997783,1597.0
1281,1585,1,0.3407506977735971,1084.699951171875
1281,1301,2,0.3554921675215908,57.599998474121094
1281,553,3,0.3654974128918978,2524.800048828125
1281,1067,4,0.3709356529045938,714.2000122070312
1281,1002,5,0.3731836576391589,818.4000244140625
1282,395,1,0.5511882847277235,491.1000061035156
1282,433,2,0.5573733755319662,580.0999755859375
1282,520,3,0.6406748004440865,2921.199951171875
1282,753,4,0.6437285390559254,651.7000122070312
1282,1064,5,0.6870283681062369,886.0999755859375
1284,1261,1,0.2853160186557656,219.8000030517578
1284,999,2,0.287583908288291,740.5999755859375
1284,1780,3,0.29257562070326504,1655.9000244140625
1284,521,4,0.2941521402083736,2609.800048828125
1284,271,5,0.3124992170799367,383.20001220703125
1285,1268,1,0.18585808377555166,90.5
1285,1625,2,0.2549364537715026,2375.39990234375
1285,543,3,0.26773522951923723,2459.10009765625
1285,908,4,0.2733689098308463,1060.699951171875
1285,911,5,0.2781716877757712,1249.5999755859375
1286,2022,1,0.350077829884868,1210.9000244140625
1286,2094,2,0.43521697109389673,1268.300048828125
1286,914,3,0.4495142132371362,805.9000244140625
1286,1301,4,0.45320727393686494,125.9000015258789
1286,1901,5,0.5322162659606996,1021.5
1287,279,1,0.33456656777647537,313.1000061035156
1287,1272,2,0.36954985887925007,149.89999389648438
1287,2163,3,0.37959984634406596,2682.300048828125
1287,377,4,0.384993007224079,494.8999938964844
1287,1304,5,0.39240728960335863,591.0999755859375
1288,2037,1,0.3059856952021373,821.0
1288,1320,2,0.37902958934385206,330.79998779296875
1288,572,3,0.41192183877789296,2412.89990234375
1288,1309,4,0.4267365170876534,389.20001220703125
1288,528,5,0.4477430593273294,2775.5
1289,539,1,0.32969161753481935,2738.60009765625
1289,1355,2,0.3466984981150672,1325.0999755859375
1289,2017,3,0.3692327928004847,879.5999755859375
1289,501,4,0.3823020399202066,295.70001220703125
1289,1298,5,0.41560097934828755,129.89999389648438
1290,1279,1,0.3059345668112458,70.0999984741211
1290,1571,2,0.48500645405759,458.20001220703125
1290,909,3,0.5146321422221658,958.0
1290,1662,4,0.5290254896891167,1899.199951171875
1290,1300,5,0.5643261916322908,381.5
1291,765,1,0.437336227242528,997.9000244140625
1291,489,2,0.4770875054794834,208.0
1291,1746,3,0.4913993879026984,625.5999755859375
1291,1585,4,0.494355904364511,1064.5
1291,1722,5,0.4965632534718177,1147.4000244140625
1292,280,1,0.2639620596782324,272.8999938964844
1292,525,2,0.29024715743114776,2833.5
1292,924,3,0.3081909452487653,1822.9000244140625
1292,570,4,0.3207882816956935,2996.800048828125
1292,2046,5,0.3330585753268697,1230.4000244140625
1293,382,1,0.27032742937053034,495.20001220703125
1293,1610,2,0.33481746005653656,2228.10009765625
1293,2272,3,0.3496359691575826,645.2999877929688
1293,527,4,0.3728645932242791,2674.39990234375
1293,1004,5,0.38302923105497905,817.0
1294,497,1,0.242565171073447,279.8999938964844
1294,751,2,0.2773704165457475,564.5
1294,1533,3,0.29406948931794813,184.39999389648438
1294,543,4,0.29805756702268754,2765.0
1294,1261,5,0.3042999112367113,103.4000015258789
1295,58,1,0.5058261367107498,550.2999877929688
1295,70,2,0.565749855120733,752.5
1295,2018,3,0.6497145748538374,703.7000122070312
1295,2307,4,0.6544580792061221,1063.199951171875
1295,1185,5,0.6702504744998626,1555.9000244140625
1296,1640,1,0.2671895834479703,1978.300048828125
1296,1265,2,0.29738219743909594,449.79998779296875
1296,758,3,0.30654502838441344,548.0
1296,524,4,0.3087214928301122,2733.199951171875
1296,1274,5,0.31598757318344545,344.70001220703125
1297,761,1,0.4310678097366048,465.70001220703125
1297,1269,2,0.445838448297825,248.0
1297,532,3,0.5078106037186274,2723.10009765625
1297,433,4,0.5106927755485278,326.79998779296875
1297,753,5,0.5310311553571586,457.70001220703125
1298,751,1,0.30484625979829344,463.1000061035156
1298,1533,2,0.31693346719609433,277.20001220703125
1298,1294,3,0.3246190074361826,101.5
1298,1345,4,0.3318196656115464,1378.699951171875
1298,1356,5,0.3392400007535867,1112.9000244140625
1299,1340,1,0.4114850472846208,1017.0
1299,447,2,0.424654801220806,51.70000076293945
1299,1605,3,0.44090186570294565,1933.699951171875
1299,433,4,0.45537358819600166,377.6000061035156
1299,238,5,0.4583829523743184,469.1000061035156
1300,1662,1,0.3265103424371744,1810.800048828125
1300,1355,2,0.38458361047704215,1346.9000244140625
1300,2017,3,0.39138386461518515,934.2999877929688
1300,1193,4,0.393205549239961,1345.800048828125
1300,539,5,0.4250777754100718,2760.300048828125
1301,1304,1,0.32823833831936605,561.0999755859375
1301,743,2,0.35273027301473037,508.6000061035156
1301,1281,3,0.3554921675215908,57.599998474121094
1301,1895,4,0.3644583305179778,826.7999877929688
1301,1591,5,0.37412042959061564,1388.5999755859375
1302,383,1,0.3034190969626439,499.1000061035156
1302,49,2,0.3349671336637548,739.0999755859375
1302,1296,3,0.3441681463263469,38.29999923706055
1302,754,4,0.34672452666795794,723.7000122070312
1302,1278,5,0.3574729858595999,122.5999984741211
1303,3009,1,0.13016773251103297,695.2999877929688
1303,1238,2,0.15315824454006374,3205.0
1303,1707,3,0.1554020279140418,678.2999877929688
1303,1525,4,0.16303639416131155,328.0
1303,820,5,0.1716706328162536,1756.199951171875
1304,743,1,0.2520477922888362,992.4000244140625
1304,1111,2,0.31862925314841256,232.3000030517578
1304,489,3,0.3205225374966034,703.2999877929688
1304,1641,4,0.32774501027478464,2379.60009765625
1304,1301,5,0.32823833831936605,561.0999755859375
1305,1994,1,0.2845468098049163,1420.800048828125
1305,2062,2,0.3879692513775028,642.5
1305,895,3,0.3965442941608465,1049.0999755859375
1305,1108,4,0.40122603699909815,62.599998474121094
1305,2009,5,0.40336270765823207,1639.5999755859375
1306,2618,1,0.250138983976809,154.6999969482422
1306,1308,2,0.27819599668303746,208.60000610351562
1306,993,3,0.29694674158024,414.1000061035156
1306,2324,4,0.2972556835220065,232.0
1306,2050,5,0.2978785133045278,868.0999755859375
1308,705,1,0.1485745666798687,3703.199951171875
1308,271,2,0.21571844200467746,481.6000061035156
1308,360,3,0.2318480061181226,558.5
1308,739,4,0.23918691157677732,936.9000244140625
1308,993,5,0.25428373265349824,391.0
1309,2129,1,0.28878564346749175,529.2999877929688
1309,285,2,0.29917342749612663,430.70001220703125
1309,1220,3,0.35871330809073154,777.2000122070312
1309,1201,4,0.3679782648089659,771.5
1309,1325,5,0.38581682887349716,38.900001525878906
1310,210,1,0.32225940117556073,1067.199951171875
1310,915,2,0.3518323309128052,578.0
1310,1308,3,0.379391898320287,257.79998779296875
1310,668,4,0.38465128116394154,3514.39990234375
1310,703,5,0.3908092506308736,3637.5
1311,1344,1,0.3474978256517111,1589.300048828125
1311,1892,2,0.3618898201064415,833.5999755859375
1311,2129,3,0.3666186512946087,816.2000122070312
1311,1320,4,0.4052174272934223,242.8000030517578
1311,1908,5,0.41456740135826875,791.5999755859375
1312,2050,1,0.31208634386222817,868.0999755859375
1312,703,2,0.31633846019649187,3588.300048828125
1312,1306,3,0.36760881761933695,0.0
1312,1310,4,0.40629270932688466,57.0
1312,1308,5,0.42420153833217206,208.60000610351562
1313,1348,1,0.3669202544312227,1842.800048828125
1313,516,2,0.3934774582067525,2935.10009765625
1313,1344,3,0.4164979880958918,1755.800048828125
1313,2156,4,0.41679356726164957,3189.0
1313,1771,5,0.43420034939779856,1076.300048828125
1314,1781,1,0.8508576562884218,1181.199951171875
1314,752,2,0.8682463982964468,1087.699951171875
1314,2323,3,0.8995829057474153,642.4000244140625
1314,449,4,0.9234206754745912,3904.60009765625
1314,2136,5,0.9425703524712294,710.9000244140625
1315,1863,1,0.231735927245105,447.70001220703125
1315,371,2,0.23729247344925436,727.0
1315,2119,3,0.2386509977931547,402.29998779296875
1315,1876,4,0.2545446556511526,1007.7000122070312
1315,1010,5,0.2678089313252937,1045.800048828125
1316,1157,1,0.2722261599829151,4716.89990234375
1316,1785,2,0.28894892775014697,967.2000122070312
1316,2061,3,0.29412492075442154,804.0
1316,1948,4,0.310449124410124,918.2000122070312
1316,2174,5,0.3189458114807431,531.2999877929688
1317,2054,1,0.3772977421964763,951.5999755859375
1317,1325,2,0.38881268287151843,111.80000305175781
1317,1416,3,0.38897541821236026,764.9000244140625
1317,560,4,0.410066218413444,3208.0
1317,2129,5,0.4360011653064945,547.7999877929688
1319,433,1,0.686525455210387,863.2000122070312
1319,761,2,0.6885531525949298,1004.0
1319,1320,3,0.7796714191018598,104.19999694824219
1319,1327,4,0.7915382045925816,52.20000076293945
1319,1892,5,0.8124186781879604,830.7999877929688
1320,2159,1,0.33442310201686554,3202.0
1320,1605,2,0.3378958688081814,2434.0
1320,1288,3,0.37902958934385206,330.79998779296875
1320,238,4,0.4030369204020789,662.2000122070312
1320,1311,5,0.4052174272934223,242.8000030517578
1321,1130,1,0.3565670730278283,51.400001525878906
1321,1901,2,0.42428831215707513,1091.5999755859375
1321,2039,3,0.4320858635110415,1727.300048828125
1321,1006,4,0.4344743631477538,165.8000030517578
1321,2042,5,0.4951221614443978,1433.5
1322,1324,1,0.4696050574344749,66.5999984741211
1322,2098,2,0.5186121793742088,1090.300048828125
1322,1217,3,0.527536360629604,1121.199951171875
1322,1761,4,0.540174335607921,811.0999755859375
1322,1551,5,0.550693782427951,396.8999938964844
1323,1027,1,0.5010287089663422,1101.300048828125
1323,2138,2,0.5239062964369533,365.6000061035156
1323,1784,3,0.5508272624296942,927.2000122070312
1323,696,4,0.5541302082359032,3951.800048828125
1323,1412,5,0.5761912985724715,862.7000122070312
1324,1322,1,0.4696050574344749,66.5999984741211
1324,1761,2,0.48644002467998226,745.5999755859375
1324,1551,3,0.4964487402280894,331.3999938964844
1324,1217,4,0.5044646567048402,1055.699951171875
1324,692,5,0.5161019522167354,3841.89990234375
1325,2129,1,0.34150972785222905,563.7999877929688
1325,1907,2,0.3467381908071532,1079.0999755859375
1325,2139,3,0.3727632329547641,681.9000244140625
1325,1030,4,0.3785109657870536,1299.5999755859375
1325,1014,5,0.3800925975915994,1328.0
1326,1052,1,0.568328303320622,519.5999755859375
1326,2317,2,0.6113752698580862,1366.5
1326,2160,3,0.6119500276688201,3177.0
1326,2159,4,0.6365396704718568,3047.39990234375
1326,1300,5,0.6583191723501275,51.5
1327,495,1,0.4037464302560458,615.7999877929688
1327,1320,2,0.41283808238372793,153.6999969482422
1327,1311,3,0.41553200537261076,89.0999984741211
1327,2159,4,0.41941844709922976,3154.39990234375
1327,1918,5,0.42365619405788874,987.0999755859375
1328,1215,1,0.3181673907205772,787.7999877929688
1328,1582,2,0.42238370693945915,765.9000244140625
1328,1771,3,0.4273394256930811,1150.199951171875
1328,1208,4,0.42851618164737165,746.0
1328,2128,5,0.4297580563041348,645.0
1329,924,1,0.3170532580610771,1739.0
1329,1292,2,0.35754327206224795,387.20001220703125
1329,1786,3,0.35974341721467196,1026.199951171875
1329,570,4,0.37448918105600454,3382.199951171875
1329,1755,5,0.37729136028977783,678.7999877929688
1330,1327,1,0.4550417999731718,343.0
1330,495,2,0.46430303048222715,601.7000122070312
1330,2154,3,0.4706130342537686,3177.699951171875
1330,1313,4,0.4783060007125878,139.0
1330,433,5,0.5089102606481277,1096.0999755859375
1331,2133,1,0.2703314545779551,798.4000244140625
1331,2182,2,0.2937315894613102,738.2999877929688
1331,2064,3,0.3274906661030118,718.5999755859375
1331,2118,4,0.35398732946454664,675.2999877929688
1331,2213,5,0.372646251338466,1855.5999755859375
1333,748,1,0.21564988569738905,755.0
1333,420,2,0.22493039632604866,1014.9000244140625
1333,1234,3,0.24081584861216315,1691.800048828125
1333,2289,4,0.2477480458777482,347.70001220703125
1333,2000,5,0.24975430445572316,500.0
1334,2289,1,0.20704445805599497,290.6000061035156
1334,2286,2,0.22815883136552884,337.29998779296875
1334,1972,3,0.2606638789551809,329.5
1334,1765,4,0.26272247018186207,2391.39990234375
1334,44,5,0.26692982318273223,643.0999755859375
1335,36,1,0.3489083543022535,757.5
1335,1605,2,0.3564732440124475,1062.699951171875
1335,1340,3,0.37206512824631954,188.3000030517578
1335,1343,4,0.3779050693469552,71.80000305175781
1335,1341,5,0.3846275847495686,214.1999969482422
1336,2260,1,0.40145948163051776,1367.9000244140625
1336,564,2,0.41460407116577996,1424.4000244140625
1336,1653,3,0.4594890599068632,752.0999755859375
1336,560,4,0.4660102940646138,1664.5999755859375
1336,1897,5,0.4783163245960455,1138.0999755859375
1337,1341,1,0.3978064071497626,256.8999938964844
1337,2030,2,0.40328544241805087,330.6000061035156
1337,2276,3,0.4085096174641569,438.5
1337,43,4,0.4146399471555153,780.2999877929688
1337,442,5,0.4159201056645344,1088.9000244140625
1338,1340,1,0.3572091794538861,114.19999694824219
1338,1343,2,0.4202432440781568,242.8000030517578
1338,432,3,0.4441464518288122,664.0
1338,2292,4,0.44520977287431057,237.5
1338,2326,5,0.47958657388004805,1617.699951171875
1339,2292,1,0.27737107572638586,360.20001220703125
1339,531,2,0.31015905193009297,1673.699951171875
1339,277,3,0.3383596157308912,1274.5
1339,2149,4,0.35743702863277094,1770.4000244140625
1339,2304,5,0.3639752009807423,283.20001220703125
1340,432,1,0.27679823522195934,770.5999755859375
1340,1605,2,0.3228180700763109,966.5999755859375
1340,999,3,0.331992870929611,1721.300048828125
1340,1343,4,0.35650914526153943,174.0
1340,1338,5,0.3572091794538861,114.19999694824219
1341,1356,1,0.22415702790984038,168.1999969482422
1341,2276,2,0.2371761723161116,194.10000610351562
1341,43,3,0.2634778660509601,634.2999877929688
1341,2036,4,0.301107241934009,271.70001220703125
1341,1262,5,0.3059393649957486,956.2000122070312
1343,1356,1,0.3363981619064139,118.5
1343,1358,2,0.33656746646803865,54.099998474121094
1343,2308,3,0.349731658207413,427.70001220703125
1343,1341,4,0.35543588962600425,266.1000061035156
1343,1340,5,0.35650914526153943,174.0
1344,1416,1,0.27210803815866813,1994.5999755859375
1344,1908,2,0.3309671519235997,1136.5999755859375
1344,2156,3,0.3437478687359608,1517.9000244140625
1344,1311,4,0.3474978256517111,1589.300048828125
1344,1546,5,0.3519336678339207,1772.5
1345,737,1,0.2624999591718195,981.4000244140625
1345,1537,2,0.26945122123311077,1756.5999755859375
1345,543,3,0.28825790699644444,1360.5999755859375
1345,1268,4,0.28893015571682723,1219.0
1345,1294,5,0.3057177509381696,1478.9000244140625
1346,2152,1,0.31920812847036606,1768.5
1346,683,2,0.3334569120469064,2442.699951171875
1346,2300,3,0.33658049562609194,276.1000061035156
1346,539,4,0.373804601601268,1529.5999755859375
1346,1547,5,0.3782743009638079,1485.199951171875
1347,898,1,0.3769372737308141,1929.0
1347,1902,2,0.49783001989683007,1132.300048828125
1347,1358,3,0.49827855432088614,186.5
1347,2152,4,0.49870426566646286,1598.5999755859375
1347,2037,5,0.5075666779783731,645.0
1348,1313,1,0.3669202544312227,1842.800048828125
1348,1569,2,0.4107416694586215,1655.699951171875
1348,516,3,0.4332844712543987,1208.0
1348,1660,4,0.45114452033393826,510.3999938964844
1348,295,5,0.45656280410280364,1734.9000244140625
1349,275,1,0.4340826541060637,1514.800048828125
1349,2134,2,0.48304386994529536,2270.60009765625
1349,1121,3,0.5111408268809067,1929.5999755859375
1349,1898,4,0.5238873441762154,1283.199951171875
1349,557,5,0.5491740681757806,1542.5999755859375
1350,1355,1,0.4094608365296859,231.10000610351562
1350,539,2,0.42557240391784856,1488.5
1350,1358,3,0.43473613769727365,121.19999694824219
1350,1311,4,0.44342028130828437,1563.199951171875
1350,1289,5,0.4484859518784816,1437.199951171875
1351,446,1,0.35822700694673887,853.7999877929688
1351,2317,2,0.4062690380911292,264.0
1351,436,3,0.42284488480693083,813.7000122070312
1351,1636,4,0.433178102017438,950.9000244140625
1351,68,5,0.44052872311776337,549.0999755859375
1352,2152,1,0.4224090149806588,1834.699951171875
1352,1544,2,0.46441082880964835,1484.0
1352,758,3,0.4802773720370135,889.2000122070312
1352,277,4,0.48853889382583765,1168.4000244140625
1352,489,5,0.4970937862194788,1209.699951171875
1353,1568,1,0.3143073164745355,1826.4000244140625
1353,1654,2,0.5379054102586578,425.0
1353,1935,3,0.5944656025667368,1701.199951171875
1353,1153,4,0.6069968981331042,3164.300048828125
1353,54,5,0.6311648533541523,921.4000244140625
1355,566,1,0.27343618309022394,1607.5999755859375
1355,539,2,0.2872080166696895,1454.699951171875
1355,1345,3,0.3197809288133654,298.8999938964844
1355,1656,4,0.34018834838374457,650.2000122070312
1355,1289,5,0.3466984981150672,1325.0999755859375
1356,1341,1,0.22415702790984038,168.1999969482422
1356,540,2,0.23840949688812252,1483.5999755859375
1356,43,3,0.2547125749682518,606.7999877929688
1356,431,4,0.25655831606737406,879.7999877929688
1356,751,5,0.2649256813670401,721.4000244140625
1357,425,1,0.4353172916272544,880.9000244140625
1357,3012,2,0.4471598014740229,268.0
1357,446,3,0.4588348481492066,826.0
1357,2322,4,0.47099051580205425,1811.0
1357,1628,5,0.48405062255482184,1056.9000244140625
1358,2017,1,0.31479486198874657,481.6000061035156
1358,1343,2,0.33656746646803865,54.099998474121094
1358,501,3,0.35495357534001787,1372.5999755859375
1358,1350,4,0.43473613769727365,121.19999694824219
1358,1346,5,0.4364818273596603,41.5
1392,1578,1,0.25982129471090937,230.0
1392,1394,2,0.26642576310462507,144.39999389648438
1392,2070,3,0.26691825430217236,709.2000122070312
1392,1406,4,0.27755861630527096,364.70001220703125
1392,1899,5,0.27989080919229437,1529.0
1393,1401,1,0.3259552561489851,290.8999938964844
1393,1015,2,0.4090634547725575,1706.5999755859375
1393,2177,3,0.41572352409204255,846.2999877929688
1393,222,4,0.4161273279919382,333.0
1393,1005,5,0.4163500385539527,921.2000122070312
1394,2883,1,0.22201180114989455,626.5999755859375
1394,996,2,0.23560641835933732,752.4000244140625
1394,2167,3,0.2378449979541249,925.7999877929688
1394,1406,4,0.2385923905726942,239.3000030517578
1394,689,5,0.2466726599889378,5012.0
1395,1465,1,0.12541476050725697,741.5
1395,2371,2,0.1337478365477629,31.299999237060547
1395,2437,3,0.13585808336117494,51.29999923706055
1395,2500,4,0.143241518746053,708.0
1395,2814,5,0.14904040564940463,737.0
1396,1408,1,0.15564996312627133,194.60000610351562
1396,1400,2,0.18441845690127345,180.5
1396,2044,3,0.18586676482005904,850.0999755859375
1396,1890,4,0.19311996298063944,1881.699951171875
1396,841,5,0.197172653681843,2235.699951171875
1397,2808,1,0.1442037826487886,803.0999755859375
1397,1501,2,0.14835648881087604,708.2000122070312
1397,1480,3,0.15004379507775137,801.7000122070312
1397,1496,4,0.1666650725445194,744.4000244140625
1397,1409,5,0.1757849307157412,88.4000015258789
1398,2227,1,0.22896995966633943,2889.0
1398,2243,2,0.23549857648030645,3656.699951171875
1398,1881,3,0.23619399311692,1654.300048828125
1398,2217,4,0.2405809392657197,3530.699951171875
1398,1506,5,0.24863874694841015,1400.5
1399,1398,1,0.2728107759809412,214.8000030517578
1399,2186,2,0.2844949807451361,860.4000244140625
1399,1879,3,0.30562165062766045,1723.4000244140625
1399,2010,4,0.3108998259914457,2157.699951171875
1399,988,5,0.31370497728715907,848.7999877929688
1400,1408,1,0.1521860691948156,51.400001525878906
1400,2044,2,0.15591515079545043,733.0
1400,2169,3,0.15838006976558103,913.7000122070312
1400,1198,4,0.17707213276608677,834.0
1400,2101,5,0.17975797724942674,522.2999877929688
1401,222,1,0.24192848819239948,249.0
1401,2336,2,0.2614838058383662,608.9000244140625
1401,996,3,0.30565778810396976,805.9000244140625
1401,1578,4,0.30635502058244946,422.29998779296875
1401,1072,5,0.3078040759547796,519.7999877929688
1402,1468,1,0.14646496708331988,771.7000122070312
1402,3013,2,0.1537611531683757,661.5
1402,2422,3,0.16749665187556034,1.2999999523162842
1402,2644,4,0.17293369476836412,823.5999755859375
1402,2410,5,0.17593321214974408,23.399999618530273
1403,991,1,0.19256273990946016,688.2999877929688
1403,1463,2,0.21928859360273598,763.7999877929688
1403,2288,3,0.2216236394404437,2276.10009765625
1403,1875,4,0.22321582450982377,1601.800048828125
1403,1303,5,0.23209998293708303,787.4000244140625
1404,1778,1,0.2710408409117985,579.0
1404,2336,2,0.2775586240789368,643.5
1404,1005,3,0.28574815065511094,842.2999877929688
1404,18,4,0.2990871319911758,4158.10009765625
1404,1973,5,0.2996903608471514,2151.300048828125
1405,1477,1,0.3138158592347152,837.5
1405,2177,2,0.318524000219215,967.2000122070312
1405,1005,3,0.333429907777071,1028.9000244140625
1405,2048,4,0.3351648112627985,854.4000244140625
1405,1563,5,0.34014718391946797,1221.9000244140625
1406,1394,1,0.2385923905726942,239.3000030517578
1406,2336,2,0.2710344306706813,745.7999877929688
1406,1392,3,0.27755861630527096,364.70001220703125
1406,1072,4,0.2875256397590901,686.7000122070312
1406,689,5,0.3278218751756782,5232.2998046875
1407,2288,1,0.1582313879961158,2141.699951171875
1407,1876,2,0.19555996653333269,1589.5999755859375
1407,1990,3,0.19742368177100886,1886.5999755859375
1407,2005,4,0.20936708276698934,2007.5
1407,1999,5,0.21154578093820892,2014.9000244140625
1408,1400,1,0.1521860691948156,51.400001525878906
1408,2044,2,0.15255629862480882,691.9000244140625
1408,2164,3,0.15264849668206423,834.2999877929688
1408,1396,4,0.15564996312627133,194.60000610351562
1408,1198,5,0.16234970559124626,793.0
1409,1397,1,0.1757849307157412,88.4000015258789
1409,1481,2,0.19604105022297627,796.0
1409,1464,3,0.2248951650924345,801.7000122070312
1409,2646,4,0.22747775526289735,844.7000122070312
1409,1480,5,0.2378208801913268,878.4000244140625
1410,1403,1,0.2387521809937362,1054.800048828125
1410,278,2,0.2638621856817486,887.4000244140625
1410,1411,3,0.2685830463667173,82.5
1410,2393,4,0.31200623656429793,1114.0999755859375
1410,269,5,0.3198590255540138,883.9000244140625
1411,1410,1,0.2685830463667173,82.5
1411,1403,2,0.3092471010562048,1010.5999755859375
1411,2619,3,0.3337830911048636,515.4000244140625
1411,996,4,0.34008976340380814,453.1000061035156
1411,222,5,0.36016896844652946,1339.5999755859375
1412,1755,1,0.34108576857250117,524.9000244140625
1412,922,2,0.3879789966850265,1014.4000244140625
1412,1851,3,0.40064732702595995,535.7999877929688
1412,1027,4,0.4045375842985311,580.0999755859375
1412,305,5,0.4064447565047882,612.2999877929688
1413,2296,1,0.18741145201938156,1555.699951171875
1413,1708,2,0.24163247779113747,186.8000030517578
1413,2301,3,0.24288440165167896,1389.0
1413,1414,4,0.2504074876997614,120.5
1413,1528,5,0.2587914191509923,500.70001220703125
1414,1422,1,0.19102104163815833,37.0
1414,769,2,0.21700783261795623,1664.5
1414,2296,3,0.21823923501084097,1652.199951171875
1414,1413,4,0.2504074876997614,120.5
1414,1566,5,0.26107017721108755,615.2999877929688
1415,1848,1,0.2077047641844671,255.5
1415,1853,2,0.2512293290382637,409.0
1415,1714,3,0.25309690641178745,297.5
1415,2618,4,0.27355291591964603,928.7999877929688
1415,1033,5,0.2764938483989457,700.5999755859375
1416,1204,1,0.2670232338478148,468.6000061035156
1416,1344,2,0.27210803815866813,1994.5999755859375
1416,2156,3,0.2849808121257917,3493.89990234375
1416,1546,4,0.3140644361367451,454.79998779296875
1416,1868,5,0.32009483927258536,225.3000030517578
1417,1868,1,0.2832740423864968,357.0
1417,1033,2,0.30570432763651917,869.0999755859375
1417,1853,3,0.3099563324947544,400.20001220703125
1417,1017,4,0.3251288590145045,752.9000244140625
1417,1848,5,0.34438908904190224,232.39999389648438
1419,2080,1,0.14362057835043046,242.89999389648438
1419,1025,2,0.18547592506507424,809.9000244140625
1419,2072,3,0.2225697639843501,284.1000061035156
1419,1423,4,0.22866766278591547,127.5999984741211
1419,1903,5,0.2391374239751946,975.4000244140625
1420,1921,1,0.18928079971431436,734.5999755859375
1420,1856,2,0.19198167607944605,244.89999389648438
1420,2061,3,0.21365485460579092,642.4000244140625
1420,1035,4,0.23071454089135446,875.4000244140625
1420,1026,5,0.25388870272115044,707.7999877929688
1421,1204,1,0.39984454761702914,396.5
1421,560,2,0.40867687043614026,3638.300048828125
1421,2028,3,0.47443547115632073,1882.5
1421,2054,4,0.5015156728206354,545.9000244140625
1421,1028,5,0.50253089401363,774.2999877929688
1422,1414,1,0.19102104163815833,37.0
1422,1785,2,0.23442748624966514,1005.4000244140625
1422,1209,3,0.23765581567536845,361.20001220703125
1422,2296,4,0.26525745121779953,1627.0999755859375
1422,2184,5,0.2658095036100887,306.0
1423,2121,1,0.19811009195796583,576.7999877929688
1423,1419,2,0.22866766278591547,127.5999984741211
1423,2128,3,0.23190048446611214,590.0
1423,2142,4,0.23351151730698824,773.9000244140625
1423,2080,5,0.24569444787537453,274.6000061035156
1425,1028,1,0.3509178413572696,798.4000244140625
1425,1887,2,0.3712512136619675,1019.0
1425,1895,3,0.3895611184856467,1020.2999877929688
1425,2069,4,0.42696583563006923,527.0999755859375
1425,2039,5,0.4291148309056621,2069.39990234375
1426,2080,1,0.2574346033910905,299.70001220703125
1426,2087,2,0.29393543405711836,384.20001220703125
1426,1856,3,0.29454728982430517,304.29998779296875
1426,1415,4,0.29475576594223624,206.39999389648438
1426,1714,5,0.2953698408574472,128.39999389648438
1427,1429,1,0.21762236111953676,152.8000030517578
1427,2255,2,0.24741129363176836,667.5999755859375
1427,1205,3,0.26922068978922986,502.0
1427,1209,4,0.27616348249276634,446.6000061035156
1427,1611,5,0.2854022572496939,3239.39990234375
1428,1036,1,0.2941083140785977,540.2000122070312
1428,305,2,0.32140979765433797,517.7999877929688
1428,2088,3,0.33739710313535837,174.5
1428,306,4,0.34270033921587356,473.8999938964844
1428,2075,5,0.34741293450124,278.3999938964844
1429,2255,1,0.20133142796790127,645.0999755859375
1429,1427,2,0.21762236111953676,152.8000030517578
1429,1205,3,0.23521441164055407,465.1000061035156
1429,1848,4,0.24796378186293808,92.69999694824219
1429,1862,5,0.2535988936407565,60.900001525878906
1430,678,1,0.22243822932924162,
1430,2221,2,0.2986299022227221,7482.2998046875
1430,612,3,0.32209192348410604,4935.7998046875
1430,2226,4,0.360853825303886,7697.10009765625
1430,890,5,0.39195492221713263,9717.7998046875
1431,2341,1,0.5479760043614279,3818.60009765625
1431,1191,2,0.5868450599476556,10245.400390625
1431,2250,3,0.5931212799017153,9076.900390625
1431,1187,4,0.5982620420330808,10242.900390625
1431,917,5,0.6035680320585621,9982.599609375
1438,227,1,0.568290345838528,9313.599609375
1438,225,2,0.5819709999406891,9599.599609375
1438,2245,3,0.6083373466262126,8192.599609375
1438,718,4,0.6233869962760172,
1438,1961,5,0.6278951462522568,4930.7998046875
1439,1465,1,0.08769332788538077,19.299999237060547
1439,1448,2,0.11353110164784164,38.099998474121094
1439,2814,3,0.12157965593650666,33.20000076293945
1439,1456,4,0.12439330468549904,26.700000762939453
1439,2446,5,0.12576030473510677,730.7000122070312
1440,2652,1,0.3565095294250689,81.0
1440,1491,2,0.37500362788151576,131.0
1440,2648,3,0.3969763760644431,72.5
1440,1484,4,0.41663577251694317,72.5999984741211
1440,2552,5,0.42149533008346257,43.0
1443,2500,1,0.12489949641670912,41.400001525878906
1443,2526,2,0.1325941308861621,35.099998474121094
1443,1465,3,0.14268856150819692,7.5
1443,2814,4,0.1453491403450227,50.900001525878906
1443,2582,5,0.15132357816896289,17.100000381469727
1444,2651,1,0.11174906043717886,37.0
1444,2502,2,0.11224057354299774,14.199999809265137
1444,1467,3,0.12691719539467167,20.0
1444,2534,4,0.1292055020781508,14.800000190734863
1444,2446,5,0.1318061242497055,699.5999755859375
1445,1472,1,0.11522286718171997,20.200000762939453
1445,2814,2,0.12120201440832948,73.9000015258789
1445,1500,3,0.12473135045362714,59.29999923706055
1445,1465,4,0.1270007956198117,34.29999923706055
1445,2649,5,0.1346405934711229,65.19999694824219
1446,2504,1,0.1734691930032773,111.80000305175781
1446,2586,2,0.18953251251470477,116.5999984741211
1446,1464,3,0.1935085881801015,157.6999969482422
1446,1468,4,0.19355903129460061,192.8000030517578
1446,2493,5,0.19728660774102433,113.5999984741211
1447,1490,1,0.1444930361624924,27.5
1447,1881,2,0.19533003124983594,807.0
1447,667,3,0.21995341872412302,3845.300048828125
1447,1890,4,0.22449752467215622,965.7000122070312
1447,1905,5,0.24779203312992606,903.2000122070312
1448,1465,1,0.09955944483052832,19.100000381469727
1448,2469,2,0.11318667092171283,24.799999237060547
1448,1439,3,0.11353110164784164,38.099998474121094
1448,2814,4,0.13752200202623863,65.19999694824219
1448,2471,5,0.13861716366688312,28.600000381469727
1449,675,1,0.25701790867345675,4322.5
1449,2883,2,0.27659183257704445,304.8999938964844
1449,1604,3,0.2765948674117352,3415.199951171875
1449,2167,4,0.28083307568338745,113.19999694824219
1449,677,5,0.2822610393943811,3920.199951171875
1453,2814,1,0.1802416581857652,80.80000305175781
1453,2604,2,0.19191947340978294,84.80000305175781
1453,2493,3,0.1944180154317378,32.79999923706055
1453,1468,4,0.19769675687548702,76.30000305175781
1453,2649,5,0.20025319411434447,83.5
1454,1495,1,0.18342247294247205,201.5
1454,1463,2,0.18836127389814425,82.19999694824219
1454,1477,3,0.19815158197093496,197.6999969482422
1454,1001,4,0.21522870675517428,184.8000030517578
1454,1489,5,0.22234537837023982,233.89999389648438
1456,1439,1,0.12439330468549904,26.700000762939453
1456,1444,2,0.13292850862738886,24.399999618530273
1456,2446,3,0.13402828828642493,718.0
1456,2584,4,0.13737048377145272,39.79999923706055
1456,1448,5,0.14688901502702856,54.0
1457,1493,1,0.1637393707935412,19.799999237060547
1457,2524,2,0.18363335746027143,42.5
1457,1467,3,0.1897814151481274,34.400001525878906
1457,1459,4,0.1898530931146682,43.20000076293945
1457,2585,5,0.19347068207694082,22.5
1459,1467,1,0.07780165057979159,33.400001525878906
1459,2651,2,0.11831124587615718,23.700000762939453
1459,2524,3,0.13488921751081162,20.799999237060547
1459,2590,4,0.13599559059090258,41.70000076293945
1459,2501,5,0.1437930752978686,17.700000762939453
1461,2478,1,0.10086653116552564,61.400001525878906
1461,2814,2,0.10598960569327005,41.20000076293945
1461,1488,3,0.11378049259237687,84.30000305175781
1461,2649,4,0.11405766899063337,50.0
1461,1500,5,0.12473242792945588,84.80000305175781
1463,1495,1,0.1554279879845453,241.3000030517578
1463,1489,2,0.15824700539976408,252.1999969482422
1463,2813,3,0.17476109753861058,110.5999984741211
1463,991,4,0.1859014592500493,205.0
1463,1454,5,0.18836127389814425,82.19999694824219
1464,1481,1,0.09996684763079548,53.70000076293945
1464,2472,2,0.16914324258513358,37.20000076293945
1464,2493,3,0.16976053406663072,76.0
1464,2646,4,0.1866033055007972,120.5
1464,1446,5,0.1935085881801015,157.6999969482422
1465,1439,1,0.08769332788538077,19.299999237060547
1465,1448,2,0.09955944483052832,19.100000381469727
1465,2500,3,0.10485729288998923,37.79999923706055
1465,2814,4,0.10884828908234924,46.099998474121094
1465,1395,5,0.12541476050725697,741.5
1467,1459,1,0.07780165057979159,33.400001525878906
1467,2651,2,0.10425558307303034,44.20000076293945
1467,1444,3,0.12691719539467167,20.0
1467,1465,4,0.12730376298988327,32.099998474121094
1467,1439,5,0.12915289669362637,25.399999618530273
1468,2504,1,0.10397081937834224,86.5999984741211
1468,3013,2,0.1040492723913503,110.19999694824219
1468,1484,3,0.13885988348126022,87.30000305175781
1468,1402,4,0.14646496708331988,771.7000122070312
1468,1500,5,0.14731157960475394,115.0999984741211
1472,2649,1,0.08966213274879424,70.0
1472,2814,2,0.09119148635361338,71.5999984741211
1472,1500,3,0.0971257713123454,67.5
1472,1445,4,0.11522286718171997,20.200000762939453
1472,1465,5,0.12805785979140766,40.099998474121094
1473,2223,1,0.3544741755977219,3091.10009765625
1473,2218,2,0.3902560381952501,3025.199951171875
1473,2186,3,0.4035867112531624,155.5
1473,1398,4,0.40422928587287293,869.7999877929688
1473,1399,5,0.4087448114070033,749.5999755859375
1474,382,1,0.5795781022117492,1109.800048828125
1474,1549,2,0.6273736141741322,461.70001220703125
1474,1717,3,0.6460896083288935,374.3999938964844
1474,1658,4,0.6467899435934072,2778.5
1474,1534,5,0.6573967700219592,568.4000244140625
1475,2560,1,0.12932260779531496,25.5
1475,2475,2,0.15133046780172024,10.399999618530273
1475,2584,3,0.16485406780732711,28.600000381469727
1475,2502,4,0.1671850766278924,29.200000762939453
1475,2528,5,0.17008244725627408,36.20000076293945
1477,1495,1,0.1346719069280116,27.799999237060547
1477,1489,2,0.1881160767983885,52.29999923706055
1477,1454,3,0.19815158197093496,197.6999969482422
1477,1463,4,0.20658496345818952,235.3000030517578
1477,1001,5,0.20689827873122754,221.6999969482422
1478,1207,1,0.2166965719519811,359.6000061035156
1478,996,2,0.241598206420401,236.5
1478,1394,3,0.25365200063367666,877.2999877929688
1478,2883,4,0.26425943477081637,324.70001220703125
1478,1001,5,0.27401212405454367,218.6999969482422
1480,1496,1,0.0943210475351919,125.69999694824219
1480,1501,2,0.10006661418220932,180.8000030517578
1480,2808,3,0.1289513149368822,69.69999694824219
1480,2649,4,0.13064503542768724,135.10000610351562
1480,1500,5,0.14603739721207995,93.69999694824219
1481,1464,1,0.09996684763079548,53.70000076293945
1481,2646,2,0.13867771239039717,142.10000610351562
1481,1480,3,0.16341978310810368,140.10000610351562
1481,2472,4,0.1652217639541124,32.29999923706055
1481,1448,5,0.1791771284382328,59.400001525878906
1483,1405,1,0.4520434704679174,889.0999755859375
1483,1477,2,0.45332888900925294,161.0
1483,1563,3,0.45519398158787616,344.8999938964844
1483,1001,4,0.47933385161035813,87.5999984741211
1483,1212,5,0.49375733320317766,174.5
1484,1491,1,0.13593397227833165,143.0
1484,1468,2,0.13885988348126022,87.30000305175781
1484,1500,3,0.1454180745751394,96.30000305175781
1484,3013,4,0.16698053581059855,136.10000610351562
1484,1445,5,0.1691257396238642,50.29999923706055
1486,996,1,0.24346411671066517,246.10000610351562
1486,2047,2,0.2562205040747195,143.1999969482422
1486,2619,3,0.28354598449762164,253.0
1486,1489,4,0.283593675700616,29.600000381469727
1486,1394,5,0.2840356527372275,629.5
1488,1461,1,0.11378049259237687,84.30000305175781
1488,2649,2,0.13423227153444278,38.70000076293945
1488,2478,3,0.1348696690874395,82.5999984741211
1488,1496,4,0.13510120704431258,8.300000190734863
1488,1472,5,0.1435163970350406,87.5
1489,1463,1,0.15824700539976408,252.1999969482422
1489,1495,2,0.1679849718770455,80.19999694824219
1489,1001,3,0.17355311321444433,237.89999389648438
1489,1504,4,0.17840183176009777,175.3000030517578
1489,1477,5,0.1881160767983885,52.29999923706055
1490,1447,1,0.1444930361624924,27.5
1490,1400,2,0.19390860499479465,789.2999877929688
1490,1463,3,0.19855283488998662,55.900001525878906
1490,2813,4,0.22565682484499774,72.0999984741211
1490,1489,5,0.23121549847700107,214.3000030517578
1491,2648,1,0.11682908242808238,86.30000305175781
1491,1484,2,0.13593397227833165,143.0
1491,1501,3,0.14795932863973404,46.400001525878906
1491,1500,4,0.15446094527268037,121.69999694824219
1491,1492,5,0.15713376443079427,58.400001525878906
1492,2808,1,0.1461258777249638,199.60000610351562
1492,1491,2,0.15713376443079427,58.400001525878906
1492,1496,3,0.187704428179361,140.89999389648438
1492,1484,4,0.193196881468794,159.5
1492,1501,5,0.194839069504621,104.80000305175781
1493,2524,1,0.15054955429619682,48.099998474121094
1493,1457,2,0.1637393707935412,19.799999237060547
1493,2592,3,0.17014047144081482,32.29999923706055
1493,1467,4,0.17839362152265759,46.79999923706055
1493,1459,5,0.18327810135552086,47.70000076293945
1494,2180,1,0.2491124650073877,355.70001220703125
1494,920,2,0.30054733902563596,1291.0
1494,1200,3,0.32624225072721746,255.5
1494,2174,4,0.341288268223363,321.6000061035156
1494,2183,5,0.3459885503572707,369.8999938964844
1495,1477,1,0.1346719069280116,27.799999237060547
1495,1463,2,0.1554279879845453,241.3000030517578
1495,1489,3,0.1679849718770455,80.19999694824219
1495,1454,4,0.18342247294247205,201.5
1495,1001,5,0.21262767291695947,227.6999969482422
1496,2808,1,0.07868440218428718,105.80000305175781
1496,1501,2,0.08130117506476733,72.19999694824219
1496,1480,3,0.0943210475351919,125.69999694824219
1496,2649,4,0.11661803792906636,36.099998474121094
1496,1500,5,0.12071699400700664,42.20000076293945
1500,2649,1,0.06328991098085003,61.400001525878906
1500,1501,2,0.07483313835074776,112.5
1500,2814,3,0.08020692182145114,75.30000305175781
1500,1472,4,0.0971257713123454,67.5
1500,2588,5,0.10513511822349252,60.5
1501,1500,1,0.07483313835074776,112.5
1501,1496,2,0.08130117506476733,72.19999694824219
1501,2649,3,0.09327912994871647,54.29999923706055
1501,2808,4,0.09776199186382958,174.1999969482422
1501,1480,5,0.10006661418220932,180.8000030517578
1504,2108,1,0.16752873779718358,190.60000610351562
1504,1489,2,0.17840183176009777,175.3000030517578
1504,2124,3,0.18412749696196187,160.3000030517578
1504,1001,4,0.1968251397054885,187.60000610351562
1504,2165,5,0.20239124925337418,282.0
1506,206,1,0.1596414162658773,942.0
1506,890,2,0.17361486582445382,1610.199951171875
1506,988,3,0.23398521955944537,1821.0999755859375
1506,2318,4,0.23818261897199325,1608.699951171875
1506,1107,5,0.23946141713904046,1725.699951171875
1507,2217,1,0.23728659067776925,4083.699951171875
1507,2222,2,0.24848460739232814,3403.5
1507,2243,3,0.2800570860811624,4209.60009765625
1507,207,4,0.28901082812012185,718.7999877929688
1507,1506,5,0.289170275935233,196.10000610351562
1508,2245,1,0.24373980296272252,4068.10009765625
1508,2879,2,0.2650707364017608,4381.7001953125
1508,1518,3,0.27336471874556056,126.9000015258789
1508,1507,4,0.2996884478005119,17.0
1508,2241,5,0.32468525826107536,4254.7998046875
1509,1511,1,0.31293595441950117,90.9000015258789
1509,1165,2,0.35457744442712047,6191.7001953125
1509,896,3,0.3763258117679629,1516.0
1509,2228,4,0.3978109123336042,3243.199951171875
1509,2218,5,0.40775132500261113,4038.300048828125
1510,217,1,0.3251108704749508,951.5
1510,2234,2,0.3401422111494436,3515.5
1510,223,3,0.3586888809807386,855.7999877929688
1510,221,4,0.3628736568748998,591.0
1510,895,5,0.38164461106132824,1495.800048828125
1511,2241,1,0.2703154569339825,4160.7998046875
1511,207,2,0.29245048411520946,640.4000244140625
1511,2813,3,0.29549843464674136,1713.300048828125
1511,2243,4,0.3101634756415858,4131.2001953125
1511,1398,5,0.3109627572892341,1187.9000244140625
1512,1406,1,0.3338290735866489,1358.5
1512,702,2,0.3382855376184414,5902.0
1512,1394,3,0.38593197286343883,1142.0999755859375
1512,222,4,0.40781972182456994,1001.7999877929688
1512,1392,5,0.4263179472437642,1212.0999755859375
1518,207,1,0.23298336361742103,616.0
1518,1521,2,0.2522634808889091,417.79998779296875
1518,1508,3,0.27336471874556056,126.9000015258789
1518,2241,4,0.2778157843134873,4136.39990234375
1518,2882,5,0.287071225880436,4364.5
1519,2002,1,0.26216253668100675,2885.199951171875
1519,211,2,0.26546348660268265,881.0
1519,1988,3,0.29258016068693404,3050.199951171875
1519,2234,4,0.30148914676148864,3607.60009765625
1519,221,5,0.3125797789448823,683.0999755859375
1520,2031,1,0.3509635109951707,3073.0
1520,1510,2,0.388948104686212,82.9000015258789
1520,1522,3,0.39490695549506644,333.20001220703125
1520,2211,4,0.4016497767987574,3621.800048828125
1520,2234,5,0.4080130097681055,3590.300048828125
1521,1518,1,0.2522634808889091,417.79998779296875
1521,1507,2,0.3350756540856949,368.3999938964844
1521,1508,3,0.3524671090512825,384.0
1521,2223,4,0.3549547704725511,4404.7001953125
1521,1398,5,0.35554496541813085,1572.699951171875
1522,212,1,0.34640279306919564,1013.9000244140625
1522,1203,2,0.35642952775701,1863.300048828125
1522,2187,3,0.3564570410552911,2017.0
1522,1132,4,0.36218330935338644,1696.4000244140625
1522,2120,5,0.3644156105477925,1599.0
1523,1874,1,0.15920919518414187,668.7999877929688
1523,1979,2,0.18204962406251238,1312.300048828125
1523,2646,3,0.18990575294999912,514.5999755859375
1523,2408,4,0.2053117188966762,1115.5999755859375
1523,1597,5,0.21585929880589413,2888.60009765625
1525,3009,1,0.11241401967801466,526.5
1525,2164,2,0.1343420697075264,583.2999877929688
1525,1198,3,0.14226623294484142,595.2999877929688
1525,986,4,0.15380169896970355,242.5
1525,3005,5,0.15628874820456723,128.8000030517578
1526,1540,1,0.1587576741972094,141.5
1526,1009,2,0.16661149565800817,761.9000244140625
1526,2168,3,0.17964452176626314,521.2999877929688
1526,2169,4,0.20947879789827756,436.29998779296875
1526,1919,5,0.21179306514460178,689.5999755859375
1527,2318,1,0.1503486348116185,361.79998779296875
1527,1107,2,0.15053908909663402,245.39999389648438
1527,2044,3,0.15801214499485655,773.0999755859375
1527,2164,4,0.1603827702034368,544.7000122070312
1527,2279,5,0.1619096967239114,1368.800048828125
1528,833,1,0.24261446055881672,1334.0999755859375
1528,1413,2,0.2587914191509923,500.70001220703125
1528,2310,3,0.27030310588744755,1398.9000244140625
1528,2184,4,0.2774737327633065,571.7999877929688
1528,2179,5,0.2969375964346452,426.5
1529,1776,1,0.3517525286322424,820.7000122070312
1529,1692,2,0.3691485375135238,1490.0
1529,1534,3,0.3803425007457306,176.10000610351562
1529,1773,4,0.3979880170531486,867.0
1529,525,5,0.4251735649715584,3231.10009765625
1530,723,1,0.20824198873549865,3704.300048828125
1530,2301,2,0.21766903602801474,1035.9000244140625
1530,1941,3,0.2409937086314882,697.9000244140625
1530,1413,4,0.2672474270147016,558.5
1530,1026,5,0.28002224034450085,766.7000122070312
1532,1251,1,0.20087285211097947,3336.10009765625
1532,2295,2,0.20683019787309948,1460.699951171875
1532,2310,3,0.2567561876674457,1342.0
1532,760,4,0.2696564168714059,1053.9000244140625
1532,1555,5,0.27302019266219923,239.8000030517578
1533,1006,1,0.26954384569052176,545.7000122070312
1533,769,2,0.2741944889197003,899.9000244140625
1533,2034,3,0.2809476957728182,1370.0999755859375
1533,751,4,0.28435107410079463,736.4000244140625
1533,1904,5,0.28471807984235403,640.7999877929688
1534,1034,1,0.30798308384743317,730.7999877929688
1534,1756,2,0.3442560062382361,297.79998779296875
1534,1717,3,0.3496799849434829,701.5
1534,2266,4,0.35820187741114623,486.70001220703125
1534,2180,5,0.36401204906281787,534.2999877929688
1535,2021,1,0.18506275226380756,1439.300048828125
1535,220,2,0.19926751290107406,986.7999877929688
1535,1988,3,0.23227199974810084,1532.699951171875
1535,2042,4,0.2389545085680003,1364.0
1535,1948,5,0.24173269577556833,752.2000122070312
1536,2310,1,0.23799077611475167,1413.199951171875
1536,1554,2,0.24225907036148323,161.5
1536,1125,3,0.2612264973316483,176.5
1536,1429,4,0.2705414706175788,568.9000244140625
1536,2308,5,0.2777683121339213,1314.5999755859375
1537,1853,1,0.22727972181830056,290.8999938964844
1537,1345,2,0.26945122123311077,1756.5999755859375
1537,2042,3,0.3157740707355198,1258.699951171875
1537,1928,4,0.3171687703978423,756.0999755859375
1537,2255,5,0.3280193670223611,400.79998779296875
1539,1553,1,0.12232701968207088,38.79999923706055
1539,1562,2,0.18573705380849695,123.5
1539,1577,3,0.19095382174166037,790.7999877929688
1539,3005,4,0.19726957650640398,141.8000030517578
1539,1009,5,0.205139345687247,834.5999755859375
1540,1212,1,0.15261095329567667,524.2000122070312
1540,1009,2,0.15540204245404943,806.9000244140625
1540,1526,3,0.1587576741972094,141.5
1540,2169,4,0.16067774809208135,503.70001220703125
1540,1577,5,0.1937077757813625,842.0999755859375
1541,1691,1,0.3452405769304939,694.9000244140625
1541,287,2,0.35543624711308397,82.9000015258789
1541,1927,3,0.39027439607923775,624.5
1541,1747,4,0.3924009581174931,300.20001220703125
1541,1420,5,0.3986763284165643,711.9000244140625
1542,1026,1,0.3119950643730818,786.2000122070312
1542,1711,2,0.3196042904692579,733.5
1542,1853,3,0.3261822492196011,391.20001220703125
1542,1859,4,0.33785081591804933,501.1000061035156
1542,2330,5,0.3446437632851103,544.5
1543,1032,1,0.3287689874507593,703.7999877929688
1543,1685,2,0.34168800242691455,770.9000244140625
1543,1944,3,0.3711784888238807,466.0
1543,307,4,0.3724218000994497,262.20001220703125
1543,1694,5,0.3778025695130442,965.5
1544,1687,1,0.31169718465741003,982.4000244140625
1544,687,2,0.3705994219773927,3533.5
1544,1710,3,0.38896664678656184,749.4000244140625
1544,2271,4,0.4455676653103123,446.29998779296875
1544,2007,5,0.4516380351458421,1249.5
1545,721,1,0.3659931546265781,3468.199951171875
1545,1547,2,0.3768963029922326,94.4000015258789
1545,1573,3,0.3896923407356074,183.1999969482422
1545,2061,4,0.3950306928890465,1017.7999877929688
1545,1420,5,0.4077695885294014,847.2999877929688
1546,1416,1,0.3140644361367451,454.79998779296875
1546,1344,2,0.3519336678339207,1772.5
1546,1908,3,0.36285236886176003,722.7999877929688
1546,2298,4,0.36719914453519914,1433.300048828125
1546,2056,5,0.3685543228009421,803.4000244140625
1547,1533,1,0.3186385264002358,67.19999694824219
1547,1345,2,0.32112769078203157,1699.4000244140625
1547,1422,3,0.3294517111674044,826.2000122070312
1547,518,4,0.3313529107201248,2804.39990234375
1547,1916,5,0.3477182750663034,845.7000122070312
1548,1714,1,0.2098967409602992,602.2999877929688
1548,1035,2,0.2138156194613667,747.7000122070312
1548,1941,3,0.24524811060647947,695.2000122070312
1548,833,4,0.2530078789280187,1216.699951171875
1548,1944,5,0.27030593144042087,392.3999938964844
1549,817,1,0.3621249164385343,1630.699951171875
1549,2233,2,0.3964132998800074,2668.39990234375
1549,1494,3,0.3994327032568563,518.2999877929688
1549,2002,4,0.4238359598138864,1303.199951171875
1549,2234,5,0.42852576099488593,2025.5999755859375
1550,2046,1,0.2875106364559609,1019.2999877929688
1550,1574,2,0.33899736916046247,184.1999969482422
1550,1878,3,0.3464609494710923,445.8999938964844
1550,1292,4,0.35982251051327035,454.79998779296875
1550,489,5,0.3616542298760233,181.3000030517578
1551,760,1,0.2654747174458574,986.7000122070312
1551,1423,2,0.2676453822012832,682.5
1551,1918,3,0.27674095634273665,746.5
1551,2257,4,0.2816545799381752,534.7000122070312
1551,2080,5,0.28424447833819055,769.0999755859375
1552,1551,1,0.37234034683148176,308.0
1552,2257,2,0.414353203935044,241.0
1552,1564,3,0.4181936309855252,80.0
1552,1761,4,0.4268339488683234,252.8000030517578
1552,2255,5,0.4277054039556867,303.0
1553,1539,1,0.12232701968207088,38.79999923706055
1553,1577,2,0.1581070210769839,780.4000244140625
1553,2074,3,0.15924011376660765,593.9000244140625
1553,1009,4,0.1801623918573512,862.9000244140625
1553,1667,5,0.18080347841088013,842.4000244140625
1554,1862,1,0.22001633882184674,431.70001220703125
1554,1125,2,0.22036375792594834,330.5
1554,1595,3,0.22131113888474263,1058.0
1554,1536,4,0.24225907036148323,161.5
1554,1910,5,0.266763316879928,527.5999755859375
1555,1532,1,0.27302019266219923,239.8000030517578
1555,1025,2,0.29618562763648526,1071.0
1555,1031,3,0.3048846892449074,627.7999877929688
1555,1583,4,0.31295587385259216,1011.9000244140625
1555,1125,5,0.31500910165099627,400.70001220703125
1556,1591,1,0.2163367892240815,1123.800048828125
1556,1725,2,0.2461625791584716,778.0
1556,1710,3,0.28310319375556264,818.4000244140625
1556,2253,4,0.3116889636376077,351.29998779296875
1556,1722,5,0.3526531607738952,826.4000244140625
1557,1628,1,0.3284488905796597,2556.0
1557,392,2,0.4055054947183359,679.0999755859375
1557,1657,3,0.44437106146923755,2454.800048828125
1557,3012,4,0.45207600858892794,1320.800048828125
1557,1588,5,0.4622985178055975,979.4000244140625
1558,717,1,0.3170633192772146,3664.5
1558,1068,2,0.31991780933709646,782.0
1558,755,3,0.3424700882949188,839.7999877929688
1558,1611,4,0.35166200748016796,2855.5
1558,2015,5,0.35879383297523587,1371.5
1559,392,1,0.5125349759578501,398.20001220703125
1559,1557,2,0.5293185372614114,296.70001220703125
1559,1569,3,0.5415132216389151,65.0999984741211
1559,2322,4,0.6104866851636597,563.2000122070312
1559,2254,5,0.6311765610927803,271.20001220703125
1560,1007,1,0.12068637269019626,971.4000244140625
1560,1198,2,0.15376834066249914,606.7999877929688
1560,1952,3,0.15593071995338886,632.5999755859375
1560,2044,4,0.16072501127290287,823.0999755859375
1560,1845,5,0.17280679010046862,423.6000061035156
1561,2077,1,0.24752945259803233,486.1000061035156
1561,1944,2,0.26579055775294397,387.6000061035156
1561,1012,3,0.2964464299901822,773.7999877929688
1561,1032,4,0.33399824907113274,620.0999755859375
1561,1548,5,0.34596089842971856,137.60000610351562
1562,1539,1,0.18573705380849695,123.5
1562,987,2,0.20554796876292913,340.1000061035156
1562,998,3,0.20579827663048522,394.29998779296875
1562,1553,4,0.2316652092520185,151.0
1562,1592,5,0.23369079402040083,1057.800048828125
1563,2168,1,0.20783836655824603,556.5999755859375
1563,2169,2,0.22171932505901853,471.6000061035156
1563,1540,3,0.22620219887679152,35.099998474121094
1563,991,4,0.23406013906106551,322.0
1563,1526,5,0.23737410750360935,109.4000015258789
1564,2087,1,0.22616486702870575,615.5
1564,1745,2,0.26033240920306244,359.6000061035156
1564,1938,3,0.2631723916924905,683.0
1564,1530,4,0.2841067327963999,101.4000015258789
1564,1856,5,0.2977535540007469,591.4000244140625
1565,435,1,0.4525005475274641,595.9000244140625
1565,998,2,0.4843914712515922,453.29998779296875
1565,1562,3,0.48643273365324274,202.89999389648438
1565,421,4,0.49166547860901916,657.4000244140625
1565,2076,5,0.49543368267029025,412.8999938964844
1566,1414,1,0.26107017721108755,615.2999877929688
1566,1909,2,0.2843155839719239,509.6000061035156
1566,524,3,0.31613197693218353,2849.39990234375
1566,1533,4,0.32380072074230143,401.8999938964844
1566,1422,5,0.33084725488368016,645.7000122070312
1567,1223,1,0.26338879253347947,814.0
1567,2096,2,0.3442168828733791,561.4000244140625
1567,1928,3,0.3491465298990107,614.0
1567,2075,4,0.359310112450525,456.8999938964844
1567,1945,5,0.3626290589517697,600.9000244140625
1568,1353,1,0.3143073164745355,1826.4000244140625
1568,1654,2,0.4752205772056936,2250.60009765625
1568,54,3,0.5368803755656445,1260.5
1568,1321,4,0.5751500067476812,340.0
1568,1718,5,0.5831332937714087,645.7000122070312
1569,1429,1,0.3501895086532393,591.0999755859375
1569,1536,2,0.36016311308116733,238.39999389648438
1569,295,3,0.3736346318097508,302.29998779296875
1569,2255,4,0.37683557199616846,326.70001220703125
1569,1910,5,0.39090855150820886,439.29998779296875
1570,366,1,0.48339371887716354,651.0999755859375
1570,1291,2,0.5041566976743332,116.30000305175781
1570,181,3,0.507129060676053,1674.300048828125
1570,2208,4,0.5281217680661667,1830.699951171875
1570,1159,5,0.5532373450363789,4756.2001953125
1571,1290,1,0.48500645405759,458.20001220703125
1571,1279,2,0.48759401595217394,508.70001220703125
1571,1547,3,0.595137184645388,97.30000305175781
1571,1331,4,0.6083456064124217,378.5
1571,2117,5,0.6110273348251692,1059.5
1572,1249,1,0.2324396595309631,2991.60009765625
1572,1615,2,0.27534758216672905,2498.800048828125
1572,2048,3,0.2860064070777201,779.2000122070312
1572,1232,4,0.29799665344925547,3215.800048828125
1572,1603,5,0.30742343444345444,2488.89990234375
1573,1614,1,0.2804714314990619,2591.89990234375
1573,444,2,0.2809362551752247,637.5
1573,1423,3,0.3176042756183632,814.4000244140625
1573,1551,4,0.3238297112777281,181.6999969482422
1573,1012,5,0.3263676991217389,1177.5999755859375
1574,1878,1,0.30295765724255713,483.79998779296875
1574,1550,2,0.33899736916046247,184.1999969482422
1574,1711,3,0.3432818167298095,671.4000244140625
1574,1108,4,0.3702092360469906,351.6000061035156
1574,1002,5,0.3753079046164172,208.3000030517578
1575,1198,1,0.21583871396256865,680.2000122070312
1575,2164,2,0.2188644073020919,721.4000244140625
1575,986,3,0.21889462851990585,718.7999877929688
1575,1525,4,0.22642494327402626,961.4000244140625
1575,1707,5,0.22931185435322596,885.0999755859375
1577,1009,1,0.10936168215947574,1429.5999755859375
1577,2167,2,0.14723768691088784,659.0999755859375
1577,1876,3,0.15662166918389456,1492.5
1577,1553,4,0.1581070210769839,780.4000244140625
1577,3005,5,0.16381648263608603,873.2999877929688
1578,1846,1,0.21188686973402665,685.0999755859375
1578,1112,2,0.22491766803399615,613.0999755859375
1578,1207,3,0.23382091731846572,625.5
1578,2045,4,0.23637470918943254,621.5
1578,1883,5,0.24374527134933982,1484.4000244140625
1579,181,1,0.5078371622654437,1903.699951171875
1579,2046,2,0.6019625541409631,416.20001220703125
1579,1717,3,0.6163217104823041,1010.7999877929688
1579,1676,4,0.6455786891743905,2453.60009765625
1579,1786,5,0.6498937717457135,243.89999389648438
1580,2139,1,0.19456882269253195,217.89999389648438
1580,1593,2,0.21702891073582675,219.8000030517578
1580,1907,3,0.30770494668238585,1628.5999755859375
1580,1591,4,0.31122056062045783,172.39999389648438
1580,377,5,0.3354724658597316,1290.5999755859375
1581,1903,1,0.20291682221139415,1635.4000244140625
1581,2618,2,0.22169166340568583,866.5
1581,1419,3,0.2582835837906312,873.5
1581,295,4,0.25849488570385165,1026.699951171875
1581,833,5,0.27312627229542563,1738.4000244140625
1582,2128,1,0.22933638531547648,301.3999938964844
1582,900,2,0.267382946221225,947.2999877929688
1582,1771,3,0.29127575252263693,495.1000061035156
1582,2175,4,0.3177264235570453,763.4000244140625
1582,2618,5,0.32433858246372727,823.0999755859375
1583,271,1,0.26874184476678376,1199.699951171875
1583,2179,2,0.2712436125374434,798.0999755859375
1583,1127,3,0.2966291869070266,784.4000244140625
1583,1708,4,0.3079551984142864,1009.7999877929688
1583,2073,5,0.3107070222634177,1054.9000244140625
1584,2139,1,0.7384032434448226,268.79998779296875
1584,914,2,0.7484931414343052,1244.0999755859375
1584,209,3,0.7556088770211573,1237.199951171875
1584,1309,4,0.7853511798797822,844.2999877929688
1584,2125,5,0.7855822817104158,412.8999938964844
1585,1281,1,0.3407506977735971,1084.699951171875
1585,553,2,0.4024065259751198,3509.10009765625
1585,1067,3,0.4166642285278413,453.29998779296875
1585,1002,4,0.42832607625943775,714.5999755859375
1585,1301,5,0.42974282967497507,1108.5
1586,892,1,0.1977177761572203,1096.199951171875
1586,1863,2,0.20493584260120556,735.0999755859375
1586,2006,3,0.20518013638212623,2101.199951171875
1586,1668,4,0.21853673294012316,1741.9000244140625
1586,988,5,0.22153106771562373,792.7000122070312
1587,705,1,0.2500566067811243,4574.39990234375
1587,1308,2,0.2619372305886359,873.5
1587,1903,3,0.2625052389027836,1615.300048828125
1587,2113,4,0.26420822585100734,92.5999984741211
1587,1019,5,0.2673208197527127,1303.699951171875
1588,2322,1,0.3578749317404272,585.7999877929688
1588,2059,2,0.38133066790803644,534.2999877929688
1588,240,3,0.39585884856214715,1539.0999755859375
1588,3012,4,0.40886196781697826,2135.89990234375
1588,1628,5,0.4541893365011409,3322.300048828125
1589,212,1,0.3524965333703669,653.2999877929688
1589,1997,2,0.3683983135565551,1763.300048828125
1589,1862,3,0.36950826875245546,715.9000244140625
1589,2120,4,0.39065928663110455,271.0
1589,1203,5,0.40037314443755095,512.0
1590,2132,1,0.38105889870896753,278.1000061035156
1590,2126,2,0.42576049103286995,300.8999938964844
1590,2139,3,0.4588243665641323,368.79998779296875
1590,1200,4,0.49727371827534933,606.7000122070312
1590,1725,5,0.5008708773712649,849.5999755859375
1591,1556,1,0.2163367892240815,1123.800048828125
1591,1420,2,0.2682664729685385,997.7999877929688
1591,1769,3,0.29321098893654524,87.69999694824219
1591,1725,4,0.2976802809509024,960.2000122070312
1591,1921,5,0.30362304938362106,1447.5999755859375
1592,1112,1,0.18419091167009888,780.5999755859375
1592,1577,2,0.20744517403404236,202.0
1592,1846,3,0.21459168256517194,852.5
1592,1880,4,0.2178258443256489,1692.0
1592,1553,5,0.2241469670742028,947.2000122070312
1593,1580,1,0.21702891073582675,219.8000030517578
1593,1775,2,0.285008894095585,493.29998779296875
1593,2139,3,0.29456808107873744,255.6999969482422
1593,1907,4,0.3153033564211099,1613.5999755859375
1593,1591,5,0.31795344151677457,326.0
1594,2171,1,0.4874694893685172,681.5999755859375
1594,1310,2,0.514157024182099,850.5
1594,1719,3,0.5166720617834119,755.0
1594,544,4,0.5218948146890132,3757.800048828125
1594,1002,5,0.5226271747580136,807.0
1595,1125,1,0.1734767904766998,793.0
1595,1554,2,0.22131113888474263,1058.0
1595,2105,3,0.282376010970857,344.79998779296875
1595,1536,4,0.2874236648105487,935.5999755859375
1595,2179,5,0.29233602766890937,819.9000244140625
1596,2305,1,0.6629237964120545,2340.39990234375
1596,58,2,0.7120219572602351,1855.800048828125
1596,696,3,0.7214737133391431,4776.7001953125
1596,1730,4,0.7299205646497977,932.7000122070312
1596,282,5,0.7544494087269241,1419.0999755859375
1597,1979,1,0.12291426657026353,1606.199951171875
1597,2190,2,0.129782961872966,1273.300048828125
1597,1971,3,0.1448973738435776,1593.0
1597,354,4,0.15815665419854122,2497.39990234375
1597,727,5,0.1671056686540857,1953.5999755859375
1598,1977,1,0.14157847911266902,1626.199951171875
1598,2275,2,0.1728502502565004,1594.5999755859375
1598,2251,3,0.18800505118337763,2580.199951171875
1598,2887,4,0.18952839523610346,2858.60009765625
1598,1007,5,0.1949934352054606,3223.89990234375
1599,2280,1,0.16407643155994867,1688.199951171875
1599,422,2,0.17036223192796096,2183.39990234375
1599,1236,3,0.20195798212908958,344.0
1599,1229,4,0.22503130375630376,331.3999938964844
1599,1707,5,0.2260105827208974,3549.89990234375
1600,1764,1,0.16518986623292722,3916.199951171875
1600,757,2,0.16609525468029002,1934.300048828125
1600,2033,3,0.17318806702558176,1566.5
1600,1783,4,0.19269178817876229,3916.199951171875
1600,12,5,0.22186642507696736,453.20001220703125
1601,2378,1,0.26725454627278983,3815.10009765625
1601,2375,2,0.2736978938855901,3821.0
1601,2369,3,0.2839923432464755,3821.89990234375
1601,2379,4,0.2850672895019658,3815.5
1601,2426,5,0.2863025407038328,3819.199951171875
1602,1254,1,0.35727060781436176,824.9000244140625
1602,1241,2,0.5276430165059319,688.2000122070312
1602,1237,3,0.5579295357173911,673.7999877929688
1602,1249,4,0.5665342086091122,621.9000244140625
1602,1228,5,0.5719633465461706,831.9000244140625
1603,1051,1,0.20809200976675785,2521.0
1603,511,2,0.2249665461671014,347.1000061035156
1603,1246,3,0.2606205958202245,734.7000122070312
1603,510,4,0.2615544144039533,624.9000244140625
1603,2809,5,0.2645362680707262,1562.9000244140625
1604,511,1,0.18909389369292098,523.7999877929688
1604,1109,2,0.2353896415356001,3126.39990234375
1604,1167,3,0.2473807360644827,1548.9000244140625
1604,512,4,0.25947527802167497,535.5999755859375
1604,2167,5,0.26564897975241303,3459.199951171875
1605,534,1,0.31849649908976907,486.0
1605,901,2,0.3214986414465776,3009.300048828125
1605,1340,3,0.3228180700763109,966.5999755859375
1605,1320,4,0.3378958688081814,2434.0
1605,2212,5,0.3520141649140662,815.7999877929688
1606,1614,1,0.36593357505674345,71.69999694824219
1606,495,2,0.39863575706867826,2553.5
1606,1573,3,0.41521471105156993,2583.199951171875
1606,1561,4,0.4161442574431276,2680.10009765625
1606,298,5,0.4196158128202284,2721.300048828125
1607,719,1,0.3105482916720603,1468.800048828125
1607,2197,2,0.33800284246657325,870.0999755859375
1607,569,3,0.3434446558119515,677.5
1607,568,4,0.3509617074977961,209.89999389648438
1607,1635,5,0.38869751046392276,688.9000244140625
1608,561,1,0.30039570925889003,273.8999938964844
1608,1158,2,0.305404570587024,1326.0
1608,2276,3,0.30873317550249957,1704.5999755859375
1608,1639,4,0.31164031224305355,618.0
1608,1885,5,0.31375840931554005,2558.60009765625
1609,55,1,0.3036314693826182,1718.300048828125
1609,498,2,0.30680283949873605,2415.199951171875
1609,1603,3,0.3103960596047792,241.3000030517578
1609,1246,4,0.3104186905032872,802.7999877929688
1609,2885,5,0.3133758838825452,1914.5999755859375
1610,1293,1,0.33481746005653656,2228.10009765625
1610,2315,2,0.3460852125961107,1538.199951171875
1610,1168,3,0.40148577220872755,1455.0
1610,382,4,0.4047199388185115,2117.5
1610,1658,5,0.4147044889991583,517.2000122070312
1611,2295,1,0.18997632517349305,1770.0
1611,540,2,0.210512887736149,545.0999755859375
1611,2310,3,0.2165461292358284,1676.4000244140625
1611,760,4,0.21973768627052181,1825.0999755859375
1611,2034,5,0.2223844587939732,1394.4000244140625
1612,2042,1,0.2538928101034985,1703.5
1612,1535,2,0.2544850919119995,3032.5
1612,14,3,0.2627137469901654,593.2999877929688
1612,216,4,0.2632110649298577,3732.39990234375
1612,2039,5,0.2947418858752484,1417.699951171875
1613,1622,1,0.27298274376042797,376.29998779296875
1613,1727,2,0.34518000889681494,3341.0
1613,922,3,0.39594716164258054,3407.300048828125
1613,1626,4,0.4120490659734975,149.6999969482422
1613,305,5,0.4350677487038812,2860.10009765625
1614,1573,1,0.2804714314990619,2591.89990234375
1614,516,2,0.3299691942122558,190.8000030517578
1614,715,3,0.33282971503550723,1262.5
1614,2050,4,0.3443557621297859,3556.5
1614,561,5,0.3453571934305203,413.5
1615,1230,1,0.25849397843672095,560.7999877929688
1615,1572,2,0.27534758216672905,2498.800048828125
1615,927,3,0.27594032404980706,3282.800048828125
1615,3005,4,0.286900409894726,2565.60009765625
1615,1246,5,0.2937545196154408,744.0999755859375
1616,701,1,0.27206540628055265,1460.199951171875
1616,692,2,0.2984075073407943,1525.4000244140625
1616,1251,3,0.301304653465245,922.2999877929688
1616,1714,4,0.31514844574904904,3088.60009765625
1616,1137,5,0.3165376544720722,2015.800048828125
1617,1041,1,0.49575527615248166,3001.199951171875
1617,1217,2,0.5179654039125788,3283.39990234375
1617,692,3,0.5408470485518008,1626.300048828125
1617,1872,4,0.543232706374634,2731.699951171875
1617,294,5,0.5510225561849701,2645.699951171875
1618,2264,1,0.280838401431518,2726.300048828125
1618,1564,2,0.3297032638710512,2884.699951171875
1618,1530,3,0.33418184462578837,2971.0
1618,569,4,0.35442399469993136,318.0
1618,1308,5,0.35755052175773616,2863.39990234375
1619,901,1,0.3528552487399742,3459.10009765625
1619,1158,2,0.353214228844258,1247.699951171875
1619,913,3,0.3568842776868823,3125.800048828125
1619,1587,4,0.3582463423964002,3646.60009765625
1619,570,5,0.3621599395435109,588.0
1620,2408,1,0.21599336758532578,3803.10009765625
1620,2431,2,0.2583446185638897,3787.39990234375
1620,2391,3,0.25885541258567035,3799.5
1620,354,4,0.26075768604052474,2497.39990234375
1620,1150,5,0.2611689454458715,1825.800048828125
1621,2295,1,0.2531399722534952,1752.800048828125
1621,540,2,0.25555010627046243,403.8999938964844
1621,1611,3,0.2605639218804025,141.8000030517578
1621,529,4,0.26139226164989293,95.0999984741211
1621,559,5,0.2673303380003766,239.1999969482422
1622,1613,1,0.27298274376042797,376.29998779296875
1622,1727,2,0.37438417435318355,3168.5
1622,1626,3,0.3752613074405249,229.39999389648438
1622,922,4,0.4114155459305048,3234.800048828125
1622,565,5,0.4145446941310284,714.9000244140625
1623,1782,1,0.39591034016696913,4055.89990234375
1623,1628,2,0.41328697140297266,604.5999755859375
1623,1168,3,0.45075199336370564,1409.199951171875
1623,902,4,0.47917397342848705,3419.800048828125
1623,1143,5,0.47948051502717337,1835.800048828125
1624,1625,1,0.2946554538593466,583.5
1624,1268,2,0.29694547425520207,1848.4000244140625
1624,2042,3,0.307750165723512,1223.5
1624,1285,4,0.31359258213009517,1802.300048828125
1624,738,5,0.3159120958530433,1613.0
1625,543,1,0.20862323059556764,339.79998779296875
1625,1285,2,0.2549364537715026,2375.39990234375
1625,1137,3,0.2595570040465362,1488.5
1625,1414,4,0.2639264301570081,3385.800048828125
1625,769,5,0.28079247528984536,2407.0
1626,570,1,0.3741823080104538,671.7999877929688
1626,1622,2,0.3752613074405249,229.39999389648438
1626,765,3,0.39367508004567897,1940.800048828125
1626,1689,4,0.3975535554281423,2093.5
1626,1727,5,0.399099233395976,3199.199951171875
1627,1629,1,0.29360783756924314,614.5999755859375
1627,1004,2,0.3092110806317432,2606.5
1627,568,3,0.3254773652216937,438.8999938964844
1627,538,4,0.3381113072113232,787.2999877929688
1627,2618,5,0.3477690392980375,2311.10009765625
1628,1557,1,0.3284488905796597,2556.0
1628,1657,2,0.3607558973262583,361.3999938964844
1628,770,3,0.38395720725707666,1793.4000244140625
1628,1782,4,0.3963642647043703,3460.699951171875
1628,2322,5,0.4021957493754716,2764.60009765625
1629,2301,1,0.22249088532422223,1916.199951171875
1629,1158,2,0.2409598591251169,1350.699951171875
1629,1004,3,0.26854440977206023,3170.60009765625
1629,568,4,0.2839893215227576,379.79998779296875
1629,913,5,0.2856883800698479,3171.39990234375
1630,1631,1,0.36700753359891225,366.6000061035156
1630,273,2,0.3759285925597735,2327.10009765625
1630,2198,3,0.38650302124306285,675.5999755859375
1630,929,4,0.42223160364713186,3079.699951171875
1630,1637,5,0.42841327610449076,508.5
1631,1948,1,0.22332171919889138,2726.0
1631,2198,2,0.28185492973323056,937.0
1631,715,3,0.2885735785154574,1102.300048828125
1631,1983,4,0.29377380401249936,1930.4000244140625
1631,1769,5,0.2986222379542202,3761.5
1632,25,1,0.16065166563984493,1420.4000244140625
1632,1224,2,0.1778703359244698,897.7999877929688
1632,2281,3,0.1815676851586397,1199.699951171875
1632,504,4,0.18190959508467835,867.2999877929688
1632,2275,5,0.18643995059622853,917.2000122070312
1633,453,1,0.40071235106484915,1581.0999755859375
1633,49,2,0.42301433114165016,1453.0
1633,1641,3,0.4385555566674865,85.0999984741211
1633,377,4,0.44299677814659055,1960.699951171875
1633,2198,5,0.4452806858185167,454.8999938964844
1634,1228,1,0.39009286892521006,1247.9000244140625
1634,1572,2,0.4844283508464721,2222.199951171875
1634,1249,3,0.4904861147891107,1037.9000244140625
1634,1063,4,0.5118269858135083,2621.800048828125
1634,1232,5,0.5146358247625924,1262.0999755859375
1635,719,1,0.35459046636414915,2043.9000244140625
1635,1607,2,0.38869751046392276,688.9000244140625
1635,701,3,0.41818101520301787,1927.5
1635,386,4,0.42618565166296524,1693.5999755859375
1635,1657,5,0.4637164168611485,211.39999389648438
1636,276,1,0.4063385494333418,1981.5
1636,1351,2,0.433178102017438,950.9000244140625
1636,68,3,0.44610972128137355,1460.300048828125
1636,2317,4,0.46663679847038436,1159.699951171875
1636,1645,5,0.4749015393926611,203.39999389648438
1637,1646,1,0.34739867231655136,200.6999969482422
1637,377,2,0.35903592243557764,1960.5
1637,1648,3,0.3618820796675564,331.70001220703125
1637,1746,4,0.3726001938597056,2161.5
1637,1631,5,0.3780293020160022,769.9000244140625
1638,1651,1,0.43129370354060936,269.0
1638,2195,2,0.4825025549297984,213.39999389648438
1638,1658,3,0.48866360965860817,185.5
1638,742,4,0.558556086117893,1318.300048828125
1638,1901,5,0.5906805360265269,1769.300048828125
1639,704,1,0.25529165913755886,1565.300048828125
1639,2301,2,0.2892578898629312,1257.0999755859375
1639,1629,3,0.29649556335230637,665.4000244140625
1639,1663,4,0.30247605637112074,123.19999694824219
1639,2299,5,0.3076421945990845,1255.699951171875
1640,550,1,0.24269190622083314,980.2000122070312
1640,1296,2,0.2671895834479703,1978.300048828125
1640,2201,3,0.2730558207696692,399.0
1640,548,4,0.29412882163462273,1060.4000244140625
1640,1274,5,0.3299683166281357,1667.300048828125
1641,1700,1,0.30153470948894956,1556.5
1641,1304,2,0.32774501027478464,2379.60009765625
1641,743,3,0.3433634206009357,1445.5999755859375
1641,1111,4,0.36191540998296984,2532.60009765625
1641,899,5,0.3796281997091404,2170.5
1642,555,1,0.34372457014464786,1275.800048828125
1642,1663,2,0.3631971052473322,336.6000061035156
1642,1530,3,0.4273696961461926,1994.800048828125
1642,484,4,0.4285471833262031,1849.0
1642,2197,5,0.4618926302563243,273.1000061035156
1643,236,1,0.26206438647195446,2290.39990234375
1643,2155,2,0.3593172364383843,1413.199951171875
1643,1988,3,0.36495666412935757,1256.300048828125
1643,1992,4,0.37168321612150923,1002.2000122070312
1643,1976,5,0.39648360729207494,866.5
1644,2304,1,0.20189509827837313,857.4000244140625
1644,32,2,0.27395115923208013,1327.199951171875
1644,2041,3,0.27463756612269974,731.5
1644,1697,4,0.2807988242594168,1645.0999755859375
1644,239,5,0.29204039390633774,2387.300048828125
1645,744,1,0.3312490127491632,1362.4000244140625
1645,1356,2,0.34168049838894865,728.2000122070312
1645,2035,3,0.35007273514715603,636.0999755859375
1645,2028,4,0.35727585802368367,1138.199951171875
1645,2317,5,0.36390920661744897,996.5999755859375
1646,1048,1,0.3008545286911404,2594.300048828125
1646,1637,2,0.34739867231655136,200.6999969482422
1646,1631,3,0.3515545973291144,571.4000244140625
1646,1640,4,0.35158351735570076,229.10000610351562
1646,2163,5,0.3658984099380122,901.2999877929688
1647,2197,1,0.27037952837508483,299.0
1647,704,2,0.280254199091624,1852.5
1647,1158,3,0.31481685075765736,2153.5
1647,714,4,0.32595067966503444,1751.800048828125
1647,1137,5,0.32696123500208873,2409.89990234375
1648,1631,1,0.3472385385538976,440.8999938964844
1648,1637,2,0.3618820796675564,331.70001220703125
1648,377,3,0.3693826637066942,2048.800048828125
1648,279,4,0.3922954018066556,2008.199951171875
1648,924,5,0.39686702402355306,3130.10009765625
1649,2302,1,0.4121342085464127,1401.5
1649,1661,2,0.43611161494670486,285.3999938964844
1649,2305,3,0.47539673692270173,1067.9000244140625
1649,272,4,0.4814202910032292,2051.0
1649,2292,5,0.4895321307348614,1102.800048828125
1650,9,1,0.7443787223890818,3294.0
1650,1891,2,0.9203018555850521,1843.5999755859375
1650,903,3,0.9705222266684247,2305.199951171875
1650,1690,4,0.9997472966728846,1861.0
1650,1686,5,1.0149070100930728,1587.5999755859375
1651,1638,1,0.43129370354060936,269.0
1651,47,2,0.44568360400090756,1441.0
1651,1425,3,0.4867865531465473,2788.300048828125
1651,1887,4,0.5194628823816705,2002.9000244140625
1651,2201,5,0.5474408485812021,537.4000244140625
1652,49,1,0.4261092450113954,1436.0
1652,1174,2,0.4486423023652828,2580.199951171875
1652,899,3,0.45376341093095035,2138.5
1652,450,4,0.45578359406678165,1596.9000244140625
1652,357,5,0.47800869374090155,1576.5999755859375
1653,1664,1,0.34502918248750114,118.5
1653,564,2,0.3463074658048024,845.5
1653,1639,3,0.36015831242354207,171.60000610351562
1653,284,4,0.3626269382206534,2003.0
1653,1056,5,0.36389904524459266,2556.199951171875
1654,1568,1,0.4752205772056936,2250.60009765625
1654,1353,2,0.5379054102586578,425.0
1654,578,3,0.5650153181275396,3853.199951171875
1654,54,4,0.6002901358600314,1345.5999755859375
1654,1638,5,0.7299807479149876,73.5
1655,743,1,0.24173250576526173,1547.699951171875
1655,993,2,0.2507663690921795,2472.199951171875
1655,1053,3,0.2686019841133476,2816.199951171875
1655,1535,4,0.2731073642721592,2523.10009765625
1655,723,5,0.27441853125364424,1669.0999755859375
1656,564,1,0.2409656616667815,864.0999755859375
1656,381,2,0.2781246211583047,1678.9000244140625
1656,2155,3,0.3183002711648337,1455.0999755859375
1656,273,4,0.31866352644381607,2049.10009765625
1656,1193,5,0.31910349177829145,3300.10009765625
1657,770,1,0.34439902257127425,1692.300048828125
1657,1628,2,0.3607558973262583,361.3999938964844
1657,386,3,0.37987964010953523,1827.9000244140625
1657,1777,4,0.3942333302795178,3373.60009765625
1657,425,5,0.3951766038724647,1741.800048828125
1658,1996,1,0.33858772641259993,1132.9000244140625
1658,382,2,0.36374412235806625,1693.9000244140625
1658,2287,3,0.3772159821737872,1221.0
1658,1901,4,0.3847920773338651,1925.199951171875
1658,2296,5,0.3875170526898088,1200.300048828125
1659,2034,1,0.25266083835257597,808.0999755859375
1659,1137,2,0.2544062397256169,2416.60009765625
1659,1611,3,0.26030283230633633,862.5999755859375
1659,2301,4,0.27817065516770145,1233.199951171875
1659,1930,5,0.28329206195021883,2320.0
1660,701,1,0.43136623937238217,2008.9000244140625
1660,1348,2,0.45114452033393826,510.3999938964844
1660,1616,3,0.45866364475296934,686.0999755859375
1660,1627,4,0.475631261406612,499.0
1660,1614,5,0.4954925208868442,862.2999877929688
1661,391,1,0.3518099154932515,1462.800048828125
1661,357,2,0.359497636133519,1419.699951171875
1661,33,3,0.3647296754519166,1141.5
1661,1647,4,0.3736725584221268,74.30000305175781
1661,1175,5,0.37755562976880985,2658.699951171875
1662,1300,1,0.3265103424371744,1810.800048828125
1662,1547,2,0.3543983507896299,1979.800048828125
1662,1279,3,0.4129310520127278,1968.5
1662,1621,4,0.41933133084982066,1080.4000244140625
1662,2213,5,0.4215556575974961,365.3999938964844
1663,723,1,0.2642305534007966,1554.699951171875
1663,2301,2,0.2859426877094555,1315.9000244140625
1663,1530,3,0.297086096110386,2328.300048828125
1663,1639,4,0.30247605637112074,123.19999694824219
1663,1703,5,0.3299788140738577,1907.9000244140625
1664,1653,1,0.34502918248750114,118.5
1664,1056,2,0.3582644595533249,2508.0
1664,1546,3,0.38202482448035985,2349.300048828125
1664,1535,4,0.3868957270720608,2400.0
1664,2154,5,0.3879938420313864,886.2000122070312
1665,504,1,0.14369956694679636,2467.10009765625
1665,25,2,0.16083337316515142,572.7999877929688
1665,2144,3,0.16388516269652448,2493.699951171875
1665,1258,4,0.16566695539843748,1017.9000244140625
1665,1107,5,0.16610659532546532,1321.4000244140625
1666,274,1,0.22551969259191634,521.9000244140625
1666,735,2,0.2972839725497028,490.79998779296875
1666,365,3,0.31469003196216605,494.29998779296875
1666,2262,4,0.32478244020962044,494.3999938964844
1666,378,5,0.32859541010253407,421.70001220703125
1667,1553,1,0.18080347841088013,842.4000244140625
1667,1880,2,0.20168161578417762,24.299999237060547
1667,2074,3,0.20244217196644418,920.0
1667,1863,4,0.22151934239293955,1004.5999755859375
1667,2252,5,0.22404044634289416,255.6999969482422
1668,988,1,0.1258686893059296,1009.2999877929688
1668,1107,2,0.15571633670682208,1073.699951171875
1668,1707,3,0.15610201265969864,1290.5
1668,2044,4,0.15917823119961452,1592.199951171875
1668,375,5,0.16346333998239926,541.0
1669,1676,1,0.41997944799509757,146.89999389648438
1669,1692,2,0.5191698418542752,46.5
1669,1529,3,0.5272549969386027,1452.5999755859375
1669,1981,4,0.5282478612115014,886.7000122070312
1669,1878,5,0.5358986631953254,843.4000244140625
1670,1671,1,0.23848172309693624,23.0
1670,1759,2,0.2819907935494946,1119.199951171875
1670,1708,3,0.3002172026302352,1593.800048828125
1670,308,4,0.31324424830107234,1019.7999877929688
1670,2062,5,0.31581073838627577,1942.4000244140625
1671,1670,1,0.23848172309693624,23.0
1671,1752,2,0.29717834473746024,1076.699951171875
1671,1708,3,0.37487080145951746,1612.199951171875
1671,668,4,0.3782043595504027,2639.10009765625
1671,1719,5,0.390385890476901,1783.9000244140625
1672,741,1,0.1882791360575349,1059.9000244140625
1672,1673,2,0.20604443519035526,15.399999618530273
1672,1990,3,0.22357185096758608,1000.2000122070312
1672,2010,4,0.22832323918037678,1101.699951171875
1672,1999,5,0.248757856282113,839.5999755859375
1673,1999,1,0.17690969861988015,832.2000122070312
1673,1990,2,0.20127478445560623,992.9000244140625
1673,2010,3,0.2042231027562144,1094.300048828125
1673,1672,4,0.20604443519035526,15.399999618530273
1673,1407,5,0.2148109423285785,2257.199951171875
1674,754,1,0.2909837694098616,779.4000244140625
1674,1675,2,0.30482445783901635,244.60000610351562
1674,2012,3,0.3348866276886216,1277.0999755859375
1674,383,4,0.3388536761860433,628.0999755859375
1674,524,5,0.355113514042,2408.800048828125
1675,754,1,0.28777752560922637,726.7000122070312
1675,1674,2,0.30482445783901635,244.60000610351562
1675,2012,3,0.3059137305417861,1251.199951171875
1675,2333,4,0.31248957655869164,1279.5999755859375
1675,543,5,0.31592259911585135,2518.699951171875
1676,1669,1,0.41997944799509757,146.89999389648438
1676,1579,2,0.6455786891743905,2453.60009765625
1676,1529,3,0.6536726179836512,1562.9000244140625
1676,1686,4,0.6567111769862012,56.5
1676,1111,5,0.6588199325584408,1749.199951171875
1678,565,1,0.3846382165464358,2131.0
1678,829,2,0.3957271424869834,1986.199951171875
1678,1648,3,0.4012118973165687,1493.300048828125
1678,2198,4,0.40370851195862417,953.9000244140625
1678,1774,5,0.40459793906819114,2376.60009765625
1679,1700,1,0.1929618865439476,186.0
1679,899,2,0.3173758996106615,1566.699951171875
1679,1111,3,0.32914179440668023,1474.300048828125
1679,920,4,0.33023330197689305,1418.0999755859375
1679,1756,5,0.3329981352973133,924.0999755859375
1680,1718,1,0.4945287648241258,1335.0
1680,1901,2,0.5215032703432322,411.20001220703125
1680,296,3,0.560154692881539,838.7000122070312
1680,428,4,0.5690469323387691,505.79998779296875
1680,519,5,0.5856488068047664,2041.800048828125
1681,365,1,0.38982692959564136,483.20001220703125
1681,1580,2,0.4206685503826085,1654.9000244140625
1681,184,3,0.42156541334559827,1560.800048828125
1681,1722,4,0.4394086630166415,1261.4000244140625
1681,2262,5,0.4567230826991579,426.0
1682,1270,1,0.34728677200536884,791.2999877929688
1682,281,2,0.49703661282641004,997.5999755859375
1682,1975,3,0.539719808934197,912.4000244140625
1682,1120,4,0.5465015946471679,1486.800048828125
1682,1352,5,0.5980045652298787,753.2000122070312
1683,735,1,0.30332598194338706,531.7000122070312
1683,387,2,0.30494122546044927,197.60000610351562
1683,41,3,0.3541873180976071,171.39999389648438
1683,685,4,0.3653453664476452,3025.699951171875
1683,1666,5,0.3893802762328739,98.0999984741211
1685,1694,1,0.26229679285129265,260.8999938964844
1685,1939,2,0.30761866793116466,634.7999877929688
1685,1543,3,0.34168800242691455,770.9000244140625
1685,566,4,0.351317610341021,2654.0
1685,1670,5,0.3620423353325138,445.20001220703125
1686,304,1,0.5629114061557987,1313.9000244140625
1686,1570,2,0.5648959102064415,1388.800048828125
1686,1129,3,0.5980347570001009,1740.699951171875
1686,1676,4,0.6567111769862012,56.5
1686,370,5,0.7111444852831527,1112.4000244140625
1687,1544,1,0.31169718465741003,982.4000244140625
1687,925,2,0.34854701665690824,1490.9000244140625
1687,1710,3,0.3631542271821076,1529.199951171875
1687,1646,4,0.42017768226002783,1934.800048828125
1687,1637,5,0.4243670995537523,1812.699951171875
1688,2179,1,0.33835894770869085,1814.199951171875
1688,1125,2,0.35038781039357214,1768.9000244140625
1688,360,3,0.35598034956072405,1029.4000244140625
1688,817,4,0.35687732236041675,2217.39990234375
1688,271,5,0.36078966669603135,1335.9000244140625
1689,1927,1,0.1723379880268835,540.0999755859375
1689,1703,2,0.2556351672913267,146.1999969482422
1689,1420,3,0.2759431829839067,1214.9000244140625
1689,1691,4,0.27947673705183745,116.5999984741211
1689,1941,5,0.3058030468973635,424.20001220703125
1690,1891,1,0.3922896100138338,267.79998779296875
1690,1898,2,0.6470358657813579,218.6999969482422
1690,925,3,0.6549800294996562,1377.9000244140625
1690,181,4,0.660967834966366,1391.199951171875
1690,1754,5,0.6678724108496028,517.5
1691,1927,1,0.2471622535208712,551.5
1691,1689,2,0.27947673705183745,116.5999984741211
1691,1032,3,0.3201673777112983,1001.0
1691,566,4,0.3245556873080687,2544.10009765625
1691,1548,5,0.32894781393299455,879.0
1692,1776,1,0.27212163976789827,2270.0
1692,1529,2,0.3691485375135238,1490.0
1692,1534,3,0.39283689134912353,1355.0
1692,1878,4,0.39355420580237116,880.9000244140625
1692,2180,5,0.41264001161935554,1750.9000244140625
1693,1944,1,0.27597088047049056,854.5
1693,298,2,0.30316499755083276,853.7000122070312
1693,571,3,0.30621842660708026,2570.699951171875
1693,1261,4,0.3100712907870316,981.0999755859375
1693,521,5,0.31678142231422757,2396.10009765625
1694,1685,1,0.26229679285129265,260.8999938964844
1694,1543,2,0.3778025695130442,965.5
1694,1926,3,0.3963945048824305,998.0
1694,1939,4,0.42237610266698306,877.0
1694,2081,5,0.4426902023070332,1184.0
1696,2296,1,0.2754804210813737,773.7999877929688
1696,1422,2,0.31278496211998535,1100.5
1696,1414,3,0.3180809313926316,1125.5999755859375
1696,1413,4,0.33857635728876617,1029.0999755859375
1696,1530,5,0.36072770215992733,849.2999877929688
1697,1644,1,0.2807988242594168,1645.0999755859375
1697,2315,2,0.3033333713278466,640.9000244140625
1697,70,3,0.34832626225023977,471.1000061035156
1697,2304,4,0.3497893635086385,793.5999755859375
1697,1663,5,0.3540004228443677,1813.5999755859375
1698,1784,1,0.2920228998932423,1814.699951171875
1698,2269,2,0.3899951616213831,475.0
1698,546,3,0.40918383932766855,2583.0
1698,293,4,0.46922091266920407,846.7000122070312
1698,1931,5,0.4962521476668098,727.7000122070312
1699,2269,1,0.453600211061461,664.0999755859375
1699,1925,2,0.4546472556244251,670.4000244140625
1699,1062,3,0.49197356514020224,1514.5999755859375
1699,1698,4,0.5000414304009224,193.1999969482422
1699,2332,5,0.5155375787927637,1564.4000244140625
1700,1679,1,0.1929618865439476,186.0
1700,899,2,0.24823953645810812,1515.0999755859375
1700,1111,3,0.2963910581965185,1443.800048828125
1700,1769,4,0.30151709522431186,2196.89990234375
1700,1641,5,0.30153470948894956,1556.5
1701,3,1,0.3782812053784268,2315.5
1701,2174,2,0.3830368732557884,1874.4000244140625
1701,2073,3,0.38366048002446007,1605.199951171875
1701,734,4,0.3989917895037564,1271.199951171875
1701,1951,5,0.4063027749782067,1152.9000244140625
1702,1722,1,0.37464567625883244,1238.699951171875
1702,563,2,0.48241132296640526,2508.800048828125
1702,1710,3,0.48493769850758467,1312.5
1702,1732,4,0.489719103273374,1347.5999755859375
1702,1556,5,0.5029176055160449,659.2999877929688
1703,723,1,0.21512532015481658,3283.89990234375
1703,1948,2,0.23649492598245955,673.0999755859375
1703,1689,3,0.2556351672913267,146.1999969482422
1703,1420,4,0.27478013716488014,1268.0
1703,668,5,0.2842148825328854,2946.10009765625
1704,1673,1,0.2940914505183332,482.8999938964844
1704,2882,2,0.30864033783660216,2542.699951171875
1704,2879,3,0.3144331724331561,2441.5
1704,892,4,0.31475965338586115,1359.699951171875
1704,2245,5,0.31667291778443396,2387.89990234375
1705,1895,1,0.30313735190374025,429.29998779296875
1705,1756,2,0.32404783648329194,890.0
1705,1747,3,0.3357806012792145,975.0999755859375
1705,899,4,0.36971744871055,1450.4000244140625
1705,2270,5,0.37455116484281104,821.2000122070312
1706,1756,1,0.3542579677486543,739.7000122070312
1706,565,2,0.376330630791075,2289.5
1706,496,3,0.38675916184399967,658.4000244140625
1706,2270,4,0.3891108058399207,670.9000244140625
1706,836,5,0.3994997820802755,1659.4000244140625
1707,2044,1,0.1496665258373566,383.20001220703125
1707,679,2,0.14973355749213532,4294.60009765625
1707,1303,3,0.1554020279140418,678.2999877929688
1707,1668,4,0.15610201265969864,1290.5
1707,986,5,0.1577899295330267,512.0999755859375
1708,2184,1,0.20658372595412866,268.70001220703125
1708,2077,2,0.23309748056741755,407.79998779296875
1708,1012,3,0.2332507355853619,650.5999755859375
1708,1413,4,0.24163247779113747,186.8000030517578
1708,1209,5,0.25999306054221083,280.1000061035156
1709,998,1,0.23142237798058174,442.3999938964844
1709,987,2,0.2442211544362399,462.0
1709,1112,3,0.26675632847684333,588.7000122070312
1709,2167,4,0.2669874967996398,180.0
1709,2070,5,0.2683122074165353,457.3999938964844
1710,1556,1,0.28310319375556264,818.4000244140625
1710,925,2,0.29943788158151874,1414.5999755859375
1710,687,3,0.35856844398442267,4211.5
1710,1024,4,0.360246999022464,897.4000244140625
1710,1687,5,0.3631542271821076,1529.199951171875
1711,1947,1,0.21653075402919647,818.0999755859375
1711,1542,2,0.3196042904692579,733.5
1711,1878,3,0.3306113085873843,904.5
1711,1938,4,0.33412381206320263,1077.0
1711,1574,5,0.3432818167298095,671.4000244140625
1712,2058,1,0.425704777419077,480.5
1712,572,2,0.42983543293062454,3386.39990234375
1712,1126,3,0.4751522855232428,818.2000122070312
1712,1902,4,0.49236213122600275,1225.9000244140625
1712,1869,5,0.5130025786199894,412.5
1714,1548,1,0.2098967409602992,602.2999877929688
1714,2080,2,0.2131291337552214,396.79998779296875
1714,1856,3,0.22884621431954308,352.8999938964844
1714,833,4,0.23187064745403793,999.5
1714,1030,5,0.24528661704396154,974.7999877929688
1715,566,1,0.2949438399996961,3731.89990234375
1715,2081,2,0.3036420266748433,403.6000061035156
1715,2094,3,0.3174520304342758,420.79998779296875
1715,1895,4,0.361085293209473,1152.0
1715,1939,5,0.36734661934658863,721.2000122070312
1717,1034,1,0.2815070602740556,749.7999877929688
1717,1534,2,0.3496799849434829,701.5
1717,836,3,0.34985519236494483,1262.300048828125
1717,565,4,0.3524003629845634,3543.60009765625
1717,1756,5,0.40563790259225924,754.4000244140625
1718,2112,1,0.4401071728502179,715.2999877929688
1718,1680,2,0.4945287648241258,1335.0
1718,2094,3,0.5444965580090599,329.5
1718,562,4,0.5449133143653443,3647.10009765625
1718,1286,5,0.5700924314398611,1389.0999755859375
1719,2183,1,0.2989476494238558,152.89999389648438
1719,2333,2,0.3432239139748164,591.9000244140625
1719,1912,3,0.3684268591383051,959.0
1719,1689,4,0.3717910398181518,1416.9000244140625
1719,668,5,0.37545884769753807,4068.5
1722,2132,1,0.32913724175962805,622.9000244140625
1722,1591,2,0.3370845881015374,965.2000122070312
1722,1556,3,0.3526531607738952,826.4000244140625
1722,1702,4,0.37464567625883244,1238.699951171875
1722,563,5,0.3781739299701834,3740.60009765625
1724,544,1,0.33244638587461756,3389.89990234375
1724,563,2,0.3727286684773933,3704.300048828125
1724,1591,3,0.37897309805082124,990.7000122070312
1724,566,4,0.3803781651021947,3709.89990234375
1724,1420,5,0.39820315072967294,127.30000305175781
1725,1556,1,0.2461625791584716,778.0
1725,1591,2,0.2976802809509024,960.2000122070312
1725,377,3,0.33447365209585195,1056.9000244140625
1725,1014,4,0.3590100100433999,1012.5999755859375
1725,1921,5,0.3594789252470947,849.7999877929688
1726,1600,1,0.31648852180992515,3478.699951171875
1726,986,2,0.33968734314570725,512.0999755859375
1726,1408,3,0.3553595085808424,998.0
1726,1527,4,0.35915665051633505,716.0
1726,2164,5,0.36344355146588264,172.3000030517578
1727,565,1,0.30872336717484633,3534.800048828125
1727,2270,2,0.31784341437085606,833.7000122070312
1727,1613,3,0.34518000889681494,3341.0
1727,1417,4,0.35641918624954705,174.1999969482422
1727,553,5,0.364176696462349,3406.199951171875
1728,2267,1,0.4258752737980788,1041.699951171875
1728,923,2,0.49085581623475577,1352.0
1728,293,3,0.4927599261629623,700.7999877929688
1728,2085,4,0.5041270437801718,381.29998779296875
1728,1737,5,0.509744734155383,565.0
1730,2305,1,0.45104493554460817,2018.199951171875
1730,1546,2,0.5022814344261437,729.4000244140625
1730,1768,3,0.5211973128441507,1014.0
1730,282,4,0.5226008997124854,1247.5
1730,2327,5,0.5326622189926858,689.2999877929688
1731,1894,1,0.3749188258993796,1176.0
1731,2180,2,0.38982118713622527,221.60000610351562
1731,1717,3,0.41466042835375033,151.3000030517578
1731,1701,4,0.4160613002030656,2051.39990234375
1731,1530,5,0.42745832245516097,812.5
1732,1722,1,0.4283144299460943,149.10000610351562
1732,1850,2,0.46042113162820153,355.5
1732,1702,3,0.489719103273374,1347.5999755859375
1732,1719,4,0.4907362004556338,85.80000305175781
1732,2185,5,0.5101346076236888,217.0
1733,2058,1,0.4373116527530415,452.29998779296875
1733,572,2,0.5416420738051431,3478.39990234375
1733,184,3,0.5710273242580101,1569.0999755859375
1733,1648,4,0.5783281925440334,3042.60009765625
1733,1730,5,0.6077316036640377,89.9000015258789
1737,1755,1,0.28395416278992575,62.29999923706055
1737,1215,2,0.2954184489507621,737.0
1737,2080,3,0.29602817559940564,274.79998779296875
1737,1419,4,0.2991547394650448,367.8999938964844
1737,1862,5,0.3009520587303048,347.29998779296875
1738,2098,1,0.43711155455092926,231.3000030517578
1738,1116,2,0.4654048334523064,767.2000122070312
1738,2140,3,0.4760284150842793,854.0999755859375
1738,1761,4,0.4768951841380722,220.5
1738,1253,5,0.5048280950057986,3391.89990234375
1739,293,1,0.3495207379890272,259.8999938964844
1739,1044,2,0.39789896067495445,672.2999877929688
1739,2082,3,0.4073462929926357,136.5
1739,2085,4,0.4404820540780237,257.8999938964844
1739,1757,5,0.44818224014853014,72.80000305175781
1740,1010,1,0.1745759539017049,501.0
1740,4,2,0.21410930017973814,1220.199951171875
1740,1863,3,0.22343728795270051,452.79998779296875
1740,815,4,0.23782246738849436,1008.7000122070312
1740,2167,5,0.2434242371798789,570.4000244140625
1741,1915,1,0.3299660910404315,641.0
1741,706,2,0.37350338426208257,3790.10009765625
1741,1753,3,0.4129637365745314,81.80000305175781
1741,713,4,0.41596709111282626,3940.39990234375
1741,2267,5,0.44367640085932913,489.1000061035156
1742,1316,1,0.5161316229391859,768.7999877929688
1742,1705,2,0.5257866629785222,863.4000244140625
1742,1785,3,0.5476562935465643,1326.5
1742,1756,4,0.5498584913122929,62.0
1742,2090,5,0.5520111771979991,430.0
1743,926,1,0.39787414213826233,1205.300048828125
1743,1865,2,0.47444316952981325,228.1999969482422
1743,1013,3,0.49247761439237414,457.0
1743,1762,4,0.530038667476721,140.1999969482422
1743,2332,5,0.5361703256621324,791.0
1744,479,1,0.4259511651465638,186.39999389648438
1744,2077,2,0.4812597372051979,343.3999938964844
1744,1023,3,0.48895911904075523,492.1000061035156
1744,2075,4,0.5227986853241654,328.20001220703125
1744,1564,5,0.5235620638156434,245.3000030517578
1745,1012,1,0.2575232443028672,519.0
1745,1564,2,0.26033240920306244,359.6000061035156
1745,2075,3,0.2737113839180837,212.0
1745,1941,4,0.27792150116707337,464.70001220703125
1745,1759,5,0.28030940286072714,92.80000305175781
1746,1637,1,0.3726001938597056,2161.5
1746,184,2,0.3969076498246039,1128.199951171875
1746,925,3,0.4521155770594197,968.4000244140625
1746,1681,4,0.4665637085417012,522.7000122070312
1746,290,5,0.47570557225549803,216.6999969482422
1747,562,1,0.2602838542494228,3142.89990234375
1747,1705,2,0.3357806012792145,975.0999755859375
1747,1420,3,0.3363515480345196,512.5
1747,1909,4,0.3447135269689168,616.2000122070312
1747,1689,5,0.35126097793366867,734.4000244140625
1749,302,1,0.5027658477806034,275.5
1749,2085,2,0.5812963245316867,458.3999938964844
1749,1739,3,0.6503857614330218,221.5
1749,1698,4,0.6684502729832487,661.7000122070312
1749,1750,5,0.6865254327206558,155.60000610351562
1750,2269,1,0.5037017605328081,323.3999938964844
1750,1698,2,0.5303947923398602,732.7999877929688
1750,302,3,0.5492306510738242,121.4000015258789
1750,546,4,0.6771819292634381,3183.0
1750,1749,5,0.6865254327206558,155.60000610351562
1751,2265,1,0.4539108141690058,189.8000030517578
1751,1717,2,0.48208776999231934,654.9000244140625
1751,1747,3,0.4998944536045882,43.79999923706055
1751,2266,4,0.5213505199767502,256.1000061035156
1751,555,5,0.52219803867069,3260.0
1752,1671,1,0.29717834473746024,1076.699951171875
1752,307,2,0.3222241315300268,152.6999969482422
1752,1670,3,0.3319753557732082,1058.300048828125
1752,1708,4,0.33878786980362346,568.2000122070312
1752,1032,5,0.34808215847559226,413.1000061035156
1753,307,1,0.37040334770840927,54.0
1753,1741,2,0.4129637365745314,81.80000305175781
1753,1752,3,0.42075021244196803,98.5999984741211
1753,1949,4,0.4208189350967047,294.29998779296875
1753,2082,5,0.43761699555624095,243.60000610351562
1754,925,1,0.5000490163939907,972.2999877929688
1754,1891,2,0.5475893102648985,338.29998779296875
1754,181,3,0.5498076561369315,985.7000122070312
1754,836,4,0.5797382425081284,1057.5
1754,1710,5,0.6150271327482086,906.9000244140625
1755,1780,1,0.27185217679312257,1299.0999755859375
1755,1737,2,0.28395416278992575,62.29999923706055
1755,1903,3,0.29120882303322354,664.0
1755,2180,4,0.29216650588855697,497.6000061035156
1755,1938,5,0.2926190107319865,613.2999877929688
1756,1927,1,0.2737585997504867,399.79998779296875
1756,2266,2,0.31392671374358644,212.6999969482422
1756,1705,3,0.32404783648329194,890.0
1756,565,4,0.3264302205873455,2874.0
1756,829,5,0.3289850861497187,1078.0999755859375
1757,1739,1,0.44818224014853014,72.80000305175781
1757,1210,2,0.49398948985239133,842.2999877929688
1757,2265,3,0.49610563543999775,326.1000061035156
1757,2171,4,0.5010349889569355,638.5
1757,173,5,0.5170973718529847,1331.4000244140625
1758,1198,1,0.19784950636388923,765.2999877929688
1758,373,2,0.19835887042429637,724.0999755859375
1758,2887,3,0.20224512229112626,176.3000030517578
1758,3009,4,0.20502918105378012,299.5
1758,2101,5,0.207031248938957,860.2000122070312
1759,1745,1,0.28030940286072714,92.80000305175781
1759,1670,2,0.2819907935494946,1119.199951171875
1759,2062,3,0.28455237326245125,941.2000122070312
1759,1530,4,0.2872640469933113,434.79998779296875
1759,1944,5,0.3130918917917282,50.099998474121094
1760,821,1,0.27901292832583785,1133.199951171875
1760,735,2,0.3436011185796926,951.7000122070312
1760,1018,3,0.3478287233982183,446.1000061035156
1760,1941,4,0.35595523015532265,303.8999938964844
1760,1012,5,0.3628530868275748,565.0999755859375
1761,2098,1,0.2631644616038241,372.20001220703125
1761,1023,2,0.3597663516087684,517.0
1761,1551,3,0.36580116965788767,464.0
1761,1918,4,0.3667347159442525,355.20001220703125
1761,294,5,0.3742735679729032,31.899999618530273
1762,2082,1,0.37435433871708523,93.80000305175781
1762,2267,2,0.4129725266382494,530.5
1762,1016,3,0.4595438713713721,397.20001220703125
1762,1741,4,0.46129035684597114,183.0
1762,706,5,0.465947789513508,3794.10009765625
1764,1783,1,0.14490728814756254,0.0
1764,1600,2,0.16518986623292722,3916.199951171875
1764,2033,3,0.17466686678455962,2365.699951171875
1764,2282,4,0.1760423047729212,2364.5
1764,1258,5,0.18013013862408095,1508.0
1765,2286,1,0.15546070749717714,2256.60009765625
1765,2289,2,0.1664900093219396,2213.0
1765,2280,3,0.19675728110121707,2173.60009765625
1765,991,4,0.20932476641809397,562.7999877929688
1765,3005,5,0.21328377164007667,914.2000122070312
1766,1261,1,0.28694945109340597,1354.0
1766,2326,2,0.30892214412063895,894.9000244140625
1766,2159,3,0.3666771809750656,4222.0
1766,444,4,0.369491261487862,1783.5
1766,915,5,0.38079314260114067,1188.0999755859375
1768,1770,1,0.451640191562177,223.8000030517578
1768,1016,2,0.4585054032744632,1682.4000244140625
1768,2327,3,0.4661712735761235,766.2999877929688
1768,272,4,0.4680417062422135,1558.199951171875
1768,572,5,0.49527931240436707,3866.199951171875
1769,1591,1,0.29321098893654524,87.69999694824219
1769,1631,2,0.2986222379542202,3761.5
1769,1700,3,0.30151709522431186,2196.89990234375
1769,920,4,0.331735017700034,1786.199951171875
1769,899,5,0.33734762886537006,1354.5
1770,1780,1,0.26978710399225425,159.60000610351562
1770,217,2,0.2879817940088554,600.4000244140625
1770,271,3,0.28851311669636476,1287.699951171875
1770,1066,4,0.29314634767803094,912.7999877929688
1770,710,5,0.30047087252904564,4891.2001953125
1771,1582,1,0.29127575252263693,495.1000061035156
1771,2175,2,0.29917127693549217,873.0
1771,1872,3,0.30890151976069846,994.7000122070312
1771,1033,4,0.31318501725788617,1775.0999755859375
1771,2128,5,0.32819006569578574,572.2000122070312
1773,565,1,0.343965672151211,3936.0
1773,1529,2,0.3979880170531486,867.0
1773,1942,3,0.4050227388067188,1498.699951171875
1773,1626,4,0.4102776088863828,3600.300048828125
1773,1717,5,0.42118890018189514,815.2000122070312
1774,1888,1,0.24576372634210894,1713.5
1774,828,2,0.3127353001016147,1823.9000244140625
1774,817,3,0.31634141011523964,2053.39990234375
1774,839,4,0.3368010842558676,1793.5
1774,826,5,0.3415498439201322,1944.199951171875
1775,1593,1,0.285008894095585,493.29998779296875
1775,1581,2,0.2919642419721011,351.70001220703125
1775,1856,3,0.29961744937330115,813.2999877929688
1775,1420,4,0.3197856760908178,952.2999877929688
1775,710,5,0.3213194219367696,4930.0
1776,1692,1,0.27212163976789827,2270.0
1776,1529,2,0.3517525286322424,820.7000122070312
1776,1115,3,0.3576729812355499,702.2999877929688
1776,1534,4,0.42344089477621005,996.0
1776,1304,5,0.4433487310058903,883.7000122070312
1777,1782,1,0.31786918332100733,165.0
1777,1004,2,0.32368824855158007,825.2000122070312
1777,1429,3,0.3294939710207094,963.5
1777,1537,4,0.35009197309478823,1025.800048828125
1777,1168,5,0.36941837932950206,5159.7001953125
1778,1112,1,0.1735622014190729,987.7999877929688
1778,1922,2,0.1956770127799314,1600.5
1778,1846,3,0.1988363054857142,974.2000122070312
1778,1883,4,0.201655981895343,1775.5
1778,2167,5,0.20558204144273473,890.5999755859375
1780,1770,1,0.26978710399225425,159.60000610351562
1780,999,2,0.27089436717336246,1092.4000244140625
1780,1755,3,0.27185217679312257,1299.0999755859375
1780,1284,4,0.29257562070326504,1655.9000244140625
1780,271,5,0.2972895364400141,1396.5
1781,1314,1,0.8508576562884218,1181.199951171875
1781,2043,2,0.9077195267583315,2725.699951171875
1781,449,3,1.0687949479706396,4946.5
1781,699,4,1.1757198813190923,4824.39990234375
1781,2323,5,1.1803064907724266,639.5
1782,2015,1,0.2696716173590815,2393.5
1782,1004,2,0.27481719157382145,888.0
1782,2276,3,0.29167380664261955,2317.10009765625
1782,1168,4,0.29860771085713966,5145.7001953125
1782,1777,5,0.31786918332100733,165.0
1783,1764,1,0.14490728814756254,0.0
1783,1600,2,0.19269178817876229,3916.199951171875
1783,1258,3,0.21728922400718284,1508.0
1783,1396,4,0.2239702810666087,419.1000061035156
1783,2033,5,0.226615943633328,2365.699951171875
1784,1698,1,0.2920228998932423,1814.699951171875
1784,1780,2,0.40137500056333414,220.10000610351562
1784,546,3,0.4016853146794799,4195.0
1784,901,4,0.4082059836560892,1081.0999755859375
1784,1027,5,0.41738994654572115,1390.5999755859375
1785,1422,1,0.23442748624966514,1005.4000244140625
1785,2061,2,0.26343111244829537,351.29998779296875
1785,1415,3,0.28650404971735755,1148.800048828125
1785,1316,4,0.28894892775014697,967.2000122070312
1785,1912,5,0.2896107704581151,1546.4000244140625
1786,1200,1,0.2904040887392411,699.2000122070312
1786,924,2,0.3262290978075299,2131.699951171875
1786,2046,3,0.3390198554593729,295.5
1786,1304,4,0.3410400469961242,1034.800048828125
1786,1983,5,0.3477675344024139,2639.0
1787,1415,1,0.37331296128302804,1100.199951171875
1787,922,2,0.3753080194365817,1881.9000244140625
1787,1903,3,0.3806152969290825,1787.800048828125
1787,2061,4,0.4127282879288938,301.20001220703125
1787,1033,5,0.4128368590484296,1739.300048828125
1788,995,1,0.24166177774797468,914.2999877929688
1788,913,2,0.25875036301719384,1058.5999755859375
1788,1203,3,0.28547313390544454,756.0
1788,2333,4,0.29316781496326505,748.5
1788,211,5,0.29656539813152266,662.7999877929688
1845,2251,1,0.1465832894845529,670.7999877929688
1845,1198,2,0.14779593410067984,280.5
1845,2101,3,0.15207252439762234,366.79998779296875
1845,2164,4,0.16325786774698764,174.6999969482422
1845,1525,5,0.1702301885164884,432.0
1846,1880,1,0.1424541828555302,919.7999877929688
1846,2168,2,0.15921738948682224,380.6000061035156
1846,832,3,0.19392248545910915,1365.199951171875
1846,1577,4,0.1987972697274633,722.2999877929688
1846,1778,5,0.1988363054857142,974.2000122070312
1848,1415,1,0.2077047641844671,255.5
1848,833,2,0.22733346359438783,1067.0999755859375
1848,1429,3,0.24796378186293808,92.69999694824219
1848,1853,4,0.2587871917278621,167.8000030517578
1848,1714,5,0.27637795311695695,312.5
1849,1908,1,0.42541076634986996,711.7999877929688
1849,560,2,0.4419268672672548,3362.60009765625
1849,296,3,0.4709782591447302,255.3000030517578
1849,1416,4,0.47098752321646575,343.0
1849,1311,5,0.48992814435952603,721.5999755859375
1850,1732,1,0.46042113162820153,355.5
1850,1126,2,0.5130989996267334,510.29998779296875
1850,915,3,0.5163698987227773,1060.0999755859375
1850,456,4,0.5564530924509633,4052.199951171875
1850,1902,5,0.5998366876146201,1015.2999877929688
1851,1755,1,0.33566280428467077,241.6999969482422
1851,2046,2,0.34912668938704977,890.5999755859375
1851,924,3,0.36156283690004015,1256.699951171875
1851,1907,4,0.3645268842533049,857.2000122070312
1851,306,5,0.3671807332036245,61.29999923706055
1852,2129,1,0.25954683644626164,576.7999877929688
1852,528,2,0.2765885386230517,3346.300048828125
1852,1886,3,0.2916412147057371,880.7000122070312
1852,1907,4,0.30653856986728706,898.5999755859375
1852,1884,5,0.31415052032972146,919.0
1853,1537,1,0.22727972181830056,290.8999938964844
1853,2330,2,0.24754231954449019,462.6000061035156
1853,1415,3,0.2512293290382637,409.0
1853,1848,4,0.2587871917278621,167.8000030517578
1853,1033,5,0.294011696184682,1029.199951171875
1854,1857,1,0.2368836076292744,59.79999923706055
1854,2140,2,0.2860398982427443,508.5
1854,1205,3,0.28928488310761385,441.8999938964844
1854,2068,4,0.29266128610757797,548.9000244140625
1854,1419,5,0.3124746892851084,228.8000030517578
1855,1133,1,0.3381348766562854,622.7000122070312
1855,2114,2,0.36078300699306387,720.7000122070312
1855,1928,3,0.3939344915848251,864.2999877929688
1855,1873,4,0.3943002859366795,156.10000610351562
1855,1862,5,0.39887204883934857,54.29999923706055
1856,1921,1,0.15836261800070517,695.0999755859375
1856,2061,2,0.1875555749222697,625.4000244140625
1856,1420,3,0.19198167607944605,244.89999389648438
1856,2080,4,0.1920678211708522,365.0
1856,295,5,0.21076076603084298,436.8999938964844
1857,1854,1,0.2368836076292744,59.79999923706055
1857,1205,2,0.30998852242458663,475.79998779296875
1857,1423,3,0.3114889885208139,73.0
1857,1419,4,0.3270998395841266,171.3000030517578
1857,2117,5,0.3272424768070639,706.0
1858,2052,1,0.684746823220741,703.0
1858,1915,2,0.7099525147742571,798.2999877929688
1858,713,3,0.710335210157171,4074.800048828125
1858,2143,4,0.7159393898503529,718.5
1858,2098,5,0.7442466206120647,322.0
1859,1951,1,0.2949171106243358,738.7999877929688
1859,1848,2,0.3178880331119234,35.0
1859,1542,3,0.33785081591804933,501.1000061035156
1859,1026,4,0.34914092677817343,701.0999755859375
1859,295,5,0.3492673337079735,395.20001220703125
1860,1865,1,0.4748856465367381,98.4000015258789
1860,1213,2,0.5416040569010486,420.70001220703125
1860,1133,3,0.5514484898436802,516.4000244140625
1860,2116,4,0.5557914550394419,721.9000244140625
1860,1253,5,0.6089146487014443,3562.699951171875
1861,1005,1,0.3032931292204739,285.70001220703125
1861,1211,2,0.3150219113874121,420.8999938964844
1861,2189,3,0.31621348982490155,166.1999969482422
1861,2177,4,0.3429126152409545,196.6999969482422
1861,1404,5,0.3743540081976824,992.0999755859375
1862,1554,1,0.22001633882184674,431.70001220703125
1862,1419,2,0.2463027394355567,199.1999969482422
1862,1218,3,0.2489835390535857,392.0
1862,1125,4,0.2528968654067999,504.0
1862,1429,5,0.2535988936407565,60.900001525878906
1863,1876,1,0.18517751285538409,880.7999877929688
1863,3005,2,0.20325171219536367,394.8999938964844
1863,1586,3,0.20493584260120556,735.0999755859375
1863,1010,4,0.21020957388680184,618.0999755859375
1863,2169,5,0.22079157161517854,131.39999389648438
1864,1865,1,0.3104022669793637,51.599998474121094
1864,2175,2,0.3818544957696958,256.3999938964844
1864,1737,3,0.3866460440861056,313.5
1864,2098,4,0.4191642898812267,300.6000061035156
1864,1428,5,0.4237485709238032,256.79998779296875
1865,1864,1,0.3104022669793637,51.599998474121094
1865,2098,2,0.4323542053250699,318.70001220703125
1865,2116,3,0.4699232753189107,767.7000122070312
1865,1133,4,0.4743369973405259,580.0
1865,1743,5,0.47444316952981325,228.1999969482422
1868,1004,1,0.25958087085934534,252.5
1868,1017,2,0.2705282999765008,842.0
1868,1417,3,0.2832740423864968,357.0
1868,1853,4,0.2978615870915478,116.9000015258789
1868,1033,5,0.3013112710448538,958.2000122070312
1869,923,1,0.39031637011293124,1226.800048828125
1869,1309,2,0.4403274276703499,627.5
1869,2133,3,0.44562913851771363,651.0
1869,572,4,0.4466373306406516,3108.0
1869,1886,5,0.45920825137659393,921.7000122070312
1870,1747,1,0.44027146839057085,423.3999938964844
1870,562,2,0.46416210571175975,3455.10009765625
1870,1909,3,0.5323115185249157,881.0999755859375
1870,1541,4,0.5440603978906005,446.79998779296875
1870,1751,5,0.5457798079412642,464.5
1871,1762,1,0.47574554092770394,325.5
1871,1753,2,0.5448831018298235,232.89999389648438
1871,1741,3,0.559162509648435,199.8000030517578
1871,2267,4,0.6285263928998288,624.9000244140625
1871,302,5,0.6335242891171935,369.20001220703125
1872,1771,1,0.30890151976069846,994.7000122070312
1872,2175,2,0.3317414691299787,342.8999938964844
1872,1945,3,0.3468972731377838,473.0
1872,1223,4,0.34931221430683473,523.0
1872,1415,5,0.3511736411108408,271.29998779296875
1873,1429,1,0.26808866766560474,160.3000030517578
1873,1205,2,0.28351909425504435,516.0
1873,1218,3,0.30698347492274075,458.3999938964844
1873,1217,4,0.3134011161658383,551.0
1873,1862,5,0.3137265644298042,102.5
1874,2408,1,0.1478675982279108,1744.199951171875
1874,1979,2,0.15072036826150428,940.0
1874,2392,3,0.1523770348568788,1724.4000244140625
1874,1523,4,0.15920919518414187,668.7999877929688
1874,2401,5,0.15935100217377682,1747.699951171875
1875,991,1,0.13932944439382747,956.7000122070312
1875,2167,2,0.15633107947320554,893.9000244140625
1875,2188,3,0.17476081903399268,966.4000244140625
1875,2288,4,0.19073789410848785,830.2999877929688
1875,987,5,0.19528033407681644,818.2000122070312
1876,2167,1,0.1341244585604255,998.4000244140625
1876,1577,2,0.15662166918389456,1492.5
1876,2169,3,0.15854517271154772,1003.7999877929688
1876,1009,4,0.16668798198062423,629.9000244140625
1876,991,5,0.167757659290163,1007.0999755859375
1877,988,1,0.1393096249470478,872.9000244140625
1877,375,2,0.1546591297523651,420.29998779296875
1877,918,3,0.17138741038449554,1183.9000244140625
1877,2044,4,0.17994322107732594,1455.800048828125
1877,1400,5,0.1951238622790128,1759.4000244140625
1878,1574,1,0.30295765724255713,483.79998779296875
1878,1002,2,0.303997988975599,692.0
1878,2046,3,0.30563079574903956,1382.5
1878,1994,4,0.30738779179100184,1163.5
1878,1711,5,0.3306113085873843,904.5
1879,1577,1,0.24164365472875995,1518.0
1879,987,2,0.24624102596634537,894.0
1879,2188,3,0.2532139947335704,1109.9000244140625
1879,992,4,0.2600600866913636,828.5
1879,2167,5,0.26729946642985986,1037.4000244140625
1880,1846,1,0.1424541828555302,919.7999877929688
1880,832,2,0.19163956250349085,1514.9000244140625
1880,1577,3,0.19467435152225357,1561.800048828125
1880,1667,4,0.20168161578417762,24.299999237060547
1880,1553,5,0.20663864125629944,818.7999877929688
1881,375,1,0.19447215585866853,346.70001220703125
1881,1447,2,0.19533003124983594,807.0
1881,1668,3,0.20659425817739677,328.8999938964844
1881,2044,4,0.2070063518273315,1282.0
1881,988,5,0.21724241971066896,742.5999755859375
1883,2883,1,0.122766609805853,1171.4000244140625
1883,2108,2,0.17853106259366452,1326.4000244140625
1883,1778,3,0.201655981895343,1775.5
1883,1207,4,0.20292079297529259,1347.9000244140625
1883,991,5,0.21003057742027462,1036.199951171875
1884,1852,1,0.31415052032972146,919.0
1884,528,2,0.3551742347887696,2748.0
1884,1892,3,0.3625368484355268,225.10000610351562
1884,2129,4,0.392665426750954,1420.800048828125
1884,2140,5,0.39316669265836446,1377.5
1885,271,1,0.2787049689410702,622.5999755859375
1885,2174,2,0.29398526467696906,1064.9000244140625
1885,833,3,0.2982360912344531,1229.199951171875
1885,2113,4,0.3103323493816074,1482.5999755859375
1885,1608,5,0.31375840931554005,2558.60009765625
1886,1852,1,0.2916412147057371,880.7000122070312
1886,1113,2,0.31581984013880066,962.7000122070312
1886,1907,3,0.32442151836991,219.5
1886,1889,4,0.33462338587103607,27.299999237060547
1886,1902,5,0.34138488869479083,104.19999694824219
1887,1425,1,0.3712512136619675,1019.0
1887,1028,2,0.39137883248428895,790.0
1887,1040,3,0.42472849565961446,527.5
1887,1705,4,0.42643211455180335,536.9000244140625
1887,1895,5,0.43399249851254873,194.60000610351562
1888,1774,1,0.24576372634210894,1713.5
1888,920,2,0.3164000340537171,914.5999755859375
1888,899,3,0.32175876286476784,1308.0999755859375
1888,929,4,0.3470550417082376,1062.300048828125
1888,828,5,0.34756045837542215,1160.800048828125
1889,2081,1,0.31132802933910697,845.2999877929688
1889,1886,2,0.33462338587103607,27.299999237060547
1889,827,3,0.37217278036509366,1480.199951171875
1889,1907,4,0.4114505538052385,241.1999969482422
1889,1852,5,0.4387442664548189,905.2999877929688
1890,2044,1,0.18235976632139467,1431.0
1890,841,2,0.18628212390764642,1328.5999755859375
1890,375,3,0.18664919914206732,394.0
1890,1396,4,0.19311996298063944,1881.699951171875
1890,1400,5,0.19992233598858555,1734.5999755859375
1891,1690,1,0.3922896100138338,267.79998779296875
1891,925,2,0.44914897730520487,1271.5999755859375
1891,1710,3,0.5056748475002713,1159.9000244140625
1891,181,4,0.5325636009588619,1285.0
1891,1687,5,0.5378498998191065,442.0
1892,1902,1,0.33060909490363466,79.80000305175781
1892,1311,2,0.3618898201064415,833.5999755859375
1892,1884,3,0.3625368484355268,225.10000610351562
1892,1766,4,0.383723602577138,1637.5
1892,528,5,0.400358371149854,2572.699951171875
1893,391,1,0.4145000202947483,184.60000610351562
1893,1036,2,0.42615790988762053,780.4000244140625
1893,835,3,0.44009367638902597,1447.300048828125
1893,1666,4,0.46485777935623007,145.10000610351562
1893,1931,5,0.4704003117759799,601.5
1894,2061,1,0.2994436427209988,1507.0999755859375
1894,1785,2,0.30897838455093485,1698.4000244140625
1894,1951,3,0.3115362156484168,277.3999938964844
1894,2183,4,0.3130933885674634,1108.5
1894,1921,5,0.3407507370274097,392.29998779296875
1895,1939,1,0.2013483163375889,509.70001220703125
1895,2069,2,0.2673010466349232,1503.300048828125
1895,1705,3,0.30313735190374025,429.29998779296875
1895,2094,4,0.3037189446820547,809.7999877929688
1895,1912,5,0.3091637506880322,414.1000061035156
1896,1918,1,0.34238066887986096,551.7999877929688
1896,915,2,0.34491373714067397,1435.199951171875
1896,1213,3,0.35111723421029517,1237.800048828125
1896,1938,4,0.3793669155277432,369.6000061035156
1896,1144,5,0.3833414464515402,3911.10009765625
1897,2069,1,0.3311632178920032,1403.9000244140625
1897,377,2,0.3415434196096118,302.8999938964844
1897,1014,3,0.3499843758403995,872.9000244140625
1897,358,4,0.3811243169267805,99.19999694824219
1897,2139,5,0.3886077112182711,1260.4000244140625
1898,687,1,0.4434440476512159,3167.0
1898,1425,2,0.4697831793075494,1001.7999877929688
1898,1544,3,0.4786520069537435,687.4000244140625
1898,1887,4,0.4895172847056267,74.69999694824219
1898,1710,5,0.4966146781383983,1221.699951171875
1899,815,1,0.18270309332855245,1230.5
1899,1934,2,0.2045156641609778,385.8999938964844
1899,1112,3,0.22158492518012113,851.4000244140625
1899,2167,4,0.24731280714494047,964.2000122070312
1899,1578,5,0.24977924858053388,1407.5999755859375
1900,1006,1,0.28396114512676607,1030.300048828125
1900,2184,2,0.29515803760910436,1212.199951171875
1900,1904,3,0.3186977109960933,167.10000610351562
1900,1533,4,0.3206987773402623,765.0999755859375
1900,1209,5,0.32851514394293535,1279.0999755859375
1901,1006,1,0.3316214039504032,1046.699951171875
1901,2042,2,0.3434786524362742,957.9000244140625
1901,1895,3,0.3451312252379417,206.60000610351562
1901,1612,4,0.3559797775689604,2537.10009765625
1901,1203,5,0.35763475820031276,1248.5999755859375
1902,1126,1,0.2720817563284913,889.7999877929688
1902,1892,2,0.33060909490363466,79.80000305175781
1902,1886,3,0.34138488869479083,104.19999694824219
1902,1852,4,0.3935722719737901,919.7999877929688
1902,528,5,0.40363881427083875,2577.699951171875
1903,1581,1,0.20291682221139415,1635.4000244140625
1903,1856,2,0.2256043857905878,1043.4000244140625
1903,710,3,0.23891039703916078,3603.89990234375
1903,1419,4,0.2391374239751946,975.4000244140625
1903,2174,5,0.2485418297989628,1109.800048828125
1904,559,1,0.2065091357845161,2469.60009765625
1904,2028,2,0.22089238360715582,1034.5999755859375
1904,2042,3,0.26964933687386666,756.4000244140625
1904,1533,4,0.28471807984235403,640.7999877929688
1904,751,5,0.2960877854728274,639.5
1905,8,1,0.22466787863542023,1465.4000244140625
1905,1463,2,0.23184579919931694,856.7999877929688
1905,10,3,0.2444795037389715,2897.699951171875
1905,1447,4,0.24779203312992606,903.2000122070312
1905,1490,5,0.2637402855426,912.7000122070312
1906,2047,1,0.2510877463101766,1120.800048828125
1906,2165,2,0.2643012274578122,925.4000244140625
1906,1039,3,0.2715411244484917,671.7999877929688
1906,1212,4,0.28155150742965385,961.4000244140625
1906,989,5,0.2824113046460732,640.5
1907,2129,1,0.24997546259645465,1430.5
1907,2127,2,0.25075464821850585,1505.9000244140625
1907,1852,3,0.30653856986728706,898.5999755859375
1907,1580,4,0.30770494668238585,1628.5999755859375
1907,2139,5,0.3090978931533756,1438.199951171875
1908,1344,1,0.3309671519235997,1136.5999755859375
1908,1416,2,0.3360244983108311,950.4000244140625
1908,2069,3,0.3399803582434987,1467.0
1908,1204,4,0.35488588335767085,1288.699951171875
1908,1546,5,0.36285236886176003,722.7999877929688
1909,541,1,0.22609350859505933,2504.300048828125
1909,533,2,0.2821077494397207,2623.10009765625
1909,1566,3,0.2843155839719239,509.6000061035156
1909,1026,4,0.30181490971216446,820.7000122070312
1909,287,5,0.31469353496181246,455.0
1910,1017,1,0.2303616645979756,648.0
1910,2056,2,0.25130863374754525,1358.300048828125
1910,1554,3,0.266763316879928,527.5999755859375
1910,2089,4,0.2720718836081716,681.5
1910,1419,5,0.3192802831021914,757.9000244140625
1912,2333,1,0.19651652519717858,1000.5999755859375
1912,913,2,0.28331007474945424,1427.300048828125
1912,1785,3,0.2896107704581151,1546.4000244140625
1912,1948,4,0.2997147160851082,151.10000610351562
1912,2109,5,0.30653796542121603,1263.9000244140625
1915,1741,1,0.3299660910404315,641.0
1915,695,2,0.3572691956782586,3967.199951171875
1915,1614,3,0.38633354018733973,2842.0
1915,2113,4,0.3947306582218471,1475.9000244140625
1915,2050,5,0.4141402322636233,1505.699951171875
1916,2087,1,0.2541003967901244,117.30000305175781
1916,1564,2,0.3039108133646526,518.0
1916,1426,3,0.312801993834717,472.3999938964844
1916,479,4,0.31852284894012584,459.1000061035156
1916,2080,5,0.3186360084598237,207.8000030517578
1917,1026,1,0.21703671388157192,296.0
1917,2088,2,0.22986136981548352,348.8999938964844
1917,1941,3,0.2933521706607811,324.5
1917,2087,4,0.2983129532778398,257.5
1917,2258,5,0.3028469047993723,404.79998779296875
1918,1551,1,0.27674095634273665,746.5
1918,2098,2,0.30865852552664336,488.79998779296875
1918,2257,3,0.31629346957583715,246.1999969482422
1918,760,4,0.33294887550477625,1143.9000244140625
1918,1423,5,0.33873804536658286,637.0
1919,1229,1,0.1482691467439052,3000.699951171875
1919,1009,2,0.1493379129005773,340.3999938964844
1919,1986,3,0.16315105769184146,1230.300048828125
1919,2320,4,0.16397202077362333,1142.0
1919,2280,5,0.16870009936394997,1099.9000244140625
1920,814,1,0.18263830948827078,929.2000122070312
1920,2074,2,0.22959568673580524,299.3999938964844
1920,1010,3,0.2472493538741221,239.6999969482422
1920,1553,4,0.2564046284466477,719.0
1920,2076,5,0.28580224254001046,197.89999389648438
1921,1856,1,0.15836261800070517,695.0999755859375
1921,2061,2,0.18258365748751512,1279.0
1921,1420,3,0.18928079971431436,734.5999755859375
1921,2087,4,0.2356171513856086,411.29998779296875
1921,2050,5,0.25956933142255734,1255.4000244140625
1922,992,1,0.18796548891093762,756.0
1922,1577,2,0.19470560561984818,1348.5999755859375
1922,1778,3,0.1956770127799314,1600.5
1922,2710,4,0.19847241388715625,1217.800048828125
1922,1212,5,0.20031599805010214,983.4000244140625
1923,1951,1,0.4753237168604328,172.0
1923,1859,2,0.5322329920810133,704.9000244140625
1923,2329,3,0.5401741016237259,1026.800048828125
1923,1316,4,0.5633480905145124,989.0999755859375
1923,1943,5,0.5698190056324112,347.5
1924,1927,1,0.3374106835651198,45.099998474121094
1924,2270,2,0.3564042607931592,525.2999877929688
1924,1747,3,0.3613175837745464,421.29998779296875
1924,1426,4,0.37451651185361295,842.2999877929688
1924,1714,5,0.37603768375713204,955.0
1925,302,1,0.40487157109626837,520.7000122070312
1925,1699,2,0.4546472556244251,670.4000244140625
1925,2332,3,0.5246279593373997,1293.5999755859375
1925,552,4,0.5445890318283846,3046.199951171875
1925,1044,5,0.5543257703821662,797.2999877929688
1926,827,1,0.30378277967507944,1079.199951171875
1926,1032,2,0.3186272018146756,284.70001220703125
1926,2081,3,0.34197055734705845,284.70001220703125
1926,558,4,0.3634192140281563,2858.199951171875
1926,1547,5,0.36553910025031866,836.7999877929688
1927,1689,1,0.1723379880268835,540.0999755859375
1927,1691,2,0.2471622535208712,551.5
1927,1756,3,0.2737585997504867,399.79998779296875
1927,1941,4,0.30038787203291634,117.30000305175781
1927,1548,5,0.3082084422381378,701.2999877929688
1928,1853,1,0.3024229452946261,889.2999877929688
1928,1537,2,0.3171687703978423,756.0999755859375
1928,1417,3,0.3470865000771804,905.7999877929688
1928,1567,4,0.3491465298990107,614.0
1928,1033,5,0.35068076701649675,786.0999755859375
1929,2257,1,0.2197919485611908,437.70001220703125
1929,2072,2,0.22365426298022173,284.6000061035156
1929,2259,3,0.2264189237646031,442.0
1929,293,4,0.2755838240756973,537.0999755859375
1929,2080,5,0.27746811766090407,262.20001220703125
1930,1611,1,0.2307259322800738,2906.300048828125
1930,2206,2,0.2520561578098537,1835.0
1930,1004,3,0.25662550580674387,797.2999877929688
1930,2299,4,0.26055153941885395,1369.5
1930,540,5,0.2808771291014639,2946.60009765625
1931,1755,1,0.29766034612657394,449.1000061035156
1931,1780,2,0.3126457444891759,1744.800048828125
1931,1036,3,0.3301301863437974,323.0
1931,293,4,0.33279473083510136,589.4000244140625
1931,1737,5,0.33977990976030614,479.70001220703125
1932,2094,1,0.3236911188671334,613.5
1932,2271,2,0.33833050700779377,298.70001220703125
1932,536,3,0.39836938071198813,2929.300048828125
1932,687,4,0.4508582731262177,3333.0
1932,2079,5,0.4792875464605801,552.2000122070312
1933,1014,1,0.35779585703872374,453.8999938964844
1933,1897,2,0.43214150916151944,598.0999755859375
1933,2139,3,0.4463830595537531,1100.5
1933,1412,4,0.46547046780990325,559.2000122070312
1933,1580,5,0.4817485448158675,1290.9000244140625
1934,815,1,0.1945974948211379,846.0999755859375
1934,1899,2,0.2045156641609778,385.8999938964844
1934,1880,3,0.23209067166105327,494.1000061035156
1934,1846,4,0.24665157422515427,657.4000244140625
1934,1667,5,0.2532228640026844,517.7000122070312
1935,1353,1,0.5944656025667368,1701.199951171875
1935,1568,2,0.7067344982408844,575.5
1935,2271,3,0.7454220972075056,336.3999938964844
1935,1153,4,0.7564635075848147,4864.7001953125
1935,1932,5,0.8150794443301248,243.8000030517578
1936,351,1,0.34685733136211705,1254.199951171875
1936,1039,2,0.3625855544827572,590.9000244140625
1936,814,3,0.38234445168981696,1129.699951171875
1936,811,4,0.38694273965222953,1172.5999755859375
1936,1010,5,0.38800749795060957,557.7000122070312
1937,555,1,0.34568362501048766,3133.39990234375
1937,2171,2,0.37195342419078137,1127.5999755859375
1937,1951,3,0.4260015347422536,283.70001220703125
1937,831,4,0.48030134705799216,1166.300048828125
1937,829,5,0.49367156321315003,1080.9000244140625
1938,1564,1,0.2631723916924905,683.0
1938,2072,2,0.26516647982765845,638.0
1938,1944,3,0.281507013678785,547.0
1938,999,4,0.2832844303122174,934.0999755859375
1938,1032,5,0.28680695738447926,682.0
1939,1895,1,0.2013483163375889,509.70001220703125
1939,1020,2,0.27959794208212924,441.20001220703125
1939,2069,3,0.29857616886075894,1076.9000244140625
1939,566,4,0.2988674110204099,3089.60009765625
1939,1685,5,0.30761866793116466,634.7999877929688
1940,307,1,0.5912866222352603,577.0999755859375
1940,289,2,0.6021363472513632,600.9000244140625
1940,288,3,0.6509173143143264,605.0
1940,558,4,0.6558673944506953,2795.800048828125
1940,1916,5,0.6608798921638132,413.8999938964844
1941,2301,1,0.1956735979682935,807.2000122070312
1941,833,2,0.23581580223207776,1084.800048828125
1941,1530,3,0.2409937086314882,697.9000244140625
1941,1548,4,0.24524811060647947,695.2000122070312
1941,521,5,0.24529904153078783,2693.5
1942,1029,1,0.3896430023967796,530.4000244140625
1942,1773,2,0.4050227388067188,1498.699951171875
1942,2207,3,0.45448655854193426,2012.800048828125
1942,2137,4,0.45750336338078945,1287.0
1942,1717,5,0.48347839810581045,846.2999877929688
1943,1848,1,0.34826183130818145,384.20001220703125
1943,1859,2,0.386949555454545,413.0
1943,1415,3,0.4055642468197894,227.39999389648438
1943,2178,4,0.4201662844480843,498.6000061035156
1943,1951,5,0.4223743425277489,461.3999938964844
1944,2077,1,0.2123348762910811,175.10000610351562
1944,1012,2,0.22170533197022577,386.6000061035156
1944,1032,3,0.23346305483034924,238.10000610351562
1944,2072,4,0.25299479446014117,106.19999694824219
1944,1561,5,0.26579055775294397,387.6000061035156
1945,1223,1,0.324217811882424,866.4000244140625
1945,2087,2,0.32831749332984894,168.10000610351562
1945,2075,3,0.33523601673330916,403.1000061035156
1945,1426,4,0.3418336655279776,495.0
1945,1872,5,0.3468972731377838,473.0
1947,1711,1,0.21653075402919647,818.0999755859375
1947,999,2,0.2450956196252623,725.9000244140625
1947,2298,3,0.3304091401011308,1289.699951171875
1947,1755,4,0.3338133657975005,405.0
1947,1108,5,0.33419769199090676,929.2000122070312
1948,1631,1,0.22332171919889138,2726.0
1948,521,2,0.23051957870876225,2949.5
1948,1703,3,0.23649492598245955,673.0999755859375
1948,1535,4,0.24173269577556833,752.2000122070312
1948,1035,5,0.24334051564053044,269.6000061035156
1949,1753,1,0.4208189350967047,294.29998779296875
1949,1915,2,0.49598534459757293,535.7999877929688
1949,1038,3,0.5062587892811192,388.29998779296875
1949,1741,4,0.5230093811527131,280.20001220703125
1949,1937,5,0.5252564173663058,562.9000244140625
1950,2299,1,0.2555523674166392,1243.699951171875
1950,559,2,0.2981113026866132,2925.89990234375
1950,833,3,0.33840006818875207,979.0
1950,2272,4,0.34228841058672443,477.8999938964844
1950,1930,5,0.35159083416023235,198.8000030517578
1951,2087,1,0.25556139756084667,498.70001220703125
1951,1859,2,0.2949171106243358,738.7999877929688
1951,2061,3,0.3001839048096479,1364.4000244140625
1951,1894,4,0.3115362156484168,277.3999938964844
1951,1415,5,0.3198672076485969,679.2999877929688
1952,1008,1,0.08679842566054605,370.8999938964844
1952,1007,2,0.11034555943197517,374.70001220703125
1952,918,3,0.14812165368289554,808.5
1952,1560,4,0.15593071995338886,632.5999755859375
1952,2044,5,0.1617301810285292,1207.9000244140625
1954,874,1,0.5085221102317449,1662.0
1954,795,2,0.5524627156333004,1792.5999755859375
1954,885,3,0.5730200002640161,1799.5999755859375
1954,804,4,0.5891628885561994,1718.300048828125
1954,595,5,0.6165388976029904,3097.699951171875
1955,1957,1,0.31806541628789503,70.69999694824219
1955,1969,2,0.45291385774283743,70.4000015258789
1955,1963,3,0.4698676491397021,325.1000061035156
1955,614,4,0.550964700843009,1767.0
1955,794,5,0.5617687400519593,1321.5
1956,795,1,0.5077830486162597,1358.9000244140625
1956,1276,2,0.5583756527627114,7988.2001953125
1956,793,3,0.5879431780285949,1312.800048828125
1956,237,4,0.6036185370867562,8078.7998046875
1956,588,5,0.6244653604888477,2206.89990234375
1957,1955,1,0.31806541628789503,70.69999694824219
1957,875,2,0.33140951958339554,1736.800048828125
1957,1969,3,0.37023839599865677,125.69999694824219
1957,1963,4,0.38412625156045427,326.8999938964844
1957,330,5,0.4479265506595232,2195.0
1958,614,1,0.4427332644247358,1827.9000244140625
1958,1955,2,0.5754261370819422,76.30000305175781
1958,1969,3,0.6217351485025506,131.3000030517578
1958,1957,4,0.645378631494194,7.099999904632568
1958,2349,5,0.7258578446453264,5824.60009765625
1959,882,1,0.8684120882644553,1425.9000244140625
1959,879,2,0.9381546673005857,1550.5
1959,2343,3,1.0394285627758897,897.0
1959,336,4,1.0612066251104921,4964.0
1959,848,5,1.152581108215838,1286.199951171875
1960,806,1,0.3547806906852195,1221.0999755859375
1960,1968,2,0.3756039436499373,313.20001220703125
1960,876,3,0.39939035901451025,1265.199951171875
1960,856,4,0.4156136692103683,89.19999694824219
1960,1962,5,0.4346110142383232,921.0
1961,1962,1,0.38012752770293656,228.6999969482422
1961,889,2,0.4006353551540508,1998.0999755859375
1961,2338,3,0.45668072600560466,1374.4000244140625
1961,1968,4,0.4999600946959275,666.5
1961,843,5,0.5122901423442557,1157.699951171875
1962,1968,1,0.29184621853412973,894.7000122070312
1962,889,2,0.3410380695700861,2226.300048828125
1962,1961,3,0.38012752770293656,228.6999969482422
1962,1960,4,0.4346110142383232,921.0
1962,1967,5,0.4450175989375236,359.3999938964844
1963,1969,1,0.27836718283892253,322.20001220703125
1963,1967,2,0.33370597014007575,204.60000610351562
1963,1957,3,0.38412625156045427,326.8999938964844
1963,847,4,0.4192705086090009,327.79998779296875
1963,878,5,0.4216626690777985,1900.199951171875
1965,1963,1,0.4365759679690033,74.5
1965,1969,2,0.47519255806674404,383.5
1965,1967,3,0.5300159397424298,131.10000610351562
1965,878,4,0.5793321126520342,1961.5
1965,889,5,0.5895035158357901,1736.699951171875
1966,583,1,0.47968050967065523,2867.800048828125
1966,879,2,0.6713843348739729,1396.0999755859375
1966,859,3,0.7081057779239368,975.9000244140625
1966,602,4,0.7221580769043059,2638.0
1966,336,5,0.7941649431575126,4809.60009765625
1967,1963,1,0.33370597014007575,204.60000610351562
1967,1962,2,0.4450175989375236,359.3999938964844
1967,889,3,0.4569722432413546,1866.9000244140625
1967,1969,4,0.4950133000616382,513.7000122070312
1967,589,5,0.510797916674356,2946.199951171875
1968,1962,1,0.29184621853412973,894.7000122070312
1968,1960,2,0.3756039436499373,313.20001220703125
1968,806,3,0.43034641980078014,1441.0999755859375
1968,889,4,0.4890886837610087,1618.5
1968,846,5,0.48916952652756235,1020.7999877929688
1969,1963,1,0.27836718283892253,322.20001220703125
1969,1957,2,0.37023839599865677,125.69999694824219
1969,878,3,0.37494697057902376,1578.0
1969,875,4,0.4497184321325116,1611.0999755859375
1969,876,5,0.4528131742854774,1219.9000244140625
1970,848,1,0.45120838454436435,1170.199951171875
1970,884,2,0.46851001057396724,1643.5
1970,2339,3,0.5365678787236727,858.2000122070312
1970,1431,4,0.7214523260571083,4832.5
1970,916,5,0.751606024329773,9144.7998046875
1971,2190,1,0.12012597798045811,323.29998779296875
1971,727,2,0.13383670540077075,361.5
1971,1597,3,0.1448973738435776,1593.0
1971,1979,4,0.15007755714775972,16.399999618530273
1971,2387,5,0.17197583717164272,2205.300048828125
1972,1978,1,0.15495968899536855,228.39999389648438
1972,2008,2,0.17512933466124025,69.80000305175781
1972,1973,3,0.18291696089417098,67.19999694824219
1972,1974,4,0.19576854498892818,215.1999969482422
1972,2303,5,0.2220390883319864,385.6000061035156
1973,1972,1,0.18291696089417098,67.19999694824219
1973,2303,2,0.22120667705036492,348.6000061035156
1973,1978,3,0.22675083725172024,172.8000030517578
1973,2008,4,0.23719414104431308,32.79999923706055
1973,2311,5,0.25432941576596213,408.0
1974,3011,1,0.12721314666555106,308.8999938964844
1974,2008,2,0.16902866051322352,149.10000610351562
1974,1978,3,0.1713955237037781,55.20000076293945
1974,1995,4,0.1945650766187142,278.1000061035156
1974,1972,5,0.19576854498892818,215.1999969482422
1975,1270,1,0.36922504218378427,859.7000122070312
1975,1682,2,0.539719808934197,912.4000244140625
1975,898,3,0.5667835311093434,1543.699951171875
1975,282,4,0.6051599292034796,1003.2999877929688
1975,1120,5,0.6303626838883354,1638.5999755859375
1976,2297,1,0.28642948250151545,321.79998779296875
1976,2325,2,0.3020009394684742,1595.0999755859375
1976,1154,3,0.30300502318031436,3585.89990234375
1976,239,4,0.33077237581555075,1544.300048828125
1976,1992,5,0.3332454042910521,187.0
1977,2275,1,0.13607449000876395,214.1999969482422
1977,1598,2,0.14157847911266902,1626.199951171875
1977,504,3,0.16372364138947063,1816.0
1977,1224,4,0.1649238869900413,1846.5
1977,2144,5,0.1825347295426191,1842.5999755859375
1978,2008,1,0.10183061556655064,162.3000030517578
1978,1995,2,0.13707489895026728,291.20001220703125
1978,1972,3,0.15495968899536855,228.39999389648438
1978,1974,4,0.1713955237037781,55.20000076293945
1978,3011,5,0.19748706533303068,307.29998779296875
1979,1597,1,0.12291426657026353,1606.199951171875
1979,2190,2,0.12546985027406307,336.6000061035156
1979,727,3,0.12757991410453226,369.79998779296875
1979,1971,4,0.15007755714775972,16.399999618530273
1979,1874,5,0.15072036826150428,940.0
1980,2062,1,0.25090350244040066,2001.800048828125
1980,2012,2,0.27633174883409156,361.6000061035156
1980,2333,3,0.28360219470435755,1573.5
1980,450,4,0.29277379338313336,2575.39990234375
1980,2002,5,0.2987923306217406,208.89999389648438
1981,450,1,0.3576244051022722,2604.199951171875
1981,1980,2,0.38536657890234616,153.10000610351562
1981,1996,3,0.3925473083637424,89.5
1981,1138,4,0.4046025255127869,3194.300048828125
1981,2009,5,0.429064471379315,339.3999938964844
1982,2252,1,0.35639345252487603,1015.9000244140625
1982,1399,2,0.38016296367445734,2145.89990234375
1982,731,3,0.38389649098796236,354.3999938964844
1982,1112,4,0.3924258915300844,1544.699951171875
1982,2011,5,0.39350707134853635,64.30000305175781
1983,1631,1,0.29377380401249936,1930.4000244140625
1983,1948,2,0.3145672128769334,1800.5
1983,899,3,0.32684856469677326,1340.0999755859375
1983,545,4,0.3299231373415706,2269.60009765625
1983,920,5,0.33335927462613374,2267.89990234375
1984,2065,1,0.3957009505444964,2280.39990234375
1984,1731,2,0.47941283257569717,2411.699951171875
1984,1494,3,0.4801061950642969,2209.39990234375
1984,2171,4,0.4823184699517295,2302.60009765625
1984,1115,5,0.49576976784965887,1920.0999755859375
1985,2311,1,0.16681266717055687,493.8999938964844
1985,767,2,0.18406378469696005,444.3999938964844
1985,2060,3,0.19794728781299248,2302.89990234375
1985,892,4,0.21932778565998,1413.199951171875
1985,1978,5,0.22515322817562441,146.5
1986,2320,1,0.13537958700085553,1707.300048828125
1986,988,2,0.14960515764890775,1582.5999755859375
1986,2282,3,0.15001688783164863,219.0
1986,509,4,0.16174445423188671,1713.5999755859375
1986,1919,5,0.16315105769184146,1230.300048828125
1987,2019,1,0.23331660174014618,84.5
1987,2041,2,0.27182885561641096,152.1999969482422
1987,704,3,0.29709076413420316,2453.5
1987,2292,4,0.29881228312789215,273.0
1987,2002,5,0.30696392772277936,362.29998779296875
1988,220,1,0.22637265649871688,2074.60009765625
1988,1535,2,0.23227199974810084,1532.699951171875
1988,1066,3,0.2387779088424877,1553.0999755859375
1988,1992,4,0.25591996225983316,330.29998779296875
1988,2012,5,0.26647068768108273,623.2999877929688
1989,2035,1,0.3761867381611952,659.2999877929688
1989,1154,2,0.38460825680111127,3994.89990234375
1989,2325,3,0.390916575441582,1621.199951171875
1989,2055,4,0.3932562765544446,2210.5
1989,2158,5,0.39874607298463327,2482.0
1990,892,1,0.16341752184155142,1108.699951171875
1990,1999,2,0.1697187444571012,161.39999389648438
1990,2311,3,0.19690326547161158,520.5999755859375
1990,1407,4,0.19742368177100886,1886.5999755859375
1990,1673,5,0.20127478445560623,992.9000244140625
1991,1996,1,0.2216825122825398,113.5
1991,1992,2,0.25281959032073364,14.100000381469727
1991,2062,3,0.2602995230257229,2015.199951171875
1991,2297,4,0.26106388556457366,345.20001220703125
1991,2009,5,0.27339613684211866,363.3999938964844
1992,1991,1,0.25281959032073364,14.100000381469727
1992,221,2,0.25345515039864897,2288.89990234375
1992,1988,3,0.25591996225983316,330.29998779296875
1992,2297,4,0.28340971071972526,344.70001220703125
1992,1996,5,0.28947418304989553,127.19999694824219
1993,2006,1,0.20626537910154968,404.5
1993,452,2,0.23400173516123285,2787.89990234375
1993,892,3,0.23411779998723511,1302.4000244140625
1993,2024,4,0.23557208164835028,476.29998779296875
1993,1398,5,0.2522608263432776,2361.5
1994,1108,1,0.2590913888579008,1369.5
1994,1305,2,0.2845468098049163,1420.800048828125
1994,895,3,0.29950515586389315,1710.800048828125
1994,1878,4,0.30738779179100184,1163.5
1994,2062,5,0.3196225619833132,1952.5
1995,1978,1,0.13707489895026728,291.20001220703125
1995,3011,2,0.16911418225491515,276.0
1995,2008,3,0.19233431583158864,279.29998779296875
1995,1974,4,0.1945650766187142,278.1000061035156
1995,2005,5,0.21343301216435787,221.0
1996,1991,1,0.2216825122825398,113.5
1996,211,2,0.25674064887679465,2206.199951171875
1996,2012,3,0.26862328951168857,420.20001220703125
1996,2886,4,0.26951823774089007,214.89999389648438
1996,2002,5,0.2708519406347941,45.70000076293945
1997,1589,1,0.3683983135565551,1763.300048828125
1997,995,2,0.4257426021758554,1442.0
1997,739,3,0.4390581570091869,116.69999694824219
1997,241,4,0.4433692107059433,989.2000122070312
1997,214,5,0.4506889882974855,2085.60009765625
1999,1990,1,0.1697187444571012,161.39999389648438
1999,1673,2,0.17690969861988015,832.2000122070312
1999,3011,3,0.1885439321887834,346.79998779296875
1999,2005,4,0.20460495606179957,143.10000610351562
1999,892,5,0.21086244562178985,1237.199951171875
2000,2279,1,0.17915497276476278,357.8999938964844
2000,1764,2,0.18365830759566246,2322.800048828125
2000,2004,3,0.19940606114369067,138.89999389648438
2000,748,4,0.22664278316652017,369.70001220703125
2000,2275,5,0.22837039323831532,341.5
2001,2158,1,0.26987366516128725,2159.300048828125
2001,1006,2,0.27641782694681044,1641.9000244140625
2001,2293,3,0.28330138315797293,549.7000122070312
2001,739,4,0.28438288769201153,224.89999389648438
2001,1533,5,0.2872780118229246,1185.800048828125
2002,1519,1,0.26216253668100675,2885.199951171875
2002,2019,2,0.2639669448059799,277.8999938964844
2002,208,3,0.2699133099636737,2325.300048828125
2002,1996,4,0.2708519406347941,45.70000076293945
2002,211,5,0.2800611061402951,2214.5
2004,2281,1,0.16183626233293538,502.1000061035156
2004,2193,2,0.16587552850638987,610.0999755859375
2004,1986,3,0.169883114092934,144.1999969482422
2004,1764,4,0.18093234691933086,2309.89990234375
2004,2282,5,0.1812326917097105,274.29998779296875
2005,1260,1,0.16137447204415495,867.0999755859375
2005,748,2,0.17993291659004843,413.6000061035156
2005,2288,3,0.180704147401153,217.6999969482422
2005,3011,4,0.1843106356710994,211.39999389648438
2005,1231,5,0.1876826292146858,2083.800048828125
2006,1986,1,0.17082296993445045,148.60000610351562
2006,892,2,0.17498791356327834,1237.699951171875
2006,368,3,0.18885735709990986,664.9000244140625
2006,509,4,0.20187472765413556,1849.800048828125
2006,380,5,0.20447360520599114,681.7000122070312
2007,1878,1,0.40973106197592074,1011.7000122070312
2007,1304,2,0.4114712940027227,1362.800048828125
2007,489,3,0.42197645570518866,973.2999877929688
2007,2183,4,0.4267694860070323,1860.5999755859375
2007,1710,5,0.4461018204084307,1965.199951171875
2008,1978,1,0.10183061556655064,162.3000030517578
2008,1974,2,0.16902866051322352,149.10000610351562
2008,1972,3,0.17512933466124025,69.80000305175781
2008,1995,4,0.19233431583158864,279.29998779296875
2008,3011,5,0.19967364331889303,337.3999938964844
2009,2062,1,0.19261539056340551,2171.300048828125
2009,2297,2,0.2468350897543098,690.7000122070312
2009,2012,3,0.25619968807326293,670.0999755859375
2009,1991,4,0.27339613684211866,363.3999938964844
2009,2886,5,0.2877294293005375,435.1000061035156
2010,1986,1,0.18228967426641146,445.3999938964844
2010,892,2,0.1823476462131995,1271.5
2010,988,3,0.1962036593143184,1558.5
2010,1673,4,0.2042231027562144,1094.300048828125
2010,2006,5,0.2087618028996259,373.70001220703125
2011,1161,1,0.18001585061378694,2656.0
2011,892,2,0.21556041136388038,1381.300048828125
2011,1990,3,0.22867803068737436,350.29998779296875
2011,767,4,0.25429909355348435,428.70001220703125
2011,1993,5,0.2611167306178683,482.6000061035156
2012,2062,1,0.19702831279505983,2350.89990234375
2012,754,2,0.22747052153314906,764.5
2012,574,3,0.24095094783266785,3825.5
2012,2009,4,0.25619968807326293,670.0999755859375
2012,2886,5,0.2580285459173496,632.5
2015,747,1,0.24663776135958626,617.7999877929688
2015,2158,2,0.2588259020054215,2102.10009765625
2015,745,3,0.26034725778474804,418.3999938964844
2015,1782,4,0.2696716173590815,2393.5
2015,908,5,0.2701992830697985,1846.0
2017,1356,1,0.311007300965854,402.3999938964844
2017,751,2,0.3142872439157644,322.79998779296875
2017,1358,3,0.31479486198874657,481.6000061035156
2017,1294,4,0.34198044482900575,851.2000122070312
2017,532,5,0.36273697275167177,2189.800048828125
2018,1610,1,0.5974995989874002,1594.4000244140625
2018,2315,2,0.6110986800259302,409.70001220703125
2018,2027,3,0.6164928429589169,77.80000305175781
2018,774,4,0.6178252881014246,386.8999938964844
2018,70,5,0.6411053241514184,307.1000061035156
2019,1987,1,0.23331660174014618,84.5
2019,2002,2,0.2639669448059799,277.8999938964844
2019,214,3,0.2893716168475886,2216.60009765625
2019,2041,4,0.30695099752878824,236.60000610351562
2019,1659,5,0.3126361435841313,955.2000122070312
2021,1535,1,0.18506275226380756,1439.300048828125
2021,220,2,0.2546748788811295,1981.199951171875
2021,1988,3,0.2786263209176256,145.0
2021,1047,4,0.28499605377247683,1855.0999755859375
2021,1068,5,0.2966337759446801,1805.5999755859375
2022,1286,1,0.350077829884868,1210.9000244140625
2022,914,2,0.5669726165954115,1918.5999755859375
2022,1718,3,0.6187077807443369,2162.89990234375
2022,2094,4,0.624917711854106,1922.0
2022,1346,5,0.6366741531231449,794.7999877929688
2023,1656,1,0.35416545958957557,785.4000244140625
2023,1047,2,0.3606334346736081,2038.9000244140625
2023,232,3,0.3761193904334075,1064.300048828125
2023,1535,4,0.4141712131510753,1623.0999755859375
2023,230,5,0.41593030283197324,1736.0999755859375
2024,452,1,0.1876646578196521,2369.0
2024,667,2,0.19786207016359594,2101.199951171875
2024,2620,3,0.19856049929456754,623.2999877929688
2024,766,4,0.20450757796672384,436.79998779296875
2024,674,5,0.20832601873038964,2491.0
2025,1047,1,0.4096805415080588,1684.199951171875
2025,1146,2,0.4275962054619906,3218.39990234375
2025,545,3,0.45020853742228334,1998.4000244140625
2025,695,4,0.46892387827317517,2769.300048828125
2025,1770,5,0.48014740817889373,2098.39990234375
2027,240,1,0.5113668987077805,1227.5
2027,697,2,0.5675186468807187,2710.89990234375
2027,2018,3,0.6164928429589169,77.80000305175781
2027,1168,4,0.6309186276538832,2966.10009765625
2027,774,5,0.6319503251178654,463.5
2028,1904,1,0.22089238360715582,1034.5999755859375
2028,2042,2,0.2706775463287599,327.1000061035156
2028,2206,3,0.3020947103895227,726.5999755859375
2028,2035,4,0.3135003834649501,535.9000244140625
2028,559,5,0.3224083218757816,1977.9000244140625
2030,2036,1,0.2563578765643057,190.1999969482422
2030,2276,2,0.2565769182266573,289.70001220703125
2030,1055,3,0.2624479907272223,2068.60009765625
2030,2295,4,0.2647429396329541,564.5
2030,2212,5,0.2839662069519477,276.20001220703125
2031,1520,1,0.3509635109951707,3073.0
2031,223,2,0.38223335732294755,2472.39990234375
2031,1281,3,0.38697245172583333,1094.4000244140625
2031,1203,4,0.3880143773431446,2038.9000244140625
2031,1002,5,0.40655205026553054,1628.0
2032,2279,1,0.1786760677538755,179.39999389648438
2032,2193,2,0.19503473766201312,578.7999877929688
2032,1986,3,0.1954751007750206,84.5999984741211
2032,2620,4,0.20925731281023555,569.2000122070312
2032,10,5,0.21440623355182992,2030.199951171875
2033,1600,1,0.17318806702558176,1566.5
2033,1764,2,0.17466686678455962,2365.699951171875
2033,757,3,0.17579562300018844,383.79998779296875
2033,2004,4,0.20572030829291718,67.0
2033,2032,5,0.21734385048260496,25.799999237060547
2034,1611,1,0.2223844587939732,1394.4000244140625
2034,749,2,0.2260085755157315,587.2000122070312
2034,1659,3,0.25266083835257597,808.0999755859375
2034,747,4,0.25961286081711443,826.5999755859375
2034,739,5,0.2765462857510877,513.7999877929688
2035,2028,1,0.3135003834649501,535.9000244140625
2035,751,2,0.34772871278959533,687.7000122070312
2035,1645,3,0.35007273514715603,636.0999755859375
2035,1006,4,0.3609951525408036,1861.4000244140625
2035,1989,5,0.3761867381611952,659.2999877929688
2036,1261,1,0.19631886550299155,1207.4000244140625
2036,2298,2,0.20688775576562693,484.79998779296875
2036,905,3,0.2203380163952796,1384.5999755859375
2036,760,4,0.22311597931974828,488.20001220703125
2036,2310,5,0.22791460342434672,562.0999755859375
2037,1288,1,0.3059856952021373,821.0
2037,1892,2,0.40864925962797477,726.4000244140625
2037,1902,3,0.4116483632627816,731.2999877929688
2037,1311,4,0.42615243232272554,1045.800048828125
2037,2150,5,0.441857671996422,2310.199951171875
2039,1612,1,0.2947418858752484,1417.699951171875
2039,242,2,0.3213278097943304,1363.800048828125
2039,216,3,0.32583866726154265,2367.60009765625
2039,2042,4,0.33527540356059243,338.6000061035156
2039,1624,5,0.3453186205269673,937.7000122070312
2040,581,1,0.3362465617460557,4683.7998046875
2040,2882,2,0.34291529594814346,1525.5999755859375
2040,1704,3,0.3497239805099102,1042.800048828125
2040,1518,4,0.3521101223959387,2853.39990234375
2040,2879,5,0.39666771269713774,1424.4000244140625
2041,220,1,0.19744582930830074,2258.300048828125
2041,2304,2,0.2530871190042631,382.8999938964844
2041,1535,3,0.26763358676504206,1716.4000244140625
2041,1987,4,0.27182885561641096,152.1999969482422
2041,1644,5,0.27463756612269974,731.5
2042,1535,1,0.2389545085680003,1364.0
2042,1612,2,0.2538928101034985,1703.5
2042,1006,3,0.2553378899011817,1518.699951171875
2042,751,4,0.2601759829470912,369.5
2042,1904,5,0.26964933687386666,756.4000244140625
2043,1242,1,0.570965000020183,1829.300048828125
2043,441,2,0.6030066159188765,1082.5999755859375
2043,1628,3,0.6700175119108776,1070.300048828125
2043,437,4,0.6819316755132011,1058.9000244140625
2043,1623,5,0.6994172924145853,1665.5
2044,988,1,0.10946940838604646,643.0
2044,1107,2,0.12493580324474282,674.7000122070312
2044,1198,3,0.13235507045638714,348.3999938964844
2044,2318,4,0.1332496235874704,643.5
2044,2164,5,0.14193656947184902,451.29998779296875
2045,1211,1,0.21642084041479243,129.39999389648438
2045,987,2,0.2334830342791971,624.5
2045,1578,3,0.23637470918943254,621.5
2045,1778,4,0.24249686472714665,562.5999755859375
2045,996,5,0.25495567913451267,484.29998779296875
2046,1550,1,0.2875106364559609,1019.2999877929688
2046,1878,2,0.30563079574903956,1382.5
2046,924,3,0.30870611178601665,1876.800048828125
2046,1292,4,0.3330585753268697,1230.4000244140625
2046,1786,5,0.3390198554593729,295.5
2047,1212,1,0.18434292607829375,209.3000030517578
2047,1001,2,0.1906896258624782,346.6000061035156
2047,996,3,0.1975908578210183,328.70001220703125
2047,1489,4,0.19897860103268786,172.1999969482422
2047,2108,5,0.2014491280952972,274.0
2048,2619,1,0.17779267185992612,312.20001220703125
2048,996,2,0.24197319799530387,279.20001220703125
2048,1207,3,0.2607641199459782,254.5
2048,1021,4,0.2640046005919769,1166.800048828125
2048,2336,5,0.2784658914216421,404.1000061035156
2049,2058,1,0.5634584105991585,196.5
2049,1733,2,0.6513408454555734,352.1000061035156
2049,1222,3,0.6937927611608516,268.79998779296875
2049,1648,4,0.7737297289772537,3124.800048828125
2049,2093,5,0.7804563933876495,835.9000244140625
2050,2061,1,0.21160778709426997,46.0
2050,1921,2,0.25956933142255734,1255.4000244140625
2050,1856,3,0.2749843492131849,601.7000122070312
2050,1306,4,0.2978785133045278,868.0999755859375
2050,2087,5,0.3052496884817148,991.4000244140625
2051,1116,1,0.3944357189695872,719.7999877929688
2051,905,2,0.40186350763101214,1482.9000244140625
2051,1989,3,0.4080896432972827,2166.699951171875
2051,2317,4,0.41061164058835503,2080.800048828125
2051,2325,5,0.4115963179825564,642.0
2052,1857,1,0.3492218255215913,646.2999877929688
2052,1854,2,0.38249029697233883,612.4000244140625
2052,2111,3,0.4087003041898302,470.0
2052,2053,4,0.42117500367189703,126.4000015258789
2052,2064,5,0.4244408704928284,199.5
2053,1116,1,0.35461943249820055,760.5999755859375
2053,2159,2,0.3767425153391689,4012.699951171875
2053,2142,3,0.38800362626784407,331.20001220703125
2053,1854,4,0.38924979746190486,545.4000244140625
2053,1251,5,0.3925306787829421,4104.10009765625
2054,1317,1,0.3772977421964763,951.5999755859375
2054,1416,2,0.4342299084521604,628.7999877929688
2054,1204,3,0.45587665385969806,241.60000610351562
2054,296,4,0.48224966445542305,1026.0999755859375
2054,1344,5,0.49808002456921274,2519.10009765625
2055,2325,1,0.3385384813491861,685.7000122070312
2055,1125,2,0.33963916769006025,697.7999877929688
2055,1595,3,0.35076320593580435,614.4000244140625
2055,1976,4,0.36655701453966516,2160.89990234375
2055,1900,5,0.38202712570995223,1495.300048828125
2056,1910,1,0.25130863374754525,1358.300048828125
2056,1780,2,0.3162917907256884,526.5
2056,1419,3,0.34070995261201575,676.7000122070312
2056,1554,4,0.3583814846182102,905.0
2056,1854,5,0.3630622123846,691.5999755859375
2057,495,1,0.27027498318894655,1059.5
2057,1273,2,0.2722511000536849,1156.0999755859375
2057,1271,3,0.2727486385357769,1310.699951171875
2057,1345,4,0.3411564743854908,2563.10009765625
2057,424,5,0.35932628761581326,1633.9000244140625
2058,572,1,0.3711153839665201,3429.699951171875
2058,1712,2,0.425704777419077,480.5
2058,1733,3,0.4373116527530415,452.29998779296875
2058,713,4,0.5295119222672845,4515.60009765625
2058,1016,5,0.5311254448465376,1088.0999755859375
2059,2068,1,0.30907390753300634,173.89999389648438
2059,1554,2,0.32639294766570964,880.9000244140625
2059,1125,3,0.3290332968703735,746.7000122070312
2059,1004,4,0.3296635757734816,629.0
2059,1782,5,0.3368829519471411,492.6000061035156
2060,992,1,0.15737829135950837,701.0999755859375
2060,1985,2,0.19794728781299248,2302.89990234375
2060,725,3,0.2151726693388032,4644.60009765625
2060,680,4,0.2153931313718515,4241.60009765625
2060,2311,5,0.2184520967488208,1951.9000244140625
2061,1921,1,0.18258365748751512,1279.0
2061,1856,2,0.1875555749222697,625.4000244140625
2061,2050,3,0.21160778709426997,46.0
2061,1420,4,0.21365485460579092,642.4000244140625
2061,2087,5,0.24953559833117667,1015.0
2062,2009,1,0.19261539056340551,2171.300048828125
2062,2012,2,0.19702831279505983,2350.89990234375
2062,1980,3,0.25090350244040066,2001.800048828125
2062,2886,4,0.2558511179288756,1857.9000244140625
2062,1991,5,0.2602995230257229,2015.199951171875
2063,1117,1,0.2535172862081455,674.7000122070312
2063,1,2,0.2704245765184984,1602.800048828125
2063,2228,3,0.27768185522058486,2528.800048828125
2063,918,4,0.28244528167799626,1741.0999755859375
2063,1952,5,0.309038869562388,1207.9000244140625
2064,2118,1,0.2093770790545076,46.5
2064,2117,2,0.2601306130914692,199.89999389648438
2064,2213,3,0.2655896905569289,2447.10009765625
2064,2111,4,0.27255430652917884,289.6000061035156
2064,2133,5,0.28783397242359876,248.0
2065,1984,1,0.3957009505444964,2280.39990234375
2065,930,2,0.43000878741895365,1353.4000244140625
2065,2085,3,0.473507457302726,730.2000122070312
2065,831,4,0.4763156324952831,1575.0999755859375
2065,1728,5,0.5350246301189227,455.29998779296875
2066,2142,1,0.36616690468601704,376.20001220703125
2066,1857,2,0.37086936969099843,555.0
2066,1555,3,0.38240695947863645,693.0999755859375
2066,1583,4,0.39957236790472817,663.0999755859375
2066,1308,5,0.40915256608948275,888.0999755859375
2067,1896,1,0.3842821999864941,1533.0
2067,292,2,0.5004287839822922,1122.5
2067,1567,3,0.5188402603179497,1024.5999755859375
2067,1144,4,0.531156237712865,5363.10009765625
2067,2152,5,0.5314654722191444,4101.10009765625
2068,1854,1,0.29266128610757797,548.9000244140625
2068,2059,2,0.30907390753300634,173.89999389648438
2068,1205,3,0.3601139718741748,314.5
2068,386,4,0.36097430501542244,1243.9000244140625
2068,1910,5,0.36332859950807866,1211.699951171875
2069,564,1,0.2603567000848641,3835.89990234375
2069,1895,2,0.2673010466349232,1503.300048828125
2069,1939,3,0.29857616886075894,1076.9000244140625
2069,1948,4,0.31390899970444547,1079.699951171875
2069,1014,5,0.3179163909946715,1368.199951171875
2070,1112,1,0.1890039621445336,632.2999877929688
2070,1778,2,0.21093347711470364,437.70001220703125
2070,2165,3,0.23780740632445463,379.1000061035156
2070,2186,4,0.23843163357407088,441.8999938964844
2070,987,5,0.24371494398043073,573.9000244140625
2072,2080,1,0.1894333589328589,186.0
2072,1419,2,0.2225697639843501,284.1000061035156
2072,1929,3,0.22365426298022173,284.6000061035156
2072,1944,4,0.25299479446014117,106.19999694824219
2072,1856,5,0.2630136181219644,352.1000061035156
2073,2174,1,0.2638492898566626,342.0
2073,3,2,0.27206612004554115,985.9000244140625
2073,2324,3,0.27642560088561013,675.0
2073,2179,4,0.27922167565551265,302.3999938964844
2073,2184,5,0.28621716712418,467.1000061035156
2074,1553,1,0.15924011376660765,593.9000244140625
2074,1011,2,0.16231085114024532,312.20001220703125
2074,3005,3,0.19059186289692007,465.70001220703125
2074,1667,4,0.20244217196644418,920.0
2074,2168,5,0.20743584652444283,206.0
2075,1745,1,0.2737113839180837,212.0
2075,1023,2,0.27416488351814805,412.1000061035156
2075,1941,3,0.279729166972814,665.0999755859375
2075,2080,4,0.28016967013002164,211.0
2075,2257,5,0.2830570913000401,434.6000061035156
2076,1920,1,0.28580224254001046,197.89999389648438
2076,1562,2,0.30266602247020213,554.5999755859375
2076,303,3,0.3200140618965242,327.3999938964844
2076,1740,4,0.32290653115117574,271.0
2076,2074,5,0.3233911807911036,108.4000015258789
2077,1012,1,0.204827639697,306.5
2077,2184,2,0.20770079367973954,568.9000244140625
2077,1944,3,0.2123348762910811,175.10000610351562
2077,1708,4,0.23309748056741755,407.79998779296875
2077,1032,5,0.23700296554057715,134.0
2078,2259,1,0.3975704745980323,486.20001220703125
2078,829,2,0.40356171441753863,992.2000122070312
2078,305,3,0.40360804775122333,326.3999938964844
2078,1929,4,0.41751238164165466,336.70001220703125
2078,1745,5,0.4205461229357021,166.5
2079,1747,1,0.38087666846974894,162.3000030517578
2079,1926,2,0.4053722004075561,187.60000610351562
2079,687,3,0.4154432934183347,3636.800048828125
2079,1691,4,0.4472428627560917,816.4000244140625
2079,1689,5,0.4623464436544854,843.5
2080,1419,1,0.14362057835043046,242.89999389648438
2080,2072,2,0.1894333589328589,186.0
2080,1856,3,0.1920678211708522,365.0
2080,295,4,0.19246973541174678,431.29998779296875
2080,1714,5,0.2131291337552214,396.79998779296875
2081,1715,1,0.3036420266748433,403.6000061035156
2081,1889,2,0.31132802933910697,845.2999877929688
2081,1020,3,0.32264825847226936,418.70001220703125
2081,2181,4,0.32358087772166494,321.70001220703125
2081,1939,5,0.3407092399081876,385.8999938964844
2082,1038,1,0.3641565464851803,372.1000061035156
2082,1929,2,0.37387875850155317,253.8000030517578
2082,1762,3,0.37435433871708523,93.80000305175781
2082,293,4,0.38243938437320524,355.79998779296875
2082,1044,5,0.39141790186534925,545.2999877929688
2085,1044,1,0.41992109858347865,563.0
2085,1739,2,0.4404820540780237,257.8999938964844
2085,293,3,0.45188515603461643,469.70001220703125
2085,1027,4,0.4596461848419838,368.8999938964844
2085,831,5,0.4611693535202932,982.2999877929688
2087,1856,1,0.22426789767598695,403.79998779296875
2087,1564,2,0.22616486702870575,615.5
2087,1921,3,0.2356171513856086,411.29998779296875
2087,2080,4,0.24903082079760658,90.5
2087,2061,5,0.24953559833117667,1015.0
2088,1917,1,0.22986136981548352,348.8999938964844
2088,1428,2,0.33739710313535837,174.5
2088,305,3,0.38615701544114156,378.79998779296875
2088,1931,4,0.3867935188895974,570.0
2088,2258,5,0.3889054099627173,553.0999755859375
2089,1419,1,0.25631951968384975,182.6999969482422
2089,1910,2,0.2720718836081716,681.5
2089,2080,3,0.2894182943656419,220.5
2089,1036,4,0.30848362179453387,515.2999877929688
2089,1025,5,0.31183338751675915,836.7999877929688
2090,1756,1,0.3521942608153608,489.3999938964844
2090,839,2,0.3757499192016621,985.4000244140625
2090,829,3,0.3870450798409813,1027.300048828125
2090,1725,4,0.3896020454824382,299.1000061035156
2090,1556,5,0.41344438279928153,586.5999755859375
2091,1569,1,0.46912590753629924,505.6000061035156
2091,2095,2,0.5068598060520084,96.4000015258789
2091,436,3,0.5199089267487104,1054.5
2091,1348,4,0.5313204629902725,1912.4000244140625
2091,2054,5,0.5568875875958615,820.5
2093,1556,1,0.4462000871908017,593.5999755859375
2093,925,2,0.4735832178431807,920.5999755859375
2093,1710,3,0.47753824468960043,555.9000244140625
2093,1725,4,0.48041260655838874,467.79998779296875
2093,1746,5,0.48511433794864417,389.20001220703125
2094,2271,1,0.3005760108473493,631.2999877929688
2094,1895,2,0.3037189446820547,809.7999877929688
2094,1715,3,0.3174520304342758,420.79998779296875
2094,1932,4,0.3236911188671334,613.5
2094,548,5,0.3446872816437805,3287.60009765625
2095,1569,1,0.4325745724348299,520.5999755859375
2095,1551,2,0.456901726435205,614.2999877929688
2095,1606,3,0.46126721204525,2969.10009765625
2095,2255,4,0.46137007880608083,554.2999877929688
2095,294,5,0.4615746717408889,211.39999389648438
2096,1223,1,0.34032390134443163,478.8999938964844
2096,1567,2,0.3442168828733791,561.4000244140625
2096,2075,3,0.3654336565163796,105.30000305175781
2096,479,4,0.39551955831154867,587.2999877929688
2096,2089,5,0.426901469386621,34.900001525878906
2098,1761,1,0.2631644616038241,372.20001220703125
2098,1918,2,0.30865852552664336,488.79998779296875
2098,1423,3,0.31484115829067355,244.10000610351562
2098,2140,4,0.32048393834723554,761.7000122070312
2098,1857,5,0.35617816542010494,222.39999389648438
2100,2204,1,0.3934559862019172,1984.9000244140625
2100,1415,2,0.3989106593674869,232.60000610351562
2100,1928,3,0.4313155894645007,541.7999877929688
2100,1777,4,0.43901420250392886,1190.5
2100,2137,5,0.4463506017309207,912.7000122070312
2101,1198,1,0.07687969876585785,318.0
2101,986,2,0.14537748854016255,350.3999938964844
2101,2044,3,0.14765060852414155,401.3999938964844
2101,1845,4,0.15207252439762234,366.79998779296875
2101,2164,5,0.15278052459208658,353.1000061035156
2105,1209,1,0.20327058478017163,495.3999938964844
2105,2120,2,0.238051154416923,353.20001220703125
2105,2121,3,0.24229700992223321,335.0
2105,2184,4,0.2753011527632007,494.79998779296875
2105,1205,5,0.2784975244995716,532.2000122070312
2108,2883,1,0.16654825123429434,164.60000610351562
2108,1504,2,0.16752873779718358,190.60000610351562
2108,2124,3,0.17023008684272892,144.39999389648438
2108,1883,4,0.17853106259366452,1326.4000244140625
2108,2710,5,0.18496451504215033,70.4000015258789
2109,1413,1,0.2963983523205892,810.5999755859375
2109,1912,2,0.30653796542121603,1263.9000244140625
2109,1026,3,0.312742475757187,1292.9000244140625
2109,2333,4,0.3166286522903137,340.5
2109,1530,5,0.32304559513304054,810.4000244140625
2110,2120,1,0.30579040688915266,441.20001220703125
2110,2181,2,0.32454219460186706,674.0999755859375
2110,1415,3,0.3251393525567189,905.2000122070312
2110,1422,4,0.3658213191696292,761.7000122070312
2110,2061,5,0.3681674089963186,321.70001220703125
2111,2064,1,0.27255430652917884,289.6000061035156
2111,2182,2,0.2744135919805581,524.0999755859375
2111,2118,3,0.29763995445780006,244.60000610351562
2111,2121,4,0.31184023215969336,85.0
2111,2105,5,0.3223548236841865,284.3999938964844
2112,1718,1,0.4401071728502179,715.2999877929688
2112,1425,2,0.44692518854144664,690.2999877929688
2112,1028,3,0.4842962667692333,1397.800048828125
2112,1325,4,0.5045095374482047,849.9000244140625
2112,1853,5,0.5185726283982212,557.2999877929688
2113,1019,1,0.2112278194979884,1225.5999755859375
2113,1587,2,0.26420822585100734,92.5999984741211
2113,1423,3,0.28450789058354947,717.2999877929688
2113,695,4,0.28785186462516693,4525.5
2113,1419,5,0.30037606298099234,775.2999877929688
2114,1771,1,0.35811303285739265,721.4000244140625
2114,1133,2,0.35813620929559675,553.0999755859375
2114,1855,3,0.36078300699306387,720.7000122070312
2114,1872,4,0.3820344584919478,768.5
2114,1873,5,0.40474918879112376,707.0999755859375
2116,1865,1,0.4699232753189107,767.7000122070312
2116,1215,2,0.5319901033613711,365.0
2116,1328,3,0.5468271445146279,920.9000244140625
2116,1213,4,0.5486954619296458,395.1000061035156
2116,1860,5,0.5557914550394419,721.9000244140625
2117,2064,1,0.2601306130914692,199.89999389648438
2117,2118,2,0.26432780324171157,165.3000030517578
2117,1205,3,0.2905225833091482,478.6000061035156
2117,294,4,0.29302905838096166,817.2000122070312
2117,1857,5,0.3272424768070639,706.0
2118,2064,1,0.2093770790545076,46.5
2118,2133,2,0.24308245613076856,207.0
2118,2117,3,0.26432780324171157,165.3000030517578
2118,2120,4,0.2960072698647121,285.29998779296875
2118,2111,5,0.29763995445780006,244.60000610351562
2119,841,1,0.1713477353648584,1566.300048828125
2119,819,2,0.21168058721898533,1730.4000244140625
2119,1890,3,0.22395923802174195,1212.300048828125
2119,928,4,0.2312524576720932,1605.5999755859375
2119,1315,5,0.2386509977931547,402.29998779296875
2120,1209,1,0.1792504888472392,429.0
2120,1218,2,0.21320470984887088,431.3999938964844
2120,1203,3,0.2151027708302039,360.79998779296875
2120,2105,4,0.238051154416923,353.20001220703125
2120,2184,5,0.24250585399218566,419.79998779296875
2121,1423,1,0.19811009195796583,576.7999877929688
2121,2105,2,0.24229700992223321,335.0
2121,1209,3,0.24284194666517123,454.5
2121,295,4,0.258325700677367,749.0
2121,2184,5,0.2586956158749593,445.29998779296875
2122,1206,1,0.3552476731886699,355.3999938964844
2122,2189,2,0.45359926582535104,407.20001220703125
2122,1504,3,0.45543947441880445,140.10000610351562
2122,2124,4,0.46865792729325984,249.0
2122,2173,5,0.4946784946433491,484.5
2124,2108,1,0.17023008684272892,144.39999389648438
2124,1504,2,0.18412749696196187,160.3000030517578
2124,2883,3,0.22576919393555525,148.3000030517578
2124,1883,4,0.24427673143671857,1232.9000244140625
2124,2173,5,0.25914696258274417,382.29998779296875
2125,1331,1,0.3849805662090439,472.8999938964844
2125,2133,2,0.4048058952857163,363.3999938964844
2125,2081,3,0.4473759131576594,830.9000244140625
2125,1921,4,0.46778826134190715,1140.699951171875
2125,1593,5,0.48410506492459804,242.3000030517578
2126,2132,1,0.3110179489572699,219.3000030517578
2126,1591,2,0.3353184441321439,362.29998779296875
2126,2183,3,0.35154578569998624,525.2000122070312
2126,1556,4,0.35320645237973547,797.2000122070312
2126,2211,5,0.3710333965318855,2651.89990234375
2127,1907,1,0.25075464821850585,1505.9000244140625
2127,683,2,0.31120536544672667,4525.0
2127,1203,3,0.3152661709065186,467.6000061035156
2127,1218,4,0.32539829562685496,571.2999877929688
2127,2129,5,0.3418726607274551,76.80000305175781
2128,1582,1,0.22933638531547648,301.3999938964844
2128,1423,2,0.23190048446611214,590.0
2128,2175,3,0.2468206169940981,496.8999938964844
2128,1862,4,0.27278732941584116,534.4000244140625
2128,1419,5,0.29184871704288734,648.0
2129,1907,1,0.24997546259645465,1430.5
2129,1852,2,0.25954683644626164,576.7999877929688
2129,1309,3,0.28878564346749175,529.2999877929688
2129,2128,4,0.3104831930988044,112.80000305175781
2129,2140,5,0.31061246952701066,191.10000610351562
2130,402,1,1.7173225081744494,4661.7001953125
2130,1712,2,1.7354732152454786,760.9000244140625
2130,2132,3,1.7817701757067985,359.70001220703125
2130,1571,4,1.7837135482369912,791.7000122070312
2130,2125,5,1.7904844149665888,28.399999618530273
2131,1203,1,0.2598898405081052,345.79998779296875
2131,2120,2,0.27800888330066453,387.1000061035156
2131,993,3,0.30409130267392936,658.2999877929688
2131,1218,4,0.3117101731113723,426.6000061035156
2131,3,5,0.3120597697238003,1671.0999755859375
2132,2126,1,0.3110179489572699,219.3000030517578
2132,1722,2,0.32913724175962805,622.9000244140625
2132,1590,3,0.38105889870896753,278.1000061035156
2132,1580,4,0.40281576429881455,293.5
2132,2139,5,0.40836904848866423,261.20001220703125
2133,2118,1,0.24308245613076856,207.0
2133,1331,2,0.2703314545779551,798.4000244140625
2133,2182,3,0.2797744180418495,563.5
2133,2064,4,0.28783397242359876,248.0
2133,1423,5,0.3579214923949028,766.2000122070312
2134,2205,1,0.40893374380477865,2222.699951171875
2134,1123,2,0.4235252839675244,460.79998779296875
2134,1349,3,0.48304386994529536,2270.60009765625
2134,1121,4,0.5026511685792495,405.3999938964844
2134,1898,5,0.5382385800349286,1314.5
2136,2027,1,0.7095779993847389,1719.0
2136,2323,2,0.7666833680774348,138.5
2136,449,3,0.7949671619116883,4474.5
2136,902,4,0.8580277915996248,535.0999755859375
2136,752,5,0.8687785653347495,1657.5
2137,1417,1,0.3746263037033269,732.0
2137,1872,2,0.38504244384774705,688.2999877929688
2137,1415,3,0.39709463165205583,843.0
2137,1848,4,0.41221955292684337,599.2000122070312
2137,1717,5,0.41377242187985663,719.9000244140625
2138,1323,1,0.5239062964369533,365.6000061035156
2138,930,2,0.6538979060536778,1482.199951171875
2138,1529,3,0.6601422721138916,509.1000061035156
2138,1329,4,0.6614980542079341,329.0
2138,1027,5,0.6657457418685222,1172.5
2139,1580,1,0.19456882269253195,217.89999389648438
2139,1593,2,0.29456808107873744,255.6999969482422
2139,1907,3,0.3090978931533756,1438.199951171875
2139,1014,4,0.32911526698108984,1411.699951171875
2139,683,5,0.36719553959325074,4566.39990234375
2140,1423,1,0.2487544628325231,577.5999755859375
2140,1854,2,0.2860398982427443,508.5
2140,2142,3,0.2883789467225007,238.89999389648438
2140,2128,4,0.29759437784903064,111.0999984741211
2140,1419,5,0.29898959423532995,627.2999877929688
2142,1423,1,0.23351151730698824,773.9000244140625
2142,1116,2,0.2586710537249941,809.5999755859375
2142,2140,3,0.2883789467225007,238.89999389648438
2142,1419,4,0.29534872590536376,817.4000244140625
2142,2184,5,0.3019072699577311,530.2000122070312
2143,2052,1,0.6416959438064295,394.20001220703125
2143,2053,2,0.6880182372830256,477.5
2143,1857,3,0.6946817653714045,705.4000244140625
2143,1854,4,0.7077688331847817,660.7999877929688
2143,1858,5,0.7159393898503529,718.5
2144,504,1,0.12697754742412204,472.3999938964844
2144,2275,2,0.13785693341211844,1811.0999755859375
2144,1665,3,0.16388516269652448,2493.699951171875
2144,1258,4,0.1818577220148715,2685.199951171875
2144,1977,5,0.1825347295426191,1842.5999755859375
2145,2309,1,1.1391616947930645,2206.5
2145,1989,2,1.144265742307393,2624.699951171875
2145,2176,3,1.1587841188243044,4108.0
2145,1133,4,1.1690258936007905,3733.60009765625
2145,2321,5,1.1798002216025747,3846.60009765625
2146,2218,1,0.27635436113126044,167.5
2146,2011,2,0.2923229871817304,1303.9000244140625
2146,1993,3,0.3064561857254494,1283.199951171875
2146,2229,4,0.32408103494360274,1118.199951171875
2146,228,5,0.33018642652421176,3142.800048828125
2148,851,1,0.5033372641345865,5952.10009765625
2148,787,2,0.5086904675905088,6535.5
2148,791,3,0.5445676632750728,6302.2998046875
2148,2343,4,0.5672492021275779,5778.7998046875
2148,792,5,0.5678100327563097,6821.7998046875
2149,1056,1,0.24287762471493132,3474.89990234375
2149,751,2,0.2753755947552428,2374.800048828125
2149,424,3,0.27726280837826794,2570.39990234375
2149,738,4,0.29842826351132007,2439.60009765625
2149,1356,5,0.30114792001178753,1801.199951171875
2150,1852,1,0.3500470595304607,3625.60009765625
2150,2327,2,0.37130986562732543,3811.0
2150,1058,3,0.40489754456363186,3841.0
2150,1546,4,0.41316564450382337,3528.699951171875
2150,1884,5,0.4137531988894688,3027.300048828125
2151,2039,1,0.36230452675940206,1964.4000244140625
2151,1057,2,0.48936301086321476,3873.60009765625
2151,1321,3,0.5442460094433298,3638.800048828125
2151,235,4,0.5451180403738805,3219.5
2151,1612,5,0.5499935209309381,645.9000244140625
2152,683,1,0.3043433594059273,859.0999755859375
2152,1346,2,0.31920812847036606,1768.5
2152,1281,3,0.41970929690885783,2913.800048828125
2152,1352,4,0.4224090149806588,1834.699951171875
2152,2127,5,0.43432712113233485,3850.800048828125
2153,1895,1,0.4582611661264625,2943.39990234375
2153,482,2,0.45972198874150183,3278.199951171875
2153,1939,3,0.4659360369128669,3387.89990234375
2153,1026,4,0.4896781143817695,3639.10009765625
2153,2300,5,0.5013716694072996,2196.39990234375
2154,1656,1,0.3224348188246433,908.2000122070312
2154,1664,2,0.3879938420313864,886.2000122070312
2154,495,3,0.39040430192815445,2866.0
2154,1546,4,0.4068962449564958,3133.89990234375
2154,564,5,0.40868894288645546,453.79998779296875
2155,905,1,0.14078941579551996,3498.39990234375
2155,220,2,0.23381792498540083,4265.60009765625
2155,215,3,0.2715756660031785,4747.7998046875
2155,1193,4,0.2793537599512227,4675.10009765625
2155,1988,5,0.28284438397166994,2639.10009765625
2156,2618,1,0.2841928531037057,3071.89990234375
2156,1416,2,0.2849808121257917,3493.89990234375
2156,1581,3,0.28869028064334207,3938.0
2156,1004,4,0.3046947621524654,3367.300048828125
2156,1868,5,0.32944750426207176,3493.199951171875
2157,2314,1,0.333433221245159,1971.300048828125
2157,1123,2,0.3695808206392889,3394.39990234375
2157,560,3,0.3718679806412516,730.0
2157,532,4,0.40722584130435957,801.2000122070312
2157,242,5,0.4405933117262057,3085.0
2158,1132,1,0.21718691791629824,3619.699951171875
2158,908,2,0.2203050909812334,3856.199951171875
2158,1125,3,0.23149724259443225,3599.5
2158,2015,4,0.2588259020054215,2102.10009765625
2158,739,5,0.26452158421312794,2384.199951171875
2159,760,1,0.3075722232330358,2194.199951171875
2159,1052,2,0.32515331797784236,3464.10009765625
2159,1320,3,0.33442310201686554,3202.0
2159,1261,4,0.34303328791918725,2918.89990234375
2159,1918,5,0.3586365537643007,3147.60009765625
2160,2159,1,0.42633061902254604,186.10000610351562
2160,1320,2,0.43013974438013974,3331.5
2160,1253,3,0.4328821550941968,403.79998779296875
2160,1052,4,0.4360130573795455,3593.60009765625
2160,2053,5,0.4431886871299525,4142.2001953125
2161,1632,1,0.19099361481046237,893.9000244140625
2161,1598,2,0.21458462301930442,294.20001220703125
2161,362,3,0.22780505481316268,2502.199951171875
2161,76,4,0.22972333506985348,2222.0
2161,25,5,0.23382248990334417,2314.300048828125
2162,1582,1,0.4156262977249387,4012.89990234375
2162,1253,2,0.44898884679877926,557.2999877929688
2162,1217,3,0.4715546318937689,4022.800048828125
2162,2114,4,0.4826677006555769,3832.89990234375
2162,2160,5,0.4830128419202229,534.7000122070312
2163,1048,1,0.32729346787819674,3230.0
2163,1272,2,0.3287756306818629,2563.39990234375
2163,758,3,0.3513007565601134,2294.39990234375
2163,564,4,0.3576529072975729,494.8999938964844
2163,1646,5,0.3658984099380122,901.2999877929688
2164,986,1,0.12647294760314354,340.79998779296875
2164,1525,2,0.1343420697075264,583.2999877929688
2164,2044,3,0.14193656947184902,451.29998779296875
2164,1198,4,0.14309254360469761,106.80000305175781
2164,1408,5,0.15264849668206423,834.2999877929688
2165,2188,1,0.17546751991470252,79.0
2165,2186,2,0.17651846134946458,111.30000305175781
2165,2167,3,0.18185822578151675,124.4000015258789
2165,1212,4,0.18432217866613373,120.80000305175781
2165,2813,5,0.19592492905956718,228.3000030517578
2167,1876,1,0.1341244585604255,998.4000244140625
2167,1577,2,0.14723768691088784,659.0999755859375
2167,1875,3,0.15633107947320554,893.9000244140625
2167,1109,4,0.16688868605910454,562.0
2167,991,5,0.17039160208021156,329.0
2168,1846,1,0.15921738948682224,380.6000061035156
2168,1526,2,0.17964452176626314,521.2999877929688
2168,1577,3,0.18381838101935163,746.2999877929688
2168,1009,4,0.19785689448017352,791.2000122070312
2168,1553,5,0.20287569929250282,673.0999755859375
2169,1009,1,0.14082312058097599,834.7999877929688
2169,1400,2,0.15838006976558103,913.7000122070312
2169,1876,3,0.15854517271154772,1003.7999877929688
2169,1540,4,0.16067774809208135,503.70001220703125
2169,1525,5,0.1718610223483924,563.2999877929688
2171,1894,1,0.36477465991497005,1151.5
2171,1937,2,0.37195342419078137,1127.5999755859375
2171,1951,3,0.4364089712562626,995.0999755859375
2171,2183,4,0.45810733818651117,53.29999923706055
2171,1731,5,0.48197452716931927,156.6999969482422
2172,1032,1,0.34472508539281604,686.5999755859375
2172,1921,2,0.351528536911953,931.4000244140625
2172,2185,3,0.3639942464189333,145.8000030517578
2172,2133,4,0.37155863748728796,570.7000122070312
2172,1708,5,0.3742132368289868,242.0
2173,2188,1,0.18322246939982795,67.19999694824219
2173,1553,2,0.20290450665561152,618.0
2173,2167,3,0.20889827407271475,30.0
2173,1212,4,0.21610017736007794,233.89999389648438
2173,2165,5,0.22262274377038493,128.3000030517578
2174,271,1,0.2419797589011374,743.7999877929688
2174,2180,2,0.24483452284522308,60.900001525878906
2174,705,3,0.24651713463493088,4316.7998046875
2174,1903,4,0.2485418297989628,1109.800048828125
2174,3,5,0.2535030433820476,1200.4000244140625
2175,2128,1,0.2468206169940981,496.8999938964844
2175,1862,2,0.2557962754741797,205.0
2175,2080,3,0.2658753202228835,397.29998779296875
2175,1419,4,0.2855544449392965,168.60000610351562
2175,1771,5,0.29917127693549217,873.0
2176,1427,1,0.3702117665097119,369.79998779296875
2176,1873,2,0.38807537781868734,320.70001220703125
2176,1125,3,0.4080074443164097,528.5999755859375
2176,1595,4,0.4161617789953444,796.2000122070312
2176,1554,5,0.4216803203765542,645.2999877929688
2177,1005,1,0.18624186281436378,317.0
2177,2189,2,0.2844403710540825,50.900001525878906
2177,1405,3,0.318524000219215,967.2000122070312
2177,1563,4,0.32098500730141505,478.3999938964844
2177,1401,5,0.32543312896935506,901.2999877929688
2178,1943,1,0.4201662844480843,498.6000061035156
2178,1219,2,0.449333204479701,234.5
2178,1004,3,0.4671450212061903,471.3999938964844
2178,1848,4,0.4776769495991181,202.6999969482422
2178,1581,5,0.48577571565909805,775.9000244140625
2179,1419,1,0.2597567933131742,228.10000610351562
2179,999,2,0.2616350464409659,331.1000061035156
2179,2298,3,0.26407149043626144,1777.9000244140625
2179,2184,4,0.2703441055506581,164.6999969482422
2179,1583,5,0.2712436125374434,798.0999755859375
2180,2174,1,0.24483452284522308,60.900001525878906
2180,1494,2,0.2491124650073877,355.70001220703125
2180,1903,3,0.2686794737209853,1125.0
2180,1755,4,0.29216650588855697,497.6000061035156
2180,2073,5,0.3034206740545857,357.20001220703125
2181,2081,1,0.32358087772166494,321.70001220703125
2181,2110,2,0.32454219460186706,674.0999755859375
2181,1921,3,0.34689081021257223,767.7000122070312
2181,1856,4,0.3551787986125099,124.80000305175781
2181,2061,5,0.37591301183565745,636.2999877929688
2182,2111,1,0.2744135919805581,524.0999755859375
2182,2133,2,0.2797744180418495,563.5
2182,1331,3,0.2937315894613102,738.2999877929688
2182,2064,4,0.3250871951184306,327.8999938964844
2182,2118,5,0.3341698423249785,358.20001220703125
2183,1719,1,0.2989476494238558,152.89999389648438
2183,2211,2,0.3091169585984443,2578.0
2183,993,3,0.31103868899650405,548.5
2183,1894,4,0.3130933885674634,1108.5
2183,1912,5,0.31845445907647707,889.2000122070312
2184,1209,1,0.16479073587278345,71.5
2184,1708,2,0.20658372595412866,268.70001220703125
2184,2077,3,0.20770079367973954,568.9000244140625
2184,1856,4,0.23756311851298012,210.39999389648438
2184,705,5,0.23870738394846347,4460.0
2185,2172,1,0.3639942464189333,145.8000030517578
2185,2072,2,0.3696092606645469,442.6000061035156
2185,1032,3,0.3732706461159488,541.5
2185,1755,4,0.3866162413448077,544.4000244140625
2185,1916,5,0.39031671597903217,584.7000122070312
2186,2165,1,0.17651846134946458,111.30000305175781
2186,2167,2,0.2340009251032358,14.300000190734863
2186,2070,3,0.23843163357407088,441.8999938964844
2186,2173,4,0.2444291777120074,24.0
2186,1504,5,0.251624757134724,342.0
2187,215,1,0.25705074746039963,1573.5999755859375
2187,1203,2,0.2646737637229402,215.0
2187,212,3,0.28233211340414227,1195.5
2187,451,4,0.2888073435867091,4389.0
2187,14,5,0.29836397967060563,3962.60009765625
2188,991,1,0.15221791132716203,323.79998779296875
2188,1212,2,0.16578990038995836,180.39999389648438
2188,1001,3,0.1711713769154193,301.70001220703125
2188,1875,4,0.17476081903399268,966.4000244140625
2188,2165,5,0.17546751991470252,79.0
2189,2177,1,0.2844403710540825,50.900001525878906
2189,1207,2,0.2892632053051477,291.0
2189,1486,3,0.3020346664916855,278.79998779296875
2189,1578,4,0.31171101784285316,556.4000244140625
2189,1861,5,0.31621348982490155,166.1999969482422
2190,1971,1,0.12012597798045811,323.29998779296875
2190,1979,2,0.12546985027406307,336.6000061035156
2190,1597,3,0.129782961872966,1273.300048828125
2190,2388,4,0.16845827769886718,2527.699951171875
2190,1134,5,0.1776845123374856,3082.0
2191,2203,1,0.18188392082793697,236.8000030517578
2191,2192,2,0.2537825207210678,236.8000030517578
2191,1161,3,0.27129438160221425,2330.89990234375
2191,2194,4,0.274323562000538,25.0
2191,1054,5,0.27839991115891444,1986.0
2192,1054,1,0.17264282455217358,2216.39990234375
2192,2620,2,0.1930273654331875,1127.5
2192,2203,3,0.20360934302934064,0.0
2192,1136,4,0.22995328944161744,2439.39990234375
2192,1051,5,0.23572651390828195,1887.300048828125
2193,2220,1,0.14741540519340912,489.5
2193,2004,2,0.16587552850638987,610.0999755859375
2193,2032,3,0.19503473766201312,578.7999877929688
2193,2226,4,0.20132299256693645,546.2999877929688
2193,1986,5,0.21448742839170185,544.7000122070312
2194,2203,1,0.21775161421224562,255.3000030517578
2194,2311,2,0.25967213831096264,591.5
2194,509,3,0.26754358585132254,1407.300048828125
2194,2006,4,0.2742280115312777,447.1000061035156
2194,2191,5,0.274323562000538,25.0
2195,2204,1,0.3983109186055179,127.5
2195,1610,2,0.42258630827659904,743.2999877929688
2195,742,3,0.4438475323048615,1135.5999755859375
2195,1638,4,0.4825025549297984,213.39999389648438
2195,1658,5,0.4999864759459558,319.70001220703125
2196,1025,1,0.34096250838968195,2362.60009765625
2196,1419,2,0.3622763907402118,2229.699951171875
2196,1581,3,0.3810486244444079,2588.89990234375
2196,828,4,0.3871461446308222,2538.60009765625
2196,2056,5,0.390956762075231,2673.60009765625
2197,569,1,0.1962758565362621,1460.199951171875
2197,1647,2,0.27037952837508483,299.0
2197,1065,3,0.3091481648336975,1973.800048828125
2197,521,4,0.3171549736654481,1200.5999755859375
2197,1941,5,0.3211151329516268,1626.0
2198,1948,1,0.27711146022049504,1792.5
2198,929,2,0.28120289121921377,2407.60009765625
2198,1631,3,0.28185492973323056,937.0
2198,377,4,0.3157036740461144,1509.4000244140625
2198,1535,5,0.32336265824170857,1962.5
2199,70,1,0.32876654720179993,1084.9000244140625
2199,1185,2,0.3582006302614608,2898.39990234375
2199,231,3,0.36472164903414056,1770.5
2199,2302,4,0.3668569736980099,1036.4000244140625
2199,2202,5,0.36949085076618576,350.3999938964844
2200,1041,1,0.42766605295688487,2465.300048828125
2200,530,2,0.4697578062430645,965.2999877929688
2200,1143,3,0.4957469599103633,2688.89990234375
2200,1607,4,0.5003044068072561,754.0
2200,1629,5,0.5177305224449965,1090.800048828125
2201,1640,1,0.2730558207696692,399.0
2201,460,2,0.31192636227368503,1788.4000244140625
2201,1296,3,0.33512099263835793,1590.0
2201,2202,4,0.3429891110083714,211.39999389648438
2201,242,5,0.34814348986654303,1709.199951171875
2202,383,1,0.28070429319051754,976.5999755859375
2202,1048,2,0.3179503288309686,1782.4000244140625
2202,2201,3,0.3429891110083714,211.39999389648438
2202,743,4,0.35488836935990264,795.0
2202,2041,5,0.357799661624822,184.10000610351562
2203,2191,1,0.18188392082793697,236.8000030517578
2203,2192,2,0.20360934302934064,0.0
2203,2194,3,0.21775161421224562,255.3000030517578
2203,766,4,0.22710877841293156,986.0999755859375
2203,1142,5,0.24283776697523035,2679.39990234375
2204,14,1,0.2496772467091578,1526.9000244140625
2204,1168,2,0.3039564380373901,2286.10009765625
2204,1930,3,0.32460429393372614,1908.5999755859375
2204,1659,4,0.3354314244588114,443.70001220703125
2204,214,5,0.3758557342182282,2825.0
2205,2134,1,0.40893374380477865,2222.699951171875
2205,2139,2,0.40985100684173037,2333.5
2205,898,3,0.4243710825309692,1817.5999755859375
2205,1897,4,0.4392207989416008,1289.300048828125
2205,2314,5,0.4642582399909884,583.9000244140625
2206,1204,1,0.244669592887058,2450.10009765625
2206,1930,2,0.2520561578098537,1835.0
2206,1535,3,0.27149355442828654,1915.300048828125
2206,744,4,0.2847048498213443,950.7999877929688
2206,2041,5,0.29132187687307814,277.8999938964844
2207,1942,1,0.45448655854193426,2012.800048828125
2207,1642,2,0.4809656305321113,121.0
2207,2137,3,0.527903004083346,2712.5
2207,1607,4,0.5808527630312544,681.4000244140625
2207,1773,5,0.5921746982694219,2924.199951171875
2208,243,1,0.5162146977871948,2396.60009765625
2208,1570,2,0.5281217680661667,1830.699951171875
2208,1159,3,0.5385400177655005,3023.800048828125
2208,544,4,0.5899096833730014,982.5999755859375
2208,1594,5,0.5928220184594178,2873.5
2210,1979,1,0.1862005213128022,336.6000061035156
2210,2432,2,0.18796024914746928,2513.10009765625
2210,2392,3,0.20261974041462236,2515.5
2210,2190,4,0.2076135465173953,0.0
2210,2383,5,0.21417253950895734,2531.60009765625
2211,2183,1,0.3091169585984443,2578.0
2211,1304,2,0.36444419474754775,2080.199951171875
2211,2126,3,0.3710333965318855,2651.89990234375
2211,993,4,0.3721880572930012,2078.300048828125
2211,1111,5,0.38710525132087903,2233.300048828125
2212,2030,1,0.2839662069519477,276.20001220703125
2212,2036,2,0.30486828578134983,309.6000061035156
2212,712,3,0.32247164072486045,2124.0
2212,760,4,0.32857265005234465,659.0999755859375
2212,1061,5,0.33432634638874653,1697.9000244140625
2213,2064,1,0.2655896905569289,2447.10009765625
2213,1132,2,0.28795839058928985,2002.199951171875
2213,1209,3,0.29385512722140117,2433.199951171875
2213,2184,4,0.29461000525694375,2412.39990234375
2213,360,5,0.3059178916754765,1350.5
2215,1192,1,0.28338896217330334,2827.10009765625
2215,2155,2,0.318481366640314,2024.4000244140625
2215,905,3,0.3525333002297407,1628.9000244140625
2215,1193,4,0.38316461380513656,2808.10009765625
2215,744,5,0.38731577533473804,892.0999755859375
2216,2410,1,0.28384607449182114,3044.60009765625
2216,2572,2,0.2933053378582075,2524.0
2216,2472,3,0.3132158518317216,2515.800048828125
2216,2210,4,0.3213044453155225,672.0
2216,2588,5,0.3286858593011423,2542.89990234375
2217,2243,1,0.1512313490635288,176.8000030517578
2217,2222,2,0.2326241834938991,760.4000244140625
2217,1507,3,0.23728659067776925,4083.699951171875
2217,1398,4,0.2405809392657197,3530.699951171875
2217,1506,5,0.25731396629091574,4217.7998046875
2218,2241,1,0.24968355372472195,397.0
2218,2146,2,0.27635436113126044,167.5
2218,2223,3,0.32575312150142943,71.0
2218,1398,4,0.3283556738211985,3479.5
2218,1511,5,0.3445640464107174,3954.0
2219,2010,1,0.2521539256503762,1215.0
2219,890,2,0.25368706493566706,3065.5
2219,1398,3,0.25392267754899234,3541.60009765625
2219,892,4,0.26924256653026096,2482.5
2219,229,5,0.284048672356647,2565.300048828125
2220,2193,1,0.14741540519340912,489.5
2220,2226,2,0.22886852305985983,62.20000076293945
2220,2004,3,0.23223546411538543,1094.199951171875
2220,2221,4,0.26083086626593466,276.8999938964844
2220,2000,5,0.2705957905431367,1138.0999755859375
2221,2226,1,0.13436961827482352,217.89999389648438
2221,890,2,0.20215995938450726,3095.800048828125
2221,2193,3,0.24346455194003347,760.9000244140625
2221,206,4,0.24363591170023932,3575.199951171875
2221,1506,5,0.2490547361208565,4259.0
2222,2217,1,0.2326241834938991,760.4000244140625
2222,1507,2,0.24848460739232814,3403.5
2222,2243,3,0.24910000357310522,886.4000244140625
2222,1999,4,0.26868365599642074,782.7999877929688
2222,2220,5,0.2771518437533487,530.2000122070312
2223,1518,1,0.32559719473421,3995.5
2223,2218,2,0.32575312150142943,71.0
2223,2813,3,0.3364668509911425,2951.300048828125
2223,2165,4,0.3386342706748955,3134.199951171875
2223,2241,5,0.33866138139890506,341.3999938964844
2224,2232,1,0.30350211399958027,50.29999923706055
2224,1463,2,0.3607271649448956,2722.300048828125
2224,222,3,0.36761506839401326,3331.199951171875
2224,2032,4,0.3921122846007242,1023.4000244140625
2224,1403,5,0.40164451484794966,3239.300048828125
2225,2233,1,0.2300122473165877,165.1999969482422
2225,2236,2,0.28134365516751075,370.20001220703125
2225,1111,3,0.35365435846738397,2996.699951171875
2225,2062,4,0.3677902463078731,3468.0
2225,1991,5,0.38537601342064104,1547.300048828125
2226,2221,1,0.13436961827482352,217.89999389648438
2226,2193,2,0.20132299256693645,546.2999877929688
2226,890,3,0.2164995752390129,2881.199951171875
2226,2220,4,0.22886852305985983,62.20000076293945
2226,1506,5,0.24942964378859758,4044.39990234375
2227,1398,1,0.22896995966633943,2889.0
2227,2228,2,0.2647359723400288,204.6999969482422
2227,1993,3,0.2835906942884229,530.4000244140625
2227,1141,4,0.2959667364010449,3596.10009765625
2227,1881,5,0.30690821388100037,1870.9000244140625
2228,2227,1,0.2647359723400288,204.6999969482422
2228,2063,2,0.27768185522058486,2528.800048828125
2228,896,3,0.28140121528697,2247.699951171875
2228,1117,4,0.2837258144945654,1923.699951171875
2228,2337,5,0.2944549609833101,1941.699951171875
2229,2882,1,0.2745584201379616,910.4000244140625
2229,2245,2,0.3220035811284687,475.0
2229,2146,3,0.32408103494360274,1118.199951171875
2229,1993,4,0.35336428133326264,703.0
2229,2337,5,0.38197262709015567,2318.89990234375
2230,2234,1,0.3625771990455784,262.8999938964844
2230,2199,2,0.3839164571277702,1063.9000244140625
2230,208,3,0.40041947269415323,3194.5
2230,2002,4,0.4089877395538986,879.4000244140625
2230,231,5,0.4218495240257822,1911.699951171875
2231,2235,1,0.28928674778053315,308.20001220703125
2231,897,2,0.3286666514000272,2274.89990234375
2231,1163,3,0.35023873620715607,3504.699951171875
2231,689,4,0.35377105316193636,3095.800048828125
2231,1511,5,0.3738551984756607,3479.89990234375
2232,222,1,0.2600630141417281,3356.300048828125
2232,2224,2,0.30350211399958027,50.29999923706055
2232,1999,3,0.30474017874382514,1108.5
2232,1673,4,0.31483633622240875,1688.4000244140625
2232,1070,5,0.3205629602090293,2904.300048828125
2233,2225,1,0.2300122473165877,165.1999969482422
2233,2236,2,0.27842588718669364,217.89999389648438
2233,1111,3,0.3930611319555463,2844.5
2233,1549,4,0.3964132998800074,2668.39990234375
2233,2062,5,0.39735499785142286,3315.800048828125
2234,208,1,0.2601892714186146,3047.800048828125
2234,221,2,0.29182784448268667,2935.39990234375
2234,1519,3,0.30148914676148864,3607.60009765625
2234,216,4,0.3032709685588583,2790.0
2234,1119,5,0.3045542881579955,2073.5
2235,2336,1,0.2539304537585262,2062.10009765625
2235,1054,2,0.27561115829481636,2000.0999755859375
2235,2192,3,0.2778463906395269,1156.5999755859375
2235,897,4,0.2787783006271468,1967.4000244140625
2235,1051,5,0.2796286459566163,1671.0
2236,2233,1,0.27842588718669364,217.89999389648438
2236,2225,2,0.28134365516751075,370.20001220703125
2236,1111,3,0.41598776419758104,2629.89990234375
2236,450,4,0.44195224826613005,2392.5
2236,1652,5,0.48525121685709266,1180.9000244140625
2237,601,1,0.3675380651516804,4468.5
2237,1071,2,0.4091159590306622,2465.199951171875
2237,55,3,0.4256679484368616,1458.0
2237,459,4,0.45529418065104565,2581.39990234375
2237,581,5,0.4591892706985559,4942.2998046875
2238,843,1,0.27904099050217157,7757.10009765625
2238,777,2,0.3679196844592234,8172.89990234375
2238,312,3,0.37881064699431577,6577.0
2238,325,4,0.3894508451360444,5602.39990234375
2238,776,5,0.4266307313887368,8049.60009765625
2241,2218,1,0.24968355372472195,397.0
2241,1511,2,0.2703154569339825,4160.7998046875
2241,1518,3,0.2778157843134873,4136.39990234375
2241,2882,4,0.3139036557922017,238.6999969482422
2241,207,5,0.3207806802057834,3925.60009765625
2242,2221,1,0.31103883437026936,883.4000244140625
2242,2245,2,0.3376851392801678,239.89999389648438
2242,1506,3,0.3492588383928899,4416.2998046875
2242,2217,4,0.3522542258260569,618.5999755859375
2242,2226,5,0.3574316343521517,744.5
2243,2217,1,0.1512313490635288,176.8000030517578
2243,2621,2,0.22659399962905158,1777.0999755859375
2243,890,3,0.23269031388562744,3180.60009765625
2243,1398,4,0.23549857648030645,3656.699951171875
2243,2222,5,0.24910000357310522,886.4000244140625
2244,1956,1,0.7488864402458476,7693.5
2244,795,2,0.9302264271388829,7705.89990234375
2244,1682,3,0.9489923868948938,2749.89990234375
2244,1975,4,0.9753908116571718,1978.5
2244,1270,5,0.9927225971201455,2610.5
2245,1508,1,0.24373980296272252,4068.10009765625
2245,2882,2,0.24511057746745443,445.70001220703125
2245,225,3,0.2758749725499594,3312.10009765625
2245,228,4,0.2793094005527255,3000.60009765625
2245,2879,5,0.2943999329875847,524.5999755859375
2248,1508,1,0.42564814241954224,4618.89990234375
2248,225,2,0.4474033436054653,3862.89990234375
2248,1518,3,0.4520470676923914,4500.60009765625
2248,844,4,0.4830814279496014,7392.7001953125
2248,856,5,0.48894483566740776,7587.5
2249,797,1,0.467105207873643,8123.60009765625
2249,803,2,0.4857937510622914,8049.2001953125
2249,856,3,0.5428465067292976,7807.89990234375
2249,917,4,0.5485229683659057,3059.10009765625
2249,787,5,0.6181768405884371,7889.10009765625
2250,917,1,0.456156049317272,3466.699951171875
2250,855,2,0.5298171130662411,7837.5
2250,340,3,0.5771549596547259,7565.7001953125
2250,1431,4,0.5931212799017153,9076.900390625
2250,803,5,0.5936662637097655,8369.400390625
2251,1845,1,0.1465832894845529,670.7999877929688
2251,2282,2,0.15047129830654338,894.2999877929688
2251,481,3,0.16206690265122087,245.89999389648438
2251,1008,4,0.1641759621374122,797.9000244140625
2251,1952,5,0.17544235826270774,434.29998779296875
2252,1009,1,0.16009517982877958,669.7000122070312
2252,1919,2,0.16878676109265234,338.8999938964844
2252,380,3,0.16936211083249086,269.3999938964844
2252,1577,4,0.17484437369496883,1329.9000244140625
2252,1668,5,0.20416667483083872,304.8999938964844
2253,1556,1,0.3116889636376077,351.29998779296875
2253,1679,2,0.33691650385435434,786.0
2253,1591,3,0.3853579986456265,1441.0999755859375
2253,1685,4,0.38828242610820096,458.3999938964844
2253,1700,5,0.41413971958428614,762.2000122070312
2254,1657,1,0.4148771804326619,2190.0
2254,1928,2,0.4772313291579043,398.20001220703125
2254,755,3,0.5216798811590422,876.7000122070312
2254,717,4,0.5535997021473822,3517.0
2254,1777,5,0.5552308431837744,1366.699951171875
2255,1429,1,0.20133142796790127,645.0999755859375
2255,1427,2,0.24741129363176836,667.5999755859375
2255,295,3,0.2556006283313007,245.89999389648438
2255,1205,4,0.2686101931762283,1026.5999755859375
2255,769,5,0.2705031166712867,1125.5
2256,520,1,0.5562676173493325,3091.89990234375
2256,926,2,0.5615509536272776,1268.4000244140625
2256,2332,3,0.5745426960930317,903.9000244140625
2256,2269,4,0.5982051216253143,172.8000030517578
2256,1743,5,0.6346762871449244,398.8999938964844
2257,1929,1,0.2197919485611908,437.70001220703125
2257,569,2,0.23796291503968672,3064.800048828125
2257,1551,3,0.2816545799381752,534.7000122070312
2257,2075,4,0.2830570913000401,434.6000061035156
2257,1745,5,0.295499263935872,229.6999969482422
2258,305,1,0.2875308240877838,302.1000061035156
2258,2270,2,0.30006426092017663,47.5
2258,1917,3,0.3028469047993723,404.79998779296875
2258,922,4,0.31567568155338804,1057.9000244140625
2258,1714,5,0.3178228356070426,839.5999755859375
2259,1929,1,0.2264189237646031,442.0
2259,298,2,0.2893155746761388,336.79998779296875
2259,293,3,0.30961838084489735,383.5
2259,521,4,0.31924701482122103,2703.0
2259,2072,5,0.3331261327810441,453.8999938964844
2260,564,1,0.38916642364243276,2737.300048828125
2260,1897,2,0.395247544210446,244.6999969482422
2260,1656,3,0.3983136945343553,1953.300048828125
2260,273,4,0.398907924298989,342.20001220703125
2260,377,5,0.39935488779330275,207.60000610351562
2262,1666,1,0.32478244020962044,494.3999938964844
2262,1691,2,0.3476178713291387,481.79998779296875
2262,378,3,0.3664416424537514,557.5
2262,929,4,0.39688355470796716,897.0999755859375
2262,490,5,0.39797114085044505,302.1000061035156
2264,1041,1,0.26877498391795157,786.7000122070312
2264,1618,2,0.280838401431518,2726.300048828125
2264,1862,3,0.30131027820107925,624.0999755859375
2264,1223,4,0.30369366318666446,1009.0999755859375
2264,1429,5,0.32306951620945773,641.9000244140625
2265,1945,1,0.37581711507522225,390.5
2265,1751,2,0.4539108141690058,189.8000030517578
2265,1426,3,0.463703042267932,729.7999877929688
2265,2137,4,0.48236772355917923,1156.699951171875
2265,1894,5,0.4899955557989057,323.70001220703125
2266,2087,1,0.28709140020295,540.4000244140625
2266,2061,2,0.2924112628856223,1319.4000244140625
2266,829,3,0.30430738900288073,1059.9000244140625
2266,1420,4,0.3066345784741242,778.2000122070312
2266,1941,5,0.3135692873172086,211.3000030517578
2267,706,1,0.27663293655972115,3463.0
2267,1127,2,0.3677915651226935,719.7999877929688
2267,1019,3,0.37933642850153276,584.2999877929688
2267,2259,4,0.39644282871894576,119.5
2267,1016,5,0.40132741898527624,682.4000244140625
2268,549,1,0.48979895421285735,2657.199951171875
2268,1706,2,0.49484315572666276,604.5
2268,496,3,0.5110496688701703,420.3999938964844
2268,1917,4,0.5270947979694554,310.3999938964844
2268,2088,5,0.5413397525334669,569.0999755859375
2269,1698,1,0.3899951616213831,475.0
2269,546,2,0.4118282397256026,2916.10009765625
2269,2332,3,0.4171631316426784,1001.4000244140625
2269,926,4,0.43111719523292585,1387.300048828125
2269,1784,5,0.44265217972107673,1412.5999755859375
2270,2258,1,0.30006426092017663,47.5
2270,565,2,0.30253495882502834,2785.199951171875
2270,1727,3,0.31784341437085606,833.7000122070312
2270,1417,4,0.34732349287886394,741.7000122070312
2270,1030,5,0.3530614829576288,783.7999877929688
2271,2094,1,0.3005760108473493,631.2999877929688
2271,548,2,0.3368013771071844,2756.60009765625
2271,1932,3,0.33833050700779377,298.70001220703125
2271,687,4,0.3878680630973229,3250.199951171875
2271,1544,5,0.4455676653103123,446.29998779296875
2272,833,1,0.2471490306300354,1308.4000244140625
2272,1004,2,0.24918871610727558,600.7000122070312
2272,1930,3,0.28962928077545225,528.2999877929688
2272,1848,4,0.2920096063601813,700.5
2272,2330,5,0.2947504841412174,891.9000244140625
2274,1532,1,0.28732400418171244,541.9000244140625
2274,2295,2,0.3111094650143011,1052.699951171875
2274,1910,3,0.32220328974412077,168.39999389648438
2274,2310,4,0.3359522682652285,945.7999877929688
2274,1554,5,0.3376393641540583,434.6000061035156
2275,504,1,0.09730999602871472,1784.5
2275,1224,2,0.1088579382546707,1814.9000244140625
2275,1977,3,0.13607449000876395,214.1999969482422
2275,2144,4,0.13785693341211844,1811.0999755859375
2275,1258,5,0.14455164756099126,1028.699951171875
2276,2310,1,0.20233789386479142,241.5
2276,1341,2,0.2371761723161116,194.10000610351562
2276,2036,3,0.23774362908440314,381.8999938964844
2276,2030,4,0.2565769182266573,289.70001220703125
2276,1262,5,0.257725597962888,844.5999755859375
2278,1885,1,0.4462590966056021,895.0
2278,1780,2,0.4581640373690297,2433.300048828125
2278,1608,3,0.46246380181058966,1709.4000244140625
2278,217,4,0.46512022537503994,2372.39990234375
2278,1770,5,0.46817098290129944,2324.39990234375
2279,224,1,0.13397375019577762,1242.300048828125
2279,1107,2,0.16033738866828062,1584.300048828125
2279,1527,3,0.1619096967239114,1368.800048828125
2279,1986,4,0.1757827951890149,191.10000610351562
2279,763,5,0.1780502321659982,641.9000244140625
2280,1599,1,0.16407643155994867,1688.199951171875
2280,1229,2,0.16581912155312223,1958.5999755859375
2280,2320,3,0.16687928707478644,1694.4000244140625
2280,1919,4,0.16870009936394997,1099.9000244140625
2280,1009,5,0.1764284400374366,1432.5
2281,1233,1,0.13999651247405612,2211.199951171875
2281,2275,2,0.14832348545043372,296.6000061035156
2281,2004,3,0.16183626233293538,502.1000061035156
2281,2282,4,0.16260702309612082,227.8000030517578
2281,25,5,0.16680964706601706,542.0
2282,1107,1,0.14443185375832757,1478.0999755859375
2282,988,2,0.14839485618934087,1413.699951171875
2282,1986,3,0.15001688783164863,219.0
2282,2251,4,0.15047129830654338,894.2999877929688
2282,481,5,0.15419759575989672,990.7999877929688
2286,1765,1,0.15546070749717714,2256.60009765625
2286,2289,2,0.1858774280729912,48.599998474121094
2286,3005,3,0.20004969114020235,1369.800048828125
2286,2280,4,0.2200322928444043,232.1999969482422
2286,419,5,0.2231567856191278,758.5999755859375
2287,2300,1,0.24183051570300226,269.5
2287,2293,2,0.2904412673388617,81.19999694824219
2287,2333,3,0.30127568034620034,1446.5999755859375
2287,2301,4,0.30764552049570576,30.299999237060547
2287,1788,5,0.3141394592734495,2156.39990234375
2288,1407,1,0.1582313879961158,2141.699951171875
2288,2005,2,0.180704147401153,217.6999969482422
2288,1875,3,0.19073789410848785,830.2999877929688
2288,1303,4,0.1927589568937724,1575.4000244140625
2288,3011,5,0.19741197912050806,63.70000076293945
2289,1765,1,0.1664900093219396,2213.0
2289,2286,2,0.1858774280729912,48.599998474121094
2289,44,3,0.1928158950707228,456.3999938964844
2289,1334,4,0.20704445805599497,290.6000061035156
2289,2280,5,0.22235376829944753,185.39999389648438
2292,1339,1,0.27737107572638586,360.20001220703125
2292,2304,2,0.2824802038813253,77.0999984741211
2292,2041,3,0.29746768443022614,425.20001220703125
2292,1987,4,0.29881228312789215,273.0
2292,531,5,0.3327497867302809,1867.9000244140625
2293,2324,1,0.21903404712773164,1347.0999755859375
2293,2296,2,0.27251424269997254,385.79998779296875
2293,2001,3,0.28330138315797293,549.7000122070312
2293,2287,4,0.2904412673388617,81.19999694824219
2293,1536,5,0.2979130595844845,1116.699951171875
2294,1780,1,0.3604864988831405,2580.300048828125
2294,1555,2,0.3964833012132249,1458.699951171875
2294,2056,3,0.4006552124740989,2252.300048828125
2294,1688,4,0.4103315131078725,79.30000305175781
2294,2179,5,0.41260210106101153,1827.0
2295,1611,1,0.18997632517349305,1770.0
2295,1251,2,0.19718803929064482,2230.5
2295,540,3,0.19798050509788948,1810.199951171875
2295,1532,4,0.20683019787309948,1460.699951171875
2295,760,5,0.21152897484309244,614.0
2296,1413,1,0.18741145201938156,1555.699951171875
2296,1414,2,0.21823923501084097,1652.199951171875
2296,2299,3,0.26062619973170853,167.3000030517578
2296,1422,4,0.26525745121779953,1627.0999755859375
2296,2293,5,0.27251424269997254,385.79998779296875
2297,2009,1,0.2468350897543098,690.7000122070312
2297,1991,2,0.26106388556457366,345.20001220703125
2297,1992,3,0.28340971071972526,344.70001220703125
2297,1976,4,0.28642948250151545,321.79998779296875
2297,995,5,0.2974309479103897,1548.4000244140625
2298,999,1,0.15332713617123794,1481.9000244140625
2298,2325,2,0.1693011719869381,1722.0
2298,2036,3,0.20688775576562693,484.79998779296875
2298,215,4,0.21276877993366022,2676.800048828125
2298,2310,5,0.22285139773598764,93.0999984741211
2299,543,1,0.24330625362665614,2006.199951171875
2299,1950,2,0.2555523674166392,1243.699951171875
2299,559,3,0.2572923210328644,1963.4000244140625
2299,1930,4,0.26055153941885395,1369.5
2299,2296,5,0.26062619973170853,167.3000030517578
2300,2287,1,0.24183051570300226,269.5
2300,751,2,0.24755968025176225,506.20001220703125
2300,1533,3,0.3166147966711891,1204.300048828125
2300,2333,4,0.33179148848263157,1650.699951171875
2300,1346,5,0.33658049562609194,276.1000061035156
2301,1941,1,0.1956735979682935,807.2000122070312
2301,1530,2,0.21766903602801474,1035.9000244140625
2301,1629,3,0.22249088532422223,1916.199951171875
2301,1413,4,0.24288440165167896,1389.0
2301,1137,5,0.24335671437670053,3373.5
2302,2199,1,0.3668569736980099,1036.4000244140625
2302,1639,2,0.3709152487434947,1343.0
2302,2292,3,0.38840356336621606,387.6000061035156
2302,70,4,0.38871648912748974,493.5
2302,2041,5,0.3913639287067256,772.5
2303,1973,1,0.22120667705036492,348.6000061035156
2303,1972,2,0.2220390883319864,385.6000061035156
2303,1978,3,0.25791970139822906,286.1000061035156
2303,2335,4,0.26127516343525015,1728.4000244140625
2303,2289,5,0.2615151797587715,60.5
2304,1644,1,0.20189509827837313,857.4000244140625
2304,2041,2,0.2530871190042631,382.8999938964844
2304,239,3,0.2776953501452815,1650.0
2304,2292,4,0.2824802038813253,77.0999984741211
2304,223,5,0.30721226712417576,2531.0
2305,696,1,0.3601769996883849,2570.5
2305,272,2,0.3664398000055648,1053.4000244140625
2305,282,3,0.3871999061799156,1032.4000244140625
2305,1730,4,0.45104493554460817,2018.199951171875
2305,2292,5,0.462975427362133,85.9000015258789
2307,32,1,0.40427582570523984,306.0
2307,2315,2,0.4908980875085211,127.5
2307,2035,3,0.5071805617562615,640.5999755859375
2307,70,4,0.5086208895990832,472.79998779296875
2307,1185,5,0.5132691671125583,2478.199951171875
2308,1536,1,0.2777683121339213,1314.5999755859375
2308,1280,2,0.2792174537301194,761.0999755859375
2308,2310,3,0.2990423057972,263.3999938964844
2308,432,4,0.31343910536068653,431.0
2308,1341,5,0.31667893987350965,239.0
2309,2326,1,0.4220351500021403,1773.4000244140625
2309,1343,2,0.4242231498494772,148.10000610351562
2309,432,3,0.42871344948061413,758.5
2309,1344,4,0.45997649143966113,331.8999938964844
2309,1340,5,0.46895464514651153,288.70001220703125
2310,2276,1,0.20233789386479142,241.5
2310,1611,2,0.2165461292358284,1676.4000244140625
2310,2298,3,0.22285139773598764,93.0999984741211
2310,2036,4,0.22791460342434672,562.0999755859375
2310,1536,5,0.23799077611475167,1413.199951171875
2311,1985,1,0.16681266717055687,493.8999938964844
2311,1112,2,0.16742956065279205,1363.0
2311,1577,3,0.17665135245764524,1974.4000244140625
2311,374,4,0.19484372649951726,558.7000122070312
2311,1990,5,0.19690326547161158,520.5999755859375
2312,76,1,0.14215718368721386,432.20001220703125
2312,2281,2,0.2134113949158277,317.8999938964844
2312,757,3,0.2154166068291222,525.0999755859375
2312,918,4,0.22453202537503197,2084.39990234375
2312,1952,5,0.22510083707810835,1275.9000244140625
2314,277,1,0.281395105971717,1004.9000244140625
2314,2157,2,0.333433221245159,1971.300048828125
2314,898,3,0.3653415875235455,1725.300048828125
2314,1185,4,0.3653503391977995,2535.10009765625
2314,1180,5,0.3722612878478355,2481.39990234375
2315,1697,1,0.3033333713278466,640.9000244140625
2315,1644,2,0.3356931512231,1043.0
2315,1610,3,0.3460852125961107,1538.199951171875
2315,32,4,0.3479230564838524,337.29998779296875
2315,1788,5,0.39100886571288307,2383.89990234375
2316,1052,1,0.63303310760875,1679.5999755859375
2316,711,2,0.643123790943929,2354.199951171875
2316,2322,3,0.6652638423505627,1644.5
2316,2317,4,0.6681363340034917,176.3000030517578
2316,2051,5,0.6752722545583705,1967.300048828125
2317,1645,1,0.36390920661744897,996.5999755859375
2317,2215,2,0.39603869528823954,717.2000122070312
2317,1351,3,0.4062690380911292,264.0
2317,2051,4,0.41061164058835503,2080.800048828125
2317,43,5,0.42686952959645846,520.2000122070312
2318,2044,1,0.1332496235874704,643.5
2318,988,2,0.14553518535369422,212.6999969482422
2318,1527,3,0.1503486348116185,361.79998779296875
2318,1107,4,0.15681984505674473,117.19999694824219
2318,890,5,0.15920353906796772,957.5
2320,1986,1,0.13537958700085553,1707.300048828125
2320,1919,2,0.16397202077362333,1142.0
2320,2282,3,0.16636063979170065,1679.5999755859375
2320,2280,4,0.16687928707478644,1694.4000244140625
2320,2318,5,0.18524056462606409,85.30000305175781
2321,1989,1,0.4116712677222518,1708.5999755859375
2321,2055,2,0.47915785717357523,637.0
2321,2176,3,0.5046427797000316,481.79998779296875
2321,2059,4,0.5215735146333355,685.9000244140625
2321,1854,5,0.5291613845468952,559.0
2322,1588,1,0.3578749317404272,585.7999877929688
2322,1244,2,0.3977264741133152,3467.10009765625
2322,1628,3,0.4021957493754716,2764.60009765625
2322,2274,4,0.4128354419835084,857.5999755859375
2322,2059,5,0.41809768850266793,626.9000244140625
2323,2114,1,0.5388577712845845,81.5999984741211
2323,1628,2,0.6171812663497775,2927.300048828125
2323,2068,3,0.6177921733016348,503.20001220703125
2323,449,4,0.6207033333703883,4406.0
2323,1855,5,0.6356959730955308,659.7000122070312
2324,2293,1,0.21903404712773164,1347.0999755859375
2324,2073,2,0.27642560088561013,675.0
2324,2296,3,0.2907776947083329,1591.0
2324,1306,4,0.2972556835220065,232.0
2324,999,5,0.29785167821943337,325.8999938964844
2325,2298,1,0.1693011719869381,1722.0
2325,999,2,0.2412970940989346,428.20001220703125
2325,2036,3,0.2610202881982974,1748.0999755859375
2325,239,4,0.2692375109703097,1360.5
2325,751,5,0.2709260602709272,1084.199951171875
2326,999,1,0.2993935744237337,468.29998779296875
2326,1766,2,0.30892214412063895,894.9000244140625
2326,2298,3,0.3223753837860898,1671.199951171875
2326,2325,4,0.32411674937459284,50.79999923706055
2326,531,5,0.34729196520725,3301.0
2327,2150,1,0.37130986562732543,3811.0
2327,572,2,0.38584815874380934,3169.199951171875
2327,1886,3,0.3933193376556009,1244.800048828125
2327,905,4,0.437028921553566,1036.9000244140625
2327,1852,5,0.4442139465945875,500.5
2328,1688,1,0.39549560219148244,2021.300048828125
2328,1852,2,0.43000603315316727,520.7999877929688
2328,360,3,0.4474307602804153,992.2999877929688
2328,1058,4,0.45036104452559916,410.79998779296875
2328,2150,5,0.4609337532277504,3831.300048828125
2329,2330,1,0.3029908304376239,141.5
2329,1316,2,0.3992196098534276,78.4000015258789
2329,1853,3,0.40440159281496424,370.5
2329,1293,4,0.4195104080212462,677.2999877929688
2329,1306,5,0.4281736402287026,166.1999969482422
2330,1853,1,0.24754231954449019,462.6000061035156
2330,1848,2,0.28604974223638974,624.4000244140625
2330,2272,3,0.2947504841412174,891.9000244140625
2330,2329,4,0.3029908304376239,141.5
2330,1868,5,0.3229883827699797,579.5
2332,2269,1,0.4171631316426784,1001.4000244140625
2332,552,2,0.4176783536399548,3524.800048828125
2332,546,3,0.44834908376438765,3521.0
2332,926,4,0.49558781745281466,1891.5999755859375
2332,1699,5,0.5155375787927637,1564.4000244140625
2333,1912,1,0.19651652519717858,1000.5999755859375
2333,913,2,0.2594968580046315,570.2000122070312
2333,723,3,0.2648382524730266,4033.800048828125
2333,1413,4,0.2772169562203287,657.0
2333,1980,5,0.28360219470435755,1573.5
2334,1240,1,1.018329509073303,3465.300048828125
2334,1557,2,1.202032885131077,443.20001220703125
2334,1588,3,1.2028907443958357,589.2000122070312
2334,752,4,1.2250886620605184,1447.5
2334,408,5,1.244217335345491,4395.7998046875
2335,2303,1,0.26127516343525015,1728.4000244140625
2335,1765,2,0.26347608970449066,684.0999755859375
2335,1592,3,0.27478036592823835,632.5
2335,1260,4,0.2829909917395332,764.4000244140625
2335,741,5,0.284127610884674,1263.0999755859375
2336,1109,1,0.2285569536206176,298.1000061035156
2336,1112,2,0.22930595149037705,248.39999389648438
2336,897,3,0.23990128017381152,540.5999755859375
2336,1778,4,0.2413563676865248,742.0
2336,1876,5,0.25272545098799265,1147.199951171875
2337,1117,1,0.25164582764559135,117.19999694824219
2337,2228,2,0.2944549609833101,1941.699951171875
2337,2063,3,0.31274092098081707,643.5
2337,1993,4,0.3586807307341365,1618.800048828125
2337,2229,5,0.38197262709015567,2318.89990234375
2338,843,1,0.2985278608428111,582.4000244140625
2338,776,2,0.31276597995390887,799.2999877929688
2338,777,3,0.31582309510791984,922.7000122070312
2338,784,4,0.32410438891241306,723.4000244140625
2338,794,5,0.32555833190959305,903.5999755859375
2339,848,1,0.39800355102393065,1080.5
2339,1970,2,0.5365678787236727,858.2000122070312
2339,853,3,0.5724263277782512,1100.800048828125
2339,2341,4,0.5956420657566143,170.5
2339,884,5,0.6100772913121888,993.2000122070312
2340,725,1,0.38494024038330227,4288.2001953125
2340,722,2,0.39368201676255327,4223.5
2340,846,3,0.4190087891227687,527.9000244140625
2340,579,4,0.4311021601603149,2073.800048828125
2340,581,5,0.4365089696064758,2182.39990234375
2341,791,1,0.4299132806520469,765.5
2341,616,2,0.4333293826788188,1828.199951171875
2341,851,3,0.44499139736925947,415.29998779296875
2341,917,4,0.4621812217292654,8125.2998046875
2341,792,5,0.4790717608261058,1285.0
2342,598,1,0.41112669157385523,2249.10009765625
2342,532,2,0.41947430418923337,5096.2998046875
2342,2017,3,0.44455414112285946,6561.2001953125
2342,1192,4,0.4484004226274613,8786.0
2342,2157,5,0.4545419514672417,4797.7998046875
2343,2341,1,0.4901607145972769,242.0
2343,791,2,0.5218401894596322,523.7000122070312
2343,616,3,0.5438027861861888,1586.300048828125
2343,2148,4,0.5672492021275779,5778.7998046875
2343,792,5,0.6001982089011434,1043.199951171875
2344,2487,1,0.4702060113635733,
2344,2565,2,0.4723504265658181,
2344,2518,3,0.4851128041754516,
2344,2555,4,0.4865645615305891,
2344,2585,5,0.48767247749261006,
2345,726,1,0.4819045521483427,
2345,332,2,0.5484289700331166,
2345,2250,3,0.6510772619681939,
2345,340,4,0.7136169455435923,
2345,720,5,0.7380730258533428,
2348,888,1,0.47705138187798324,
2348,312,2,0.516162943361141,
2348,875,3,0.5241614473713695,
2348,332,4,0.550489572619015,
2348,330,5,0.5884046267573634,
2349,330,1,0.6288285691737383,3634.0
2349,614,2,0.6392840403251902,6312.89990234375
2349,718,3,0.6699160975844305,
2349,875,4,0.6722230711487358,4270.7998046875
2349,778,5,0.674012346766097,5947.5
2351,2399,1,0.10516027989348187,9.5
2351,2360,2,0.14693284930018008,7.5
2351,2429,3,0.15174610954537224,12.899999618530273
2351,2390,4,0.1528642023611709,9.100000381469727
2351,2356,5,0.15342256036685223,2.0
2352,2355,1,0.2461161657774013,2.200000047683716
2352,2539,2,0.26516244391254984,704.5
2352,2460,3,0.27857055618090154,4.099999904632568
2352,2461,4,0.2867781316018545,2.0
2352,2537,5,0.29603947377298145,706.5999755859375
2353,2439,1,0.10416750407173692,3.200000047683716
2353,2518,2,0.14041168800884551,702.9000244140625
2353,2574,3,0.14602182922624543,710.5999755859375
2353,2506,4,0.15922572410626104,696.2000122070312
2353,2358,5,0.1694381229818312,3.299999952316284
2354,2429,1,0.1134801156691981,9.399999618530273
2354,2390,2,0.16025257086839229,10.100000381469727
2354,2351,3,0.1732946668901679,3.5
2354,2385,4,0.18700189697746852,10.0
2354,2451,5,0.18752190472114116,8.800000190734863
2355,2460,1,0.16990496424154625,5.300000190734863
2355,2537,2,0.17044996016420474,705.4000244140625
2355,2426,3,0.22700246153383627,16.899999618530273
2355,2375,4,0.2286011234375573,13.699999809265137
2355,2423,5,0.22860691127523122,3.299999952316284
2356,2433,1,0.11209788260575683,14.5
2356,2390,2,0.14043941624011233,7.400000095367432
2356,2385,3,0.14492707465657764,7.800000190734863
2356,2386,4,0.1484674762093254,10.0
2356,2351,5,0.15342256036685223,2.0
2357,2427,1,0.12161498707378522,14.800000190734863
2357,2423,2,0.1221381831443499,8.100000381469727
2357,2440,3,0.12686743250537547,4.199999809265137
2357,2372,4,0.1318962509611081,12.899999618530273
2357,2400,5,0.13945461312056825,9.399999618530273
2358,2359,1,0.09217326273406266,7.0
2358,2373,2,0.13091916399288728,7.099999904632568
2358,2424,3,0.1441491825241726,14.600000381469727
2358,2364,4,0.15771425445588078,6.199999809265137
2358,2365,5,0.1588875883966118,9.699999809265137
2359,2358,1,0.09217326273406266,7.0
2359,2373,2,0.11073753284613924,12.0
2359,2574,3,0.1403148894729812,714.2000122070312
2359,2518,4,0.14408245136088849,706.4000244140625
2359,2424,5,0.14829405534655024,15.699999809265137
2360,2372,1,0.10914722070055483,10.600000381469727
2360,2377,2,0.11161546254570591,13.899999618530273
2360,2405,3,0.11449601656482138,20.200000762939453
2360,2505,4,0.12493814337211753,706.0999755859375
2360,2361,5,0.1258143279492436,1.399999976158142
2361,2360,1,0.1258143279492436,1.399999976158142
2361,2542,2,0.1328602559755796,714.5999755859375
2361,2573,3,0.1347732207618721,716.7000122070312
2361,2440,4,0.14016834950557827,6.0
2361,2567,5,0.14052686712549511,720.5
2362,2604,1,0.23135043685024026,761.0
2362,1453,2,0.25930761918623185,704.9000244140625
2362,2409,3,0.2740384529370396,44.599998474121094
2362,2588,4,0.2890931023506649,756.7000122070312
2362,2445,5,0.3064199294402354,54.20000076293945
2363,2431,1,0.1134473491801632,32.79999923706055
2363,2569,2,0.12344343965575504,737.7000122070312
2363,2380,3,0.12656490222711805,15.699999809265137
2363,2474,4,0.12869083978517312,729.2000122070312
2363,2430,5,0.13425159645221305,29.399999618530273
2364,2373,1,0.08226487696195556,3.0999999046325684
2364,2374,2,0.11328555049060166,4.900000095367432
2364,2372,3,0.11738991813973253,9.0
2364,2365,4,0.12884312033895767,4.599999904632568
2364,2579,5,0.1330188039971463,718.5999755859375
2365,2373,1,0.10075586256978343,3.299999952316284
2365,2424,2,0.121368523029343,19.899999618530273
2365,2364,3,0.12884312033895767,4.599999904632568
2365,2382,4,0.15617906689275143,4.900000095367432
2365,2358,5,0.1588875883966118,9.699999809265137
2366,2434,1,0.07655050256083076,18.700000762939453
2366,2436,2,0.09437251907929757,18.100000381469727
2366,2379,3,0.0965545956651456,4.199999809265137
2366,2453,4,0.1087105788988377,24.100000381469727
2366,2381,5,0.1136275646588828,5.099999904632568
2367,2451,1,0.10313178016548856,24.5
2367,2407,2,0.10435772120459365,30.399999618530273
2367,2406,3,0.120371715093295,32.5
2367,2452,4,0.13110179844989323,23.600000381469727
2367,2389,5,0.13166752500812076,21.899999618530273
2368,2455,1,0.05863149734711676,29.899999618530273
2368,2435,2,0.0878948416357668,22.899999618530273
2368,2453,3,0.09291124302652759,27.299999237060547
2368,2401,4,0.09737494349635582,18.200000762939453
2368,2384,5,0.10581272956304485,5.5
2369,2379,1,0.06770083372159326,7.300000190734863
2369,2378,2,0.0757267780383799,8.5
2369,2426,3,0.09685788687041154,33.099998474121094
2369,2375,4,0.10395488714295455,6.699999809265137
2369,2380,5,0.11620861337379018,10.800000190734863
2370,2464,1,0.30445858211736976,736.7000122070312
2370,2577,2,0.3125596811989803,737.2000122070312
2370,2517,3,0.31506892530940256,720.2999877929688
2370,2462,4,0.316498540513322,728.0999755859375
2370,2557,5,0.31989147186212286,734.2000122070312
2371,1395,1,0.1337478365477629,31.299999237060547
2371,2445,2,0.14666979614916686,44.599998474121094
2371,1467,3,0.1474110763769149,721.2999877929688
2371,2651,4,0.15005962534064976,726.7999877929688
2371,2446,5,0.15257065202676967,38.5
2372,2405,1,0.06899965652596411,27.200000762939453
2372,2561,2,0.07454343665109846,729.2999877929688
2372,2377,3,0.07796840805923923,6.800000190734863
2372,2436,4,0.09601914827796096,21.0
2372,2505,5,0.10422813910969106,711.2000122070312
2373,2364,1,0.08226487696195556,3.0999999046325684
2373,2365,2,0.10075586256978343,3.299999952316284
2373,2359,3,0.11073753284613924,12.0
2373,2358,4,0.13091916399288728,7.099999904632568
2373,2424,5,0.13307310928965987,18.200000762939453
2374,2425,1,0.10249711593259059,18.799999237060547
2374,2405,2,0.11197379632509223,23.100000381469727
2374,2364,3,0.11328555049060166,4.900000095367432
2374,2436,4,0.11456338511628547,17.0
2374,2372,5,0.11722929674895963,5.800000190734863
2375,2426,1,0.09165048467631853,29.899999618530273
2375,2369,2,0.10395488714295455,6.699999809265137
2375,2378,3,0.11385966929478589,8.899999618530273
2375,2379,4,0.11688800214546062,8.0
2375,2475,5,0.13328951614027293,720.2999877929688
2376,2405,1,0.10535490433967357,27.899999618530273
2376,2377,2,0.1116244169309674,2.5
2376,2507,3,0.12311381215370297,708.2999877929688
2376,2372,4,0.1259693702703575,4.400000095367432
2376,2482,5,0.1272787666341108,720.0
2377,2405,1,0.05961102538479306,29.700000762939453
2377,2372,2,0.07796840805923923,6.800000190734863
2377,2436,3,0.10455660532557247,23.5
2377,2561,4,0.10888480127822396,731.7999877929688
2377,2360,5,0.11161546254570591,13.899999618530273
2378,2379,1,0.0648454738900466,1.2000000476837158
2378,2369,2,0.0757267780383799,8.5
2378,2426,3,0.10436950149931698,30.399999618530273
2378,2381,4,0.11250977646533991,3.5999999046325684
2378,2375,5,0.11385966929478589,8.899999618530273
2379,2378,1,0.0648454738900466,1.2000000476837158
2379,2369,2,0.06770083372159326,7.300000190734863
2379,2366,3,0.0965545956651456,4.199999809265137
2379,2400,4,0.1157196021179418,11.5
2379,2436,5,0.11641193052122789,14.199999809265137
2380,2428,1,0.07867117510700915,9.600000381469727
2380,2453,2,0.1108430257201255,16.799999237060547
2380,2369,3,0.11620861337379018,10.800000190734863
2380,2436,4,0.11741937995814714,9.699999809265137
2380,2434,5,0.12152559939398751,9.399999618530273
2381,2368,1,0.10588900831942777,6.800000190734863
2381,2434,2,0.11144727184158768,16.700000762939453
2381,2450,3,0.11197704617953545,18.600000381469727
2381,2378,4,0.11250977646533991,3.5999999046325684
2381,2366,5,0.1136275646588828,5.099999904632568
2382,2424,1,0.12031411109653287,20.100000381469727
2382,2499,2,0.12341485833451478,699.9000244140625
2382,2399,3,0.1319256048647665,6.900000095367432
2382,2376,4,0.14161438872524695,11.699999809265137
2382,2562,5,0.14298178643301093,720.7999877929688
2383,2432,1,0.10525219325284765,23.200000762939453
2383,2386,2,0.10721312822953302,28.0
2383,2433,3,0.11350006223991767,20.700000762939453
2383,2384,4,0.11432570023240539,1.399999976158142
2383,2435,5,0.11453916894824027,18.899999618530273
2384,2435,1,0.09170502670195772,17.600000381469727
2384,2454,2,0.09909515827015113,25.899999618530273
2384,2451,3,0.09957900480918842,23.100000381469727
2384,2452,4,0.10213379334761788,22.200000762939453
2384,2368,5,0.10581272956304485,5.5
2385,2452,1,0.07956018358730793,8.100000381469727
2385,2451,2,0.09915001240393521,8.899999618530273
2385,2384,3,0.11253516123733796,25.600000381469727
2385,2390,4,0.11638142952624632,2.200000047683716
2385,2425,5,0.12529212480117927,2.200000047683716
2386,2433,1,0.1007454582015253,18.100000381469727
2386,2383,2,0.10721312822953302,28.0
2386,2387,3,0.11583547241021623,1.7999999523162842
2386,2404,4,0.12367386027497822,3.200000047683716
2386,2384,5,0.13104267814102552,27.899999618530273
2387,2404,1,0.08852331299557117,2.799999952316284
2387,2425,2,0.08907604353473055,4.800000190734863
2387,2453,3,0.09640306545105681,10.300000190734863
2387,2386,4,0.11583547241021623,1.7999999523162842
2387,2381,5,0.11614206348828085,26.299999237060547
2388,2381,1,0.1345957921096653,23.5
2388,2435,2,0.13471838592364035,19.299999237060547
2388,2450,3,0.14289782378018104,11.899999618530273
2388,2368,4,0.14425567685284796,25.899999618530273
2388,2387,5,0.15186137420675902,4.800000190734863
2389,2390,1,0.11853811702596406,5.099999904632568
2389,2530,2,0.12700543879952927,685.5999755859375
2389,2367,3,0.13166752500812076,21.899999618530273
2389,2451,4,0.13650553329456955,12.199999809265137
2389,2404,5,0.14205419957494642,6.099999904632568
2390,2451,1,0.08093519331749766,10.399999618530273
2390,2385,2,0.11638142952624632,2.200000047683716
2390,2389,3,0.11853811702596406,5.099999904632568
2390,2429,4,0.1200749093544989,11.699999809265137
2390,2384,5,0.12613794330516084,25.299999237060547
2391,2402,1,0.18029273531331974,19.899999618530273
2391,2363,2,0.18164550398185433,25.200000762939453
2391,2430,3,0.18722860826118695,17.100000381469727
2391,2435,4,0.18851981250342073,17.5
2391,2392,5,0.19206047865022446,34.0
2392,2472,1,0.11524179770806002,686.2000122070312
2392,2408,2,0.13266560986773113,33.900001525878906
2392,2513,3,0.1412046114380869,676.5999755859375
2392,2445,4,0.14374405032307488,47.900001525878906
2392,1874,5,0.1523770348568788,1724.4000244140625
2393,820,1,0.22704767526313738,2134.800048828125
2393,1403,2,0.23239370198228046,143.39999389648438
2393,3009,3,0.23679111140902245,1155.9000244140625
2393,278,4,0.24057624368684083,1371.199951171875
2393,2164,5,0.24346697756163518,871.2000122070312
2395,1586,1,0.27987768411492553,166.6999969482422
2395,2119,2,0.2886339616400722,515.0
2395,2596,3,0.2931313306254504,726.5
2395,371,4,0.29524712847726475,1499.300048828125
2395,1315,5,0.30524512404763854,840.7000122070312
2398,2430,1,0.08770484675150717,18.299999237060547
2398,2401,2,0.12729391638507775,6.400000095367432
2398,2474,3,0.13030220270077955,720.5999755859375
2398,2466,4,0.13079408236623538,721.0
2398,2473,5,0.13177677383308678,722.0999755859375
2399,2351,1,0.10516027989348187,9.5
2399,2425,2,0.12109249713911348,15.0
2399,2454,3,0.12944749028177688,14.600000381469727
2399,2382,4,0.1319256048647665,6.900000095367432
2399,2390,5,0.13216597791941603,17.100000381469727
2400,2436,1,0.10742926215099,4.099999904632568
2400,2561,2,0.11241295978723638,717.4000244140625
2400,2379,3,0.1157196021179418,11.5
2400,2434,4,0.12421736316195818,3.799999952316284
2400,2378,5,0.12782278803613048,11.199999809265137
2401,2435,1,0.07918642599371935,5.300000190734863
2401,2453,2,0.0921261262231876,15.699999809265137
2401,2368,3,0.09737494349635582,18.200000762939453
2401,2474,4,0.10348211758039612,714.7000122070312
2401,2384,5,0.11105354699876445,12.899999618530273
2402,2401,1,0.11415624445574693,4.5
2402,2430,2,0.11417168226689696,16.399999618530273
2402,2398,3,0.13607886248984966,4.400000095367432
2402,2384,4,0.1366690897624743,12.800000190734863
2402,2435,5,0.14912797175612613,8.5
2403,2422,1,0.12005341661211916,36.29999923706055
2403,2409,2,0.17062688684745808,6.400000095367432
2403,2449,3,0.1870181017209898,24.100000381469727
2403,2472,4,0.20120101475507124,708.2999877929688
2403,2644,5,0.20299516410697724,802.0999755859375
2404,2387,1,0.08852331299557117,2.799999952316284
2404,2433,2,0.10448355977601641,17.799999237060547
2404,2425,3,0.10972200688788729,5.300000190734863
2404,2473,4,0.11441927777173987,708.9000244140625
2404,2453,5,0.11561699480323454,10.899999618530273
2405,2377,1,0.05961102538479306,29.700000762939453
2405,2436,2,0.06390986651665273,22.799999237060547
2405,2372,3,0.06899965652596411,27.200000762939453
2405,2561,4,0.07930227660963174,715.5
2405,2434,5,0.10317868827767694,21.5
2406,2407,1,0.11947493922349955,3.9000000953674316
2406,2367,2,0.120371715093295,32.5
2406,2433,3,0.13585845770131572,22.5
2406,2451,4,0.14100051178964124,16.600000381469727
2406,2432,5,0.15568422669652554,21.299999237060547
2407,2367,1,0.10435772120459365,30.399999618530273
2407,2451,2,0.11810517704492948,14.5
2407,2433,3,0.1191560613715865,20.299999237060547
2407,2406,4,0.11947493922349955,3.9000000953674316
2407,2383,5,0.12199100387067348,29.0
2408,2472,1,0.1190246778594038,706.0999755859375
2408,2392,2,0.13266560986773113,33.900001525878906
2408,2513,3,0.1341799884130458,696.5
2408,2445,4,0.13601471399898898,16.299999237060547
2408,2398,5,0.13891306705329753,31.399999618530273
2409,2445,1,0.08969222621464214,20.700000762939453
2409,2422,2,0.1320459658909297,29.899999618530273
2409,2383,3,0.1495166808568216,34.70000076293945
2409,2432,4,0.15050078979913725,24.899999618530273
2409,2392,5,0.16539713172992515,35.5
2410,2644,1,0.13237996754350972,845.9000244140625
2410,1402,2,0.17593321214974408,23.399999618530273
2410,2422,3,0.17818794812322147,24.799999237060547
2410,2472,4,0.18119858592074273,752.0999755859375
2410,2588,5,0.1848838349462197,779.2000122070312
2411,2597,1,0.15069274334316088,780.0999755859375
2411,812,2,0.20069717818198357,2323.800048828125
2411,2403,3,0.20647868191329247,79.19999694824219
2411,2437,4,0.2136069842899322,84.4000015258789
2411,2409,5,0.21906424779045602,72.80000305175781
2412,2447,1,0.04322941227562281,59.5
2412,2376,2,0.16802860744564585,23.5
2412,2516,3,0.17571907687125712,736.2000122070312
2412,2651,4,0.18131894648297467,745.5999755859375
2412,2482,5,0.18370241156824688,740.2999877929688
2416,1443,1,0.2202891160067119,754.2999877929688
2416,2402,2,0.22731195948441768,29.899999618530273
2416,2398,3,0.22753403900620223,26.799999237060547
2416,2491,4,0.22967616621036216,694.0
2416,2363,5,0.2350596349748452,10.199999809265137
2422,2403,1,0.12005341661211916,36.29999923706055
2422,2409,2,0.1320459658909297,29.899999618530273
2422,2644,3,0.1547785967158717,823.0
2422,2445,4,0.1599757005779287,11.399999618530273
2422,1402,5,0.16749665187556034,1.2999999523162842
2423,2427,1,0.10152002310279867,6.699999809265137
2423,2357,2,0.1221381831443499,8.100000381469727
2423,2443,3,0.13977835092026733,10.199999809265137
2423,2361,4,0.14787292622892917,11.899999618530273
2423,2476,5,0.14808934450862196,699.7000122070312
2424,2425,1,0.1097140180127125,3.4000000953674316
2424,2382,2,0.12031411109653287,20.100000381469727
2424,2365,3,0.121368523029343,19.899999618530273
2424,2373,4,0.13307310928965987,18.200000762939453
2424,2399,5,0.13836120606626745,14.699999809265137
2425,2387,1,0.08907604353473055,4.800000190734863
2425,2454,2,0.08914629486773283,8.399999618530273
2425,2374,3,0.10249711593259059,18.799999237060547
2425,2424,4,0.1097140180127125,3.4000000953674316
2425,2404,5,0.10972200688788729,5.300000190734863
2426,2375,1,0.09165048467631853,29.899999618530273
2426,2369,2,0.09685788687041154,33.099998474121094
2426,2378,3,0.10436950149931698,30.399999618530273
2426,2379,4,0.13274972071879398,30.600000381469727
2426,2475,5,0.15084585814775064,703.2000122070312
2427,2423,1,0.10152002310279867,6.699999809265137
2427,2372,2,0.11251596770559956,25.200000762939453
2427,2357,3,0.12161498707378522,14.800000190734863
2427,2436,4,0.13442872650455753,16.899999618530273
2427,2405,5,0.13555832863489609,11.100000381469727
2428,2380,1,0.07867117510700915,9.600000381469727
2428,2453,2,0.1014983010370979,8.699999809265137
2428,2436,3,0.12440222553805379,7.900000095367432
2428,2404,4,0.12638973062909384,15.699999809265137
2428,2434,5,0.12647208079363317,7.599999904632568
2429,2354,1,0.1134801156691981,9.399999618530273
2429,2390,2,0.1200749093544989,11.699999809265137
2429,2451,3,0.14367192085907052,2.700000047683716
2429,2512,4,0.14604206344024695,693.4000244140625
2429,2389,5,0.14920073589204894,13.600000381469727
2430,2398,1,0.08770484675150717,18.299999237060547
2430,2474,2,0.10800045817571007,703.0999755859375
2430,2473,3,0.11051233616824133,704.5999755859375
2430,2402,4,0.11417168226689696,16.399999618530273
2430,2401,5,0.11478679260401255,12.5
2431,2363,1,0.1134473491801632,32.79999923706055
2431,2380,2,0.150791970413462,18.899999618530273
2431,2446,3,0.15221237611431315,30.899999618530273
2431,2368,4,0.15265263123293632,30.700000762939453
2431,2445,5,0.1554314472059399,37.0
2432,2383,1,0.10525219325284765,23.200000762939453
2432,2433,2,0.1412141993030723,3.5999999046325684
2432,2430,3,0.14574773490679657,4.400000095367432
2432,2409,4,0.15050078979913725,24.899999618530273
2432,2449,5,0.15345225148934905,14.300000190734863
2433,2386,1,0.1007454582015253,18.100000381469727
2433,2404,2,0.10448355977601641,17.799999237060547
2433,2356,3,0.11209788260575683,14.5
2433,2383,4,0.11350006223991767,20.700000762939453
2433,2451,5,0.11541957318968042,7.199999809265137
2434,2436,1,0.06501810866060077,3.0
2434,2366,2,0.07655050256083076,18.700000762939453
2434,2405,3,0.10317868827767694,21.5
2434,2381,4,0.11144727184158768,16.700000762939453
2434,2453,5,0.11342425550619759,9.699999809265137
2435,2401,1,0.07918642599371935,5.300000190734863
2435,2368,2,0.0878948416357668,22.899999618530273
2435,2384,3,0.09170502670195772,17.600000381469727
2435,2455,4,0.11268654918208634,14.199999809265137
2435,2453,5,0.11357394704232619,11.5
2436,2405,1,0.06390986651665273,22.799999237060547
2436,2434,2,0.06501810866060077,3.0
2436,2561,3,0.09301772684915123,716.9000244140625
2436,2366,4,0.09437251907929757,18.100000381469727
2436,2372,5,0.09601914827796096,21.0
2437,1395,1,0.13585808336117494,51.29999923706055
2437,2491,2,0.1535826688985533,646.9000244140625
2437,2814,3,0.1567173141588898,699.2000122070312
2437,2371,4,0.16861420114156442,46.0
2437,1465,5,0.17185193132752508,703.7000122070312
2439,2353,1,0.10416750407173692,3.200000047683716
2439,2506,2,0.10946606008507125,697.7999877929688
2439,2518,3,0.13552095728373664,704.4000244140625
2439,2574,4,0.14539246280332124,712.2000122070312
2439,2532,5,0.16203139945237838,701.9000244140625
2440,2357,1,0.12686743250537547,4.199999809265137
2440,2361,2,0.14016834950557827,6.0
2440,2443,3,0.14284379948236106,3.0999999046325684
2440,2364,4,0.1507951492679606,2.9000000953674316
2440,2573,5,0.1526934651819107,713.2999877929688
2441,2457,1,0.26143303454312955,3.700000047683716
2441,2558,2,0.2658749575263003,714.0
2441,2495,3,0.2762198412730252,701.7999877929688
2441,2536,4,0.2780285525907462,709.0999755859375
2441,2444,5,0.27911395431455277,4.699999809265137
2442,2488,1,0.14968122277136764,718.7999877929688
2442,2509,2,0.15316733907192773,702.7999877929688
2442,2540,3,0.15894541411544869,708.2999877929688
2442,2440,4,0.1619926597975321,2.0999999046325684
2442,2443,5,0.1671486074719968,4.300000190734863
2443,2423,1,0.13977835092026733,10.199999809265137
2443,2440,2,0.14284379948236106,3.0999999046325684
2443,2357,3,0.15211229422315525,4.800000190734863
2443,2494,4,0.15772609130429222,701.2000122070312
2443,2488,5,0.15786644415580417,718.4000244140625
2444,2441,1,0.27911395431455277,4.699999809265137
2444,2495,2,0.2942447901576202,704.4000244140625
2444,2541,3,0.29640972583896785,707.7000122070312
2444,2558,4,0.3125383865540231,716.5999755859375
2444,2536,5,0.32106800651937367,711.7000122070312
2445,2409,1,0.08969222621464214,20.700000762939453
2445,2383,2,0.13129322254870346,44.29999923706055
2445,2408,3,0.13601471399898898,16.299999237060547
2445,2472,4,0.1371178549218321,720.0
2445,809,5,0.14347431260928714,2119.10009765625
2446,1439,1,0.12576030473510677,730.7000122070312
2446,1444,2,0.1318061242497055,699.5999755859375
2446,1456,3,0.13402828828642493,718.0
2446,2651,4,0.13687232183768763,719.0
2446,2363,5,0.14287331351541635,42.5
2447,2412,1,0.04322941227562281,59.5
2447,2433,2,0.15746618478023308,25.200000762939453
2447,2376,3,0.15784249606004588,39.29999923706055
2447,2499,4,0.16387028460273048,672.5
2447,2493,5,0.16734632880774808,645.2000122070312
2449,2498,1,0.12786161561293108,680.2999877929688
2449,2582,2,0.1353424870508241,705.5
2449,2430,3,0.13801061338566478,11.100000381469727
2449,2402,4,0.15243017218886948,26.200000762939453
2449,2432,5,0.15345225148934905,14.300000190734863
2450,2381,1,0.11197704617953545,18.600000381469727
2450,2434,2,0.1420534175581662,9.5
2450,2388,3,0.14289782378018104,11.899999618530273
2450,2378,4,0.1437501587956863,16.100000381469727
2450,2380,5,0.151116965701824,11.0
2451,2390,1,0.08093519331749766,10.399999618530273
2451,2452,2,0.09106684019668704,2.200000047683716
2451,2385,3,0.09915001240393521,8.899999618530273
2451,2384,4,0.09957900480918842,23.100000381469727
2451,2454,5,0.10290504571262522,3.9000000953674316
2452,2385,1,0.07956018358730793,8.100000381469727
2452,2451,2,0.09106684019668704,2.200000047683716
2452,2384,3,0.10213379334761788,22.200000762939453
2452,2454,4,0.10730271912648652,5.300000190734863
2452,2367,5,0.13110179844989323,23.600000381469727
2453,2455,1,0.09009829508649005,2.799999952316284
2453,2401,2,0.0921261262231876,15.699999809265137
2453,2368,3,0.09291124302652759,27.299999237060547
2453,2387,4,0.09640306545105681,10.300000190734863
2453,2428,5,0.1014983010370979,8.699999809265137
2454,2425,1,0.08914629486773283,8.399999618530273
2454,2384,2,0.09909515827015113,25.899999618530273
2454,2451,3,0.10290504571262522,3.9000000953674316
2454,2452,4,0.10730271912648652,5.300000190734863
2454,2453,5,0.11371666544490809,3.0999999046325684
2455,2368,1,0.05863149734711676,29.899999618530273
2455,2453,2,0.09009829508649005,2.799999952316284
2455,2384,3,0.10866321295258333,27.200000762939453
2455,2435,4,0.11268654918208634,14.199999809265137
2455,2401,5,0.1133719005884258,18.399999618530273
2456,2542,1,0.15651527285271716,709.0
2456,2533,2,0.1878233519263133,697.0999755859375
2456,2567,3,0.1910545606994328,714.9000244140625
2456,2440,4,0.1928095343083493,2.4000000953674316
2456,2361,5,0.20135496297594455,7.300000190734863
2457,2441,1,0.26143303454312955,3.700000047683716
2457,2444,2,0.35193088755518853,6.699999809265137
2457,2517,3,0.3526980942469041,696.9000244140625
2457,2558,4,0.3579959781348945,710.5
2457,2358,5,0.35919112800111924,5.0
2458,2423,1,0.17104954981298434,7.099999904632568
2458,2359,2,0.17652734511694443,12.699999809265137
2458,2357,3,0.18435992745345267,5.5
2458,2373,4,0.18527911318785523,6.900000095367432
2458,2440,5,0.18717340942056718,3.299999952316284
2459,2423,1,0.1493040816501707,7.5
2459,2476,2,0.15560592354040353,705.7000122070312
2459,2443,3,0.1628301624601316,8.199999809265137
2459,2539,4,0.18295837010411675,705.9000244140625
2459,2427,5,0.18506636539671492,14.199999809265137
2460,2355,1,0.16990496424154625,5.300000190734863
2460,2537,2,0.27317838308497916,706.9000244140625
2460,2352,3,0.27857055618090154,4.099999904632568
2460,2539,4,0.280271353554322,704.7000122070312
2460,2423,5,0.30721162477524255,6.699999809265137
2461,2539,1,0.17165451276030536,703.7000122070312
2461,2361,2,0.17649063251246824,8.600000381469727
2461,2476,3,0.1816414896669313,703.5
2461,2459,4,0.19030048643775238,3.200000047683716
2461,2364,5,0.1942435064526761,5.900000095367432
2462,2516,1,0.08916055893454895,10.600000381469727
2462,2473,2,0.10205876697713506,10.100000381469727
2462,2499,3,0.10236774533097896,14.199999809265137
2462,2496,4,0.10380420857934346,12.899999618530273
2462,2562,5,0.10731075585203788,19.0
2463,2467,1,0.09149112249584605,4.5
2463,2473,2,0.09732891312481701,6.0
2463,2466,3,0.10243804410283248,12.699999809265137
2463,2580,4,0.10942326766881104,17.600000381469727
2463,2511,5,0.11882443508078643,25.5
2464,2555,1,0.12086348229228243,10.699999809265137
2464,2496,2,0.12585570522277287,21.5
2464,2562,3,0.1458053790739425,22.0
2464,2516,4,0.15680031712558615,18.0
2464,2577,5,0.15708695044593537,20.100000381469727
2465,2478,1,0.33352640918607174,47.900001525878906
2465,2571,2,0.349641384633336,36.400001525878906
2465,2391,3,0.36791941624104524,717.7000122070312
2465,1461,4,0.38677110427392486,43.20000076293945
2465,2597,5,0.39062354023676293,55.20000076293945
2466,2467,1,0.09346767225998692,8.199999809265137
2466,2473,2,0.09402681667009753,11.5
2466,2463,3,0.10243804410283248,12.699999809265137
2466,2530,4,0.10563762917283286,31.200000762939453
2466,2548,5,0.11442680932874999,17.899999618530273
2467,2556,1,0.08161297619971924,10.600000381469727
2467,2463,2,0.09149112249584605,4.5
2467,2466,3,0.09346767225998692,8.199999809265137
2467,2534,4,0.10464929806678347,31.0
2467,2473,5,0.11030496160875886,5.699999809265137
2468,2549,1,0.13513661382816688,7.099999904632568
2468,2502,2,0.14016422665407371,21.600000381469727
2468,2470,3,0.1424627626897762,6.0
2468,2583,4,0.14398638227717359,22.299999237060547
2468,2561,5,0.15948183244355,24.100000381469727
2469,2551,1,0.10174281300847351,15.800000190734863
2469,2534,2,0.1027885997077598,37.29999923706055
2469,2483,3,0.1038281423460349,40.29999923706055
2469,2467,4,0.11115728052358936,10.100000381469727
2469,2556,5,0.11247128823848122,11.800000190734863
2470,2534,1,0.060354695959041964,30.700000762939453
2470,2520,2,0.08611798095771316,22.299999237060547
2470,2584,3,0.09271744789121245,24.700000762939453
2470,2551,4,0.1012098657584032,13.100000381469727
2470,2531,5,0.10147249795047246,30.5
2471,2483,1,0.10956161651378048,39.70000076293945
2471,2501,2,0.10989462608943529,32.900001525878906
2471,2470,3,0.11365532204239354,5.300000190734863
2471,2523,4,0.12097265207393461,26.799999237060547
2471,2534,5,0.13230370690210572,35.70000076293945
2472,2392,1,0.11524179770806002,686.2000122070312
2472,2582,2,0.1182685498738789,27.0
2472,2572,3,0.11875211051592245,25.0
2472,2408,4,0.1190246778594038,706.0999755859375
2472,2513,5,0.12631217374530734,14.699999809265137
2473,2523,1,0.07562662704535388,20.5
2473,2466,2,0.09402681667009753,11.5
2473,2530,3,0.09512030378607071,29.600000381469727
2473,2463,4,0.09732891312481701,6.0
2473,2534,5,0.10113495328878709,26.799999237060547
2474,2546,1,0.07771059221784635,14.899999618530273
2474,2575,2,0.10235260651470911,24.799999237060547
2474,2530,3,0.10257245272291447,30.799999237060547
2474,2401,4,0.10348211758039612,714.7000122070312
2474,2430,5,0.10800045817571007,703.0999755859375
2475,2560,1,0.09879040244924997,19.899999618530273
2475,2514,2,0.12013811182723819,12.199999809265137
2475,2375,3,0.13328951614027293,720.2999877929688
2475,2400,4,0.13819734894003313,710.7000122070312
2475,2502,5,0.14737144674312525,19.0
2476,2539,1,0.12745723324169894,4.400000095367432
2476,2361,2,0.14114610288569981,711.5
2476,2542,3,0.14608506831841309,8.899999618530273
2476,2423,4,0.14808934450862196,699.7000122070312
2476,2459,5,0.15560592354040353,705.7000122070312
2477,2566,1,0.09086442534165919,26.700000762939453
2477,2514,2,0.09687612876886957,11.199999809265137
2477,2578,3,0.09934496416531709,18.0
2477,2583,4,0.10484681909237635,22.299999237060547
2477,2502,5,0.10736848042764996,17.5
2478,1461,1,0.10086653116552564,61.400001525878906
2478,2649,2,0.1331345257977078,63.0
2478,1488,3,0.1348696690874395,82.5999984741211
2478,2814,4,0.1536081860093661,63.20000076293945
2478,1500,5,0.15556496111578627,73.0
2479,2541,1,0.11124310518411633,4.800000190734863
2479,2486,2,0.1490102704337978,5.300000190734863
2479,2544,3,0.15380114451324203,4.300000190734863
2479,2543,4,0.16733668557114403,6.800000190734863
2479,2495,5,0.1779682546833652,6.599999904632568
2480,2533,1,0.11425688387002149,7.199999809265137
2480,2494,2,0.11449310475388698,11.399999618530273
2480,2567,3,0.12094290439267151,17.200000762939453
2480,2542,4,0.1265480289010298,19.299999237060547
2480,2488,5,0.13466057911298857,13.800000190734863
2481,2490,1,0.06985296760750041,6.5
2481,2503,2,0.09456737680652381,18.700000762939453
2481,2508,3,0.11221050187597423,19.600000381469727
2481,2579,4,0.11394780151047734,18.600000381469727
2481,2518,5,0.13160957983582472,17.700000762939453
2482,2484,1,0.1215979007070379,4.900000095367432
2482,2508,2,0.12185356484114986,21.799999237060547
2482,2376,3,0.1272787666341108,720.0
2482,2377,4,0.1339601950530101,721.7999877929688
2482,2531,5,0.13787440530335066,14.100000381469727
2483,2469,1,0.1038281423460349,40.29999923706055
2483,2471,2,0.10956161651378048,39.70000076293945
2483,2501,3,0.11059425332742469,33.5
2483,2534,4,0.11905029303505657,27.700000762939453
2483,2470,5,0.11924026214975218,34.900001525878906
2484,2577,1,0.11897457493285778,16.700000762939453
2484,2482,2,0.1215979007070379,4.900000095367432
2484,2508,3,0.14405201208348678,24.5
2484,2555,4,0.1500981103341042,24.299999237060547
2484,2521,5,0.1668564902157409,23.399999618530273
2485,2488,1,0.1079785377883734,2.700000047683716
2485,2559,2,0.11791258836859944,4.699999809265137
2485,2494,3,0.12309750048805172,17.700000762939453
2485,2509,4,0.1534985193249403,16.700000762939453
2485,2567,5,0.1555627304385339,5.199999809265137
2486,2509,1,0.14305440519118087,12.100000381469727
2486,2543,2,0.14499706756740666,10.5
2486,2479,3,0.1490102704337978,5.300000190734863
2486,2485,4,0.15950451037370048,4.900000095367432
2486,2494,5,0.17475144611230806,13.100000381469727
2487,2565,1,0.09558930940823548,17.799999237060547
2487,2470,2,0.10169252569309309,31.700000762939453
2487,2528,3,0.11198852155636217,25.0
2487,2520,4,0.11794490665720207,30.799999237060547
2487,2531,5,0.12095754317674033,21.200000762939453
2488,2542,1,0.10158153403361127,16.700000762939453
2488,2485,2,0.1079785377883734,2.700000047683716
2488,2509,3,0.10953562345852369,19.100000381469727
2488,2533,4,0.11482793681349035,20.799999237060547
2488,2567,5,0.11648485273334454,7.699999809265137
2489,2567,1,0.09142442873463424,13.0
2489,2533,2,0.09700635735743503,10.300000190734863
2489,2573,3,0.13155446391045061,12.300000190734863
2489,2542,4,0.1341763499842158,12.800000190734863
2489,2480,5,0.1386016783179608,9.0
2490,2481,1,0.06985296760750041,6.5
2490,2508,2,0.11111133506115785,22.0
2490,2372,3,0.11499796230376567,720.0999755859375
2490,2561,4,0.12042380977694739,12.899999618530273
2490,2503,5,0.1255766233922642,21.0
2491,2500,1,0.12063177536792459,31.5
2491,2363,2,0.1391561802232608,685.2000122070312
2491,2814,3,0.1434422504987445,61.400001525878906
2491,2437,4,0.1535826688985533,646.9000244140625
2491,1461,5,0.1556781866648281,26.5
2492,2586,1,0.1108427755293076,3.0
2492,2504,2,0.17873917323756291,14.100000381469727
2492,2496,3,0.18552608883226127,30.399999618530273
2492,2498,4,0.1871224955468218,30.899999618530273
2492,2570,5,0.1911939219430615,59.599998474121094
2493,2523,1,0.13964088902430094,39.20000076293945
2493,2473,2,0.15346050024523544,52.79999923706055
2493,2447,3,0.16734632880774808,645.2000122070312
2493,1464,4,0.16976053406663072,76.0
2493,2516,5,0.17345321871024735,42.5
2494,2480,1,0.11449310475388698,11.399999618530273
2494,2485,2,0.12309750048805172,17.700000762939453
2494,2488,3,0.131060939614071,20.100000381469727
2494,2567,4,0.14363034923074755,18.600000381469727
2494,2542,5,0.1537404821944811,11.899999618530273
2495,2536,1,0.09817779876878253,7.300000190734863
2495,2558,2,0.10145416097376417,12.899999618530273
2495,2541,3,0.15176133265887248,3.299999952316284
2495,2479,4,0.1779682546833652,6.599999904632568
2495,2506,5,0.17845492249220146,5.300000190734863
2496,2516,1,0.07718063218970345,10.600000381469727
2496,2462,2,0.10380420857934346,12.899999618530273
2496,2562,3,0.11270751698430474,22.5
2496,2473,4,0.11587969554916058,21.799999237060547
2496,2530,5,0.12247034176133288,12.600000381469727
2497,2532,1,0.11899146180183268,8.0
2497,2518,2,0.12170444441445215,10.399999618530273
2497,2567,3,0.12194573029018274,22.5
2497,2533,4,0.12728432269189568,6.400000095367432
2497,2564,5,0.1327064645690191,23.5
2498,2515,1,0.1122964035511961,6.199999809265137
2498,2570,2,0.1266219528006365,34.70000076293945
2498,2449,3,0.12786161561293108,680.2999877929688
2498,2581,4,0.13640986732437202,35.599998474121094
2498,2511,5,0.13641399292654993,6.5
2499,2562,1,0.09780737417427966,23.200000762939453
2499,2462,2,0.10236774533097896,14.199999809265137
2499,2580,3,0.11319620955789465,32.20000076293945
2499,2576,4,0.1146998291889166,27.799999237060547
2499,2512,5,0.11933160667708259,10.699999809265137
2500,2568,1,0.10451941478722043,45.20000076293945
2500,1465,2,0.10485729288998923,37.79999923706055
2500,2585,3,0.11314985113784436,36.5
2500,2491,4,0.12063177536792459,31.5
2500,1443,5,0.12489949641670912,41.400001525878906
2501,2471,1,0.10989462608943529,32.900001525878906
2501,2483,2,0.11059425332742469,33.5
2501,2470,3,0.11770689793005473,27.899999618530273
2501,2651,4,0.12754545201929826,31.600000381469727
2501,2487,5,0.12870860193206315,30.700000762939453
2502,2578,1,0.09713493799018058,25.700000762939453
2502,2520,2,0.09735214872740634,7.5
2502,2583,3,0.09922163708724586,27.299999237060547
2502,2514,4,0.1035245478425737,7.800000190734863
2502,2534,5,0.10356300836758331,11.899999618530273
2503,2481,1,0.09456737680652381,18.700000762939453
2503,2490,2,0.1255766233922642,21.0
2503,2518,3,0.12710884675347586,14.899999618530273
2503,2574,4,0.1308352300843723,22.600000381469727
2503,2510,5,0.1317424955385087,16.899999618530273
2504,2570,1,0.09536312575597694,45.5
2504,1468,2,0.10397081937834224,86.5999984741211
2504,2498,3,0.138746926600966,16.799999237060547
2504,3013,4,0.1519892862619954,39.400001525878906
2504,2586,5,0.15349442128503787,15.800000190734863
2505,2372,1,0.10422813910969106,711.2000122070312
2505,2377,2,0.1158497163084811,713.7000122070312
2505,2360,3,0.12493814337211753,706.0999755859375
2505,2405,4,0.1270753910251589,697.4000244140625
2505,2519,5,0.12793142453817233,7.0
2506,2439,1,0.10946606008507125,697.7999877929688
2506,2564,2,0.12619005786087845,21.200000762939453
2506,2518,3,0.12866761808272245,8.699999809265137
2506,2536,4,0.1311902358656297,12.699999809265137
2506,2574,5,0.1395405816403267,16.0
2507,2549,1,0.08811253650270015,14.899999618530273
2507,2508,2,0.09710008111175805,6.199999809265137
2507,2376,3,0.12311381215370297,708.2999877929688
2507,2577,4,0.12538566740581805,20.899999618530273
2507,2555,5,0.1335382098602131,21.200000762939453
2508,2507,1,0.09710008111175805,6.199999809265137
2508,2578,2,0.10915375281899219,28.799999237060547
2508,2490,3,0.11111133506115785,22.0
2508,2481,4,0.11221050187597423,19.600000381469727
2508,2577,5,0.1123304326556794,27.100000381469727
2509,2488,1,0.10953562345852369,19.100000381469727
2509,2527,2,0.12640788673105532,18.0
2509,2486,3,0.14305440519118087,12.100000381469727
2509,2442,4,0.15316733907192773,702.7999877929688
2509,2485,5,0.1534985193249403,16.700000762939453
2510,2503,1,0.1317424955385087,16.899999618530273
2510,2481,2,0.15246990188705037,20.799999237060547
2510,2373,3,0.15784762898254212,710.4000244140625
2510,2364,4,0.1595307053578199,707.5999755859375
2510,2506,5,0.15989787243292206,11.800000190734863
2511,2570,1,0.09980430591613539,34.400001525878906
2511,2554,2,0.10289913707204444,26.299999237060547
2511,2466,3,0.11629542082279125,19.5
2511,2463,4,0.11882443508078643,25.5
2511,2496,5,0.1323828196940489,5.099999904632568
2512,2580,1,0.09737710156054787,31.200000762939453
2512,2499,2,0.11933160667708259,10.699999809265137
2512,2530,3,0.12280159527924832,20.399999618530273
2512,2581,4,0.12335746894169257,33.5
2512,2462,5,0.1270083787698894,9.199999809265137
2513,2572,1,0.11417779025528921,36.5
2513,2546,2,0.12362999112692923,31.0
2513,2472,3,0.12631217374530734,14.699999809265137
2513,2523,4,0.13079897408732874,2.700000047683716
2513,2582,5,0.13416877580992356,34.0
2514,2560,1,0.08657468564069727,21.399999618530273
2514,2583,2,0.09617443930763793,22.799999237060547
2514,2477,3,0.09687612876886957,11.199999809265137
2514,2578,4,0.10074518967938359,20.299999237060547
2514,2502,5,0.1035245478425737,7.800000190734863
2515,2581,1,0.07338175347696803,38.70000076293945
2515,2525,2,0.08923466459042358,7.199999809265137
2515,2546,3,0.10069047637484246,32.70000076293945
2515,2585,4,0.10263944007479231,37.400001525878906
2515,2569,5,0.10535962041899113,35.400001525878906
2516,2496,1,0.07718063218970345,10.600000381469727
2516,2462,2,0.08916055893454895,10.600000381469727
2516,2562,3,0.1139578356290105,23.899999618530273
2516,2534,4,0.11472410058884651,23.700000762939453
2516,2580,5,0.11642579309950507,32.599998474121094
2517,2557,1,0.20465097808828953,17.200000762939453
2517,2574,2,0.2368462767571531,17.5
2517,2382,3,0.2441380165600442,705.5999755859375
2517,2576,4,0.2563972326605009,24.299999237060547
2517,2562,5,0.25878160144827766,19.700000762939453
2518,2574,1,0.08726969816908324,12.100000381469727
2518,2579,2,0.1179773154428258,16.100000381469727
2518,2532,3,0.11840101392207736,9.0
2518,2497,4,0.12170444441445215,10.399999618530273
2518,2503,5,0.12710884675347586,14.899999618530273
2519,2573,1,0.10373615636131496,15.300000190734863
2519,2567,2,0.11737880352415049,19.899999618530273
2519,2533,3,0.12166324756613509,14.300000190734863
2519,2505,4,0.12793142453817233,7.0
2519,2508,5,0.13862419751637114,11.199999809265137
2520,2534,1,0.06881926883056404,17.5
2520,2578,2,0.08598665837033284,25.700000762939453
2520,2470,3,0.08611798095771316,22.299999237060547
2520,2546,4,0.08671281537391733,26.799999237060547
2520,2569,5,0.08998038032483693,30.899999618530273
2521,2576,1,0.1486136355011262,23.299999237060547
2521,2529,2,0.15355291320660433,17.200000762939453
2521,2574,3,0.16367792720357965,17.100000381469727
2521,2484,4,0.1668564902157409,23.399999618530273
2521,2518,5,0.1669406426274034,6.0
2522,2514,1,0.15569350939017113,8.199999809265137
2522,2475,2,0.16147436018415404,12.800000190734863
2522,2560,3,0.16265329562475078,25.100000381469727
2522,2533,4,0.17325658176280406,14.5
2522,2489,5,0.1736491185924734,18.5
2523,2473,1,0.07562662704535388,20.5
2523,2534,2,0.09445413065395661,20.5
2523,2520,3,0.1034937568040272,4.800000190734863
2523,2575,4,0.10422561902242328,35.5
2523,2580,5,0.11129435903292828,34.900001525878906
2524,1467,1,0.13426100145597897,18.0
2524,1459,2,0.13488921751081162,20.799999237060547
2524,2592,3,0.1424629468436531,54.900001525878906
2524,1493,4,0.15054955429619682,48.099998474121094
2524,2500,5,0.17097504425133034,5.400000095367432
2525,2534,1,0.07149907818897211,20.100000381469727
2525,2551,2,0.0792810287608986,29.100000381469727
2525,2515,3,0.08923466459042358,7.199999809265137
2525,2520,4,0.09608378944815088,2.5999999046325684
2525,2585,5,0.09887126374678444,33.900001525878906
2526,2548,1,0.12512274194174108,24.700000762939453
2526,1443,2,0.1325941308861621,35.099998474121094
2526,2550,3,0.15338217220428302,27.5
2526,2498,4,0.15643740541291337,12.300000190734863
2526,2515,5,0.16196461290523667,13.300000190734863
2527,2509,1,0.12640788673105532,18.0
2527,2488,2,0.13515062366969932,31.399999618530273
2527,2486,3,0.18982252061504548,28.299999237060547
2527,2540,4,0.1936728633593514,23.600000381469727
2527,2542,5,0.19714512170372242,28.100000381469727
2528,2565,1,0.09652884763940914,37.70000076293945
2528,2531,2,0.1080217518173138,7.5
2528,2502,3,0.11085722927873914,14.199999809265137
2528,2487,4,0.11198852155636217,25.0
2528,2470,5,0.11794069191825758,33.099998474121094
2529,2579,1,0.11565017067972154,24.799999237060547
2529,2574,2,0.12299762749233302,20.0
2529,2399,3,0.13528938887225053,694.9000244140625
2529,2577,4,0.1392526812394461,24.600000381469727
2529,2518,5,0.13991796053053618,12.399999618530273
2530,2581,1,0.0822143275352814,40.29999923706055
2530,2473,2,0.09512030378607071,29.600000381469727
2530,2534,3,0.0955298802108865,2.799999952316284
2530,2580,4,0.09566347876185645,38.099998474121094
2530,2474,5,0.10257245272291447,30.799999237060547
2531,2520,1,0.09281095942740016,17.399999618530273
2531,2546,2,0.09974445348370846,32.900001525878906
2531,2583,3,0.10028024378222303,28.799999237060547
2531,2470,4,0.10147249795047246,30.5
2531,2534,5,0.1021025381987573,7.5
2532,2518,1,0.11840101392207736,9.0
2532,2497,2,0.11899146180183268,8.0
2532,2506,3,0.14112493067337847,5.400000095367432
2532,2503,4,0.1421959567671908,12.399999618530273
2532,2533,5,0.1427173879519849,5.900000095367432
2533,2567,1,0.06045998926890537,20.899999618530273
2533,2542,2,0.06266779916531642,17.100000381469727
2533,2489,3,0.09700635735743503,10.300000190734863
2533,2573,4,0.10341180716961766,18.600000381469727
2533,2480,5,0.11425688387002149,7.199999809265137
2534,2470,1,0.060354695959041964,30.700000762939453
2534,2520,2,0.06881926883056404,17.5
2534,2525,3,0.07149907818897211,20.100000381469727
2534,2556,4,0.07566921066637046,28.0
2534,2551,5,0.08024817337371419,33.099998474121094
2535,2509,1,0.22750595918159783,8.300000190734863
2535,2486,2,0.24265733916614607,8.399999618530273
2535,2543,3,0.2556988247652494,2.5
2535,2540,4,0.29072404980782507,4.800000190734863
2535,2527,5,0.2916632771104099,24.100000381469727
2536,2558,1,0.07488795294284437,11.100000381469727
2536,2495,2,0.09817779876878253,7.300000190734863
2536,2506,3,0.1311902358656297,12.699999809265137
2536,2563,4,0.14949633869271647,13.300000190734863
2536,2541,5,0.15086944482047598,7.599999904632568
2537,2355,1,0.17044996016420474,705.4000244140625
2537,2540,2,0.25952669903471387,5.800000190734863
2537,2542,3,0.26048146936091227,2.799999952316284
2537,2522,4,0.26996933449252253,14.899999618530273
2537,2460,5,0.27317838308497916,706.9000244140625
2538,2502,1,0.12051179317538165,27.899999618530273
2538,2578,2,0.12054331136748109,50.79999923706055
2538,2520,3,0.13402885619603475,32.0
2538,1444,4,0.14131352190041424,28.200000762939453
2538,2569,5,0.14652089200580176,54.599998474121094
2539,2476,1,0.12745723324169894,4.400000095367432
2539,2361,2,0.1652444008122477,711.7999877929688
2539,2461,3,0.17165451276030536,703.7000122070312
2539,2459,4,0.18295837010411675,705.9000244140625
2539,2360,5,0.19097410131201242,712.5999755859375
2540,2488,1,0.11789885740511424,17.100000381469727
2540,2542,2,0.14160595650198723,5.699999809265137
2540,2442,3,0.15894541411544869,708.2999877929688
2540,2361,4,0.15983474789877453,710.0999755859375
2540,2509,5,0.1707685322842433,8.300000190734863
2541,2479,1,0.11124310518411633,4.800000190734863
2541,2536,2,0.15086944482047598,7.599999904632568
2541,2495,3,0.15176133265887248,3.299999952316284
2541,2544,4,0.15690036797806747,4.599999904632568
2541,2545,5,0.17247844979675933,5.400000095367432
2542,2533,1,0.06266779916531642,17.100000381469727
2542,2567,2,0.09362459302415042,12.399999618530273
2542,2488,3,0.10158153403361127,16.700000762939453
2542,2480,4,0.1265480289010298,19.299999237060547
2542,2361,5,0.1328602559755796,714.5999755859375
2543,2486,1,0.14499706756740666,10.5
2543,2479,2,0.16733668557114403,6.800000190734863
2543,2509,3,0.17424058469632114,6.900000095367432
2543,2442,4,0.1967579616095817,707.0
2543,2485,5,0.202805099983533,12.800000190734863
2544,2479,1,0.15380114451324203,4.300000190734863
2544,2541,2,0.15690036797806747,4.599999904632568
2544,2486,3,0.18363554908418772,6.5
2544,2559,4,0.22600291493636077,4.699999809265137
2544,2543,5,0.23599335228293913,5.699999809265137
2545,2541,1,0.17247844979675933,5.400000095367432
2545,2479,2,0.2005738875139789,5.699999809265137
2545,2536,3,0.21034468387953395,6.099999904632568
2545,2563,4,0.21162975523816813,7.5
2545,2564,5,0.22222733961296282,10.300000190734863
2546,2474,1,0.07771059221784635,14.899999618530273
2546,2569,2,0.07878698943804543,26.0
2546,2584,3,0.08233795683158572,22.299999237060547
2546,2534,4,0.08293481949134271,33.20000076293945
2546,2520,5,0.08671281537391733,26.799999237060547
2547,2571,1,0.1678400481728684,16.5
2547,2588,2,0.20234942294964695,27.100000381469727
2547,2649,3,0.21315529615413198,39.70000076293945
2547,7,4,0.2240855864279447,1335.9000244140625
2547,1488,5,0.2322716271033287,55.900001525878906
2548,2466,1,0.11442680932874999,17.899999618530273
2548,2515,2,0.11921166464501508,31.0
2548,2546,3,0.12304163465252745,4.0
2548,2526,4,0.12512274194174108,24.700000762939453
2548,2556,5,0.1292548286032003,2.5999999046325684
2549,2507,1,0.08811253650270015,14.899999618530273
2549,2508,2,0.12540822212185224,21.100000381469727
2549,2477,3,0.12754812588424505,6.199999809265137
2549,2578,4,0.12796231972124011,13.399999618530273
2549,2583,5,0.13226818759193465,18.700000762939453
2550,2585,1,0.12077245222701681,17.799999237060547
2550,2500,2,0.1327295061869028,32.900001525878906
2550,2572,3,0.13708985150661662,6.699999809265137
2550,2546,4,0.14168269382394896,9.699999809265137
2550,2581,5,0.14529121477637438,10.5
2551,2525,1,0.0792810287608986,29.100000381469727
2551,2534,2,0.08024817337371419,33.099998474121094
2551,2556,3,0.08897288590892176,6.199999809265137
2551,2470,4,0.1012098657584032,13.100000381469727
2551,2469,5,0.10174281300847351,15.800000190734863
2552,2500,1,0.1516263313046009,39.70000076293945
2552,1500,2,0.1568808557863902,32.900001525878906
2552,1465,3,0.16432702022270487,5.099999904632568
2552,2491,4,0.16683171801272237,65.0999984741211
2552,2478,5,0.17181367293140637,48.79999923706055
2553,2406,1,0.1631542961966323,712.7000122070312
2553,2498,2,0.16476071905146147,23.399999618530273
2553,2576,3,0.17390312145429218,12.399999618530273
2553,2499,4,0.1841239179056556,22.299999237060547
2553,2429,5,0.1921726380848125,704.0
2554,2511,1,0.10289913707204444,26.299999237060547
2554,2463,2,0.12330575190364158,9.300000190734863
2554,2472,3,0.13625361434697997,19.200000762939453
2554,2582,4,0.14672892957537165,9.899999618530273
2554,2570,5,0.14968806271862828,12.100000381469727
2555,2581,1,0.10497265958817582,16.399999618530273
2555,2577,2,0.10840474942645921,12.300000190734863
2555,2515,3,0.10978212710902477,28.899999618530273
2555,2525,4,0.12062316338317586,24.0
2555,2464,5,0.12086348229228243,10.699999809265137
2556,2534,1,0.07566921066637046,28.0
2556,2467,2,0.08161297619971924,10.600000381469727
2556,2546,3,0.08885793959781141,6.599999904632568
2556,2551,4,0.08897288590892176,6.199999809265137
2556,2525,5,0.10020784771369479,24.100000381469727
2557,2574,1,0.15041242075747893,5.5
2557,2577,2,0.1621886019790894,5.199999809265137
2557,2521,3,0.18302275035456866,16.200000762939453
2557,2353,4,0.1915501308544801,712.0999755859375
2557,2439,5,0.1936229715236788,713.5999755859375
2558,2536,1,0.07488795294284437,11.100000381469727
2558,2495,2,0.10145416097376417,12.899999618530273
2558,2506,3,0.14731370789721268,17.200000762939453
2558,2563,4,0.1484269325344742,3.700000047683716
2558,2574,5,0.15356523558044335,3.0
2559,2485,1,0.11791258836859944,4.699999809265137
2559,2563,2,0.13387528202114307,2.5
2559,2494,3,0.159583049390971,14.5
2559,2488,4,0.1673759901153875,7.400000095367432
2559,2564,5,0.1722848491592419,5.400000095367432
2560,2514,1,0.08657468564069727,21.399999618530273
2560,2475,2,0.09879040244924997,19.899999618530273
2560,1475,3,0.12932260779531496,25.5
2560,2477,4,0.12947414696851575,20.899999618530273
2560,2584,5,0.1322670908429103,5.900000095367432
2561,2583,1,0.07422660340336318,7.0
2561,2372,2,0.07454343665109846,729.2999877929688
2561,2405,3,0.07930227660963174,715.5
2561,2436,4,0.09301772684915123,716.9000244140625
2561,2578,5,0.0969882490180104,14.199999809265137
2562,2499,1,0.09780737417427966,23.200000762939453
2562,2462,2,0.10731075585203788,19.0
2562,2576,3,0.11022315296865327,6.5
2562,2496,4,0.11270751698430474,22.5
2562,2516,5,0.1139578356290105,23.899999618530273
2563,2564,1,0.13171678497365372,2.9000000953674316
2563,2559,2,0.13387528202114307,2.5
2563,2558,3,0.1484269325344742,3.700000047683716
2563,2536,4,0.14949633869271647,13.300000190734863
2563,2506,5,0.16744437659568556,18.299999237060547
2564,2506,1,0.12619005786087845,21.200000762939453
2564,2563,2,0.13171678497365372,2.9000000953674316
2564,2497,3,0.1327064645690191,23.5
2564,2573,4,0.15120406275841222,11.100000381469727
2564,2532,5,0.15194772842619036,16.899999618530273
2565,2487,1,0.09558930940823548,17.799999237060547
2565,2528,2,0.09652884763940914,37.70000076293945
2565,2514,3,0.11545146607154155,31.399999618530273
2565,2599,4,0.13166422127211394,17.399999618530273
2565,2568,5,0.13594900488248549,5.800000190734863
2566,2477,1,0.09086442534165919,26.700000762939453
2566,2578,2,0.10513654231171336,17.899999618530273
2566,2561,3,0.1122319558160484,4.0
2566,2583,4,0.11909320729578697,10.699999809265137
2566,2405,5,0.1290539525873672,716.5
2567,2533,1,0.06045998926890537,20.899999618530273
2567,2489,2,0.09142442873463424,13.0
2567,2542,3,0.09362459302415042,12.399999618530273
2567,2573,4,0.10951313953819626,7.900000095367432
2567,2488,5,0.11648485273334454,7.699999809265137
2568,2500,1,0.10451941478722043,45.20000076293945
2568,2585,2,0.11173852571162421,8.600000381469727
2568,2525,3,0.12363729521022411,42.5
2568,2551,4,0.12532627596085813,23.399999618530273
2568,2515,5,0.1285414474631668,46.099998474121094
2569,2546,1,0.07878698943804543,26.0
2569,2520,2,0.08998038032483693,30.899999618530273
2569,2515,3,0.10535962041899113,35.400001525878906
2569,2531,4,0.10974382600727241,28.0
2569,2474,5,0.10983767534769445,30.200000762939453
2570,2504,1,0.09536312575597694,45.5
2570,2511,2,0.09980430591613539,34.400001525878906
2570,2466,3,0.11519919613287687,30.899999618530273
2570,2498,4,0.1266219528006365,34.70000076293945
2570,2496,5,0.137258328138387,32.900001525878906
2571,2547,1,0.1678400481728684,16.5
2571,7,2,0.17335190327121058,1330.300048828125
2571,1492,3,0.20514907698759685,108.19999694824219
2571,2649,4,0.2123723885956755,51.599998474121094
2571,2478,5,0.21756527203076217,29.0
2572,2513,1,0.11417779025528921,36.5
2572,2472,2,0.11875211051592245,25.0
2572,2546,3,0.1272212948729925,14.0
2572,2523,4,0.1344710094832598,34.599998474121094
2572,2466,5,0.13665533672086339,25.700000762939453
2573,2533,1,0.10341180716961766,18.600000381469727
2573,2519,2,0.10373615636131496,15.300000190734863
2573,2567,3,0.10951313953819626,7.900000095367432
2573,2489,4,0.13155446391045061,12.300000190734863
2573,2542,5,0.13307087224717798,5.699999809265137
2574,2518,1,0.08726969816908324,12.100000381469727
2574,2529,2,0.12299762749233302,20.0
2574,2503,3,0.1308352300843723,22.600000381469727
2574,2373,4,0.13507371901964046,716.7999877929688
2574,2506,5,0.1395405816403267,16.0
2575,2474,1,0.10235260651470911,24.799999237060547
2575,2523,2,0.10422561902242328,35.5
2575,2580,3,0.10481132129969618,3.200000047683716
2575,2520,4,0.11819943962265354,32.599998474121094
2575,2569,5,0.11851394919706486,18.200000762939453
2576,2562,1,0.11022315296865327,6.5
2576,2499,2,0.1146998291889166,27.799999237060547
2576,2580,3,0.13239794040071623,5.199999809265137
2576,2516,4,0.14379732887193067,28.299999237060547
2576,2496,5,0.14859160007936614,27.100000381469727
2577,2555,1,0.10840474942645921,12.300000190734863
2577,2508,2,0.1123304326556794,27.100000381469727
2577,2484,3,0.11897457493285778,16.700000762939453
2577,2507,4,0.12538566740581805,20.899999618530273
2577,2512,5,0.1290969183097784,24.0
2578,2520,1,0.08598665837033284,25.700000762939453
2578,2583,2,0.09202505051548028,10.0
2578,2561,3,0.0969882490180104,14.199999809265137
2578,2502,4,0.09713493799018058,25.700000762939453
2578,2477,5,0.09934496416531709,18.0
2579,2481,1,0.11394780151047734,18.600000381469727
2579,2529,2,0.11565017067972154,24.799999237060547
2579,2561,3,0.11771542181136796,7.900000095367432
2579,2518,4,0.1179773154428258,16.100000381469727
2579,2508,5,0.11907647114194528,27.299999237060547
2580,2530,1,0.09566347876185645,38.099998474121094
2580,2512,2,0.09737710156054787,31.200000762939453
2580,2575,3,0.10481132129969618,3.200000047683716
2580,2581,4,0.10699443114406491,3.4000000953674316
2580,2534,5,0.10852435123886334,35.29999923706055
2581,2515,1,0.07338175347696803,38.70000076293945
2581,2530,2,0.0822143275352814,40.29999923706055
2581,2546,3,0.09793170435601224,16.899999618530273
2581,2520,4,0.09812907262130426,34.20000076293945
2581,2534,5,0.10414161936630036,37.599998474121094
2582,2472,1,0.1182685498738789,27.0
2582,2466,2,0.12681612467475192,27.700000762939453
2582,2513,3,0.13416877580992356,34.0
2582,2449,4,0.1353424870508241,705.5
2582,2586,5,0.14106989922809776,57.599998474121094
2583,2561,1,0.07422660340336318,7.0
2583,2578,2,0.09202505051548028,10.0
2583,2514,3,0.09617443930763793,22.799999237060547
2583,2502,4,0.09922163708724586,27.299999237060547
2583,2531,5,0.10028024378222303,28.799999237060547
2584,2546,1,0.08233795683158572,22.299999237060547
2584,2470,2,0.09271744789121245,24.700000762939453
2584,2534,3,0.09516376512289765,33.70000076293945
2584,2520,4,0.09789943647602599,30.399999618530273
2584,2531,5,0.10290440537393664,31.5
2585,2525,1,0.09887126374678444,33.900001525878906
2585,2515,2,0.10263944007479231,37.400001525878906
2585,2534,3,0.11031165824123594,36.29999923706055
2585,2568,4,0.11173852571162421,8.600000381469727
2585,2500,5,0.11314985113784436,36.5
2586,2492,1,0.1108427755293076,3.0
2586,2582,2,0.14106989922809776,57.599998474121094
2586,2504,3,0.15349442128503787,15.800000190734863
2586,1468,4,0.16305067144820634,96.9000015258789
2586,2449,5,0.17307629568790753,653.5
2587,2592,1,0.17807823380035565,6.5
2587,2590,2,0.18214049984071468,17.200000762939453
2587,1439,3,0.1869435623410904,56.79999923706055
2587,2491,4,0.1899519231769961,70.80000305175781
2587,1448,5,0.19360573353511473,67.80000305175781
2588,2649,1,0.0798727010587208,62.900001525878906
2588,1500,2,0.10513511822349252,60.5
2588,2814,3,0.11007196583234488,64.5
2588,1501,4,0.13454357834719838,101.5999984741211
2588,1472,5,0.14022793684557588,9.800000190734863
2589,2599,1,0.1584293739700284,7.400000095367432
2589,2605,2,0.1835763449423174,13.5
2589,2565,3,0.18707807800051923,24.0
2589,1459,4,0.219024260606467,31.200000762939453
2589,2524,5,0.22375103264943544,45.099998474121094
2590,1459,1,0.13599559059090258,41.70000076293945
2590,1467,2,0.14804006522100135,50.599998474121094
2590,2651,3,0.16166118677475902,29.0
2590,1465,4,0.16523166111396762,37.70000076293945
2590,2592,5,0.16686415883224257,13.0
2591,1495,1,0.290227210225999,109.69999694824219
2591,1477,2,0.29131213077867024,103.5999984741211
2591,1463,3,0.3134346371382062,154.60000610351562
2591,813,4,0.3214069700783858,1548.0999755859375
2591,1489,5,0.3239028818714051,144.8000030517578
2592,2524,1,0.1424629468436531,54.900001525878906
2592,1467,2,0.154290907039695,54.099998474121094
2592,2604,3,0.15979225587448947,11.600000381469727
2592,1459,4,0.16678579552727185,45.20000076293945
2592,2590,5,0.16686415883224257,13.0
2593,443,1,1.289457718639069,1137.9000244140625
2593,2595,2,1.3106956890869217,34.099998474121094
2593,1235,3,1.369762379087785,3584.89990234375
2593,849,4,1.3771778647760602,8231.2998046875
2593,421,5,1.4902340431343521,1133.9000244140625
2595,1235,1,0.6796740018414755,3557.800048828125
2595,2598,2,0.692737717825381,36.099998474121094
2595,443,3,0.8455649854322805,1110.800048828125
2595,1015,4,0.8859642695937983,998.4000244140625
2595,1228,5,0.9052538060296731,3719.699951171875
2596,2395,1,0.2931313306254504,726.5
2596,2119,2,0.40592528613094614,211.5
2596,1490,3,0.4110876658289877,109.0
2596,1447,4,0.4198021983780334,136.5
2596,2591,5,0.42605481783612936,15.600000381469727
2597,2411,1,0.15069274334316088,780.0999755859375
2597,2403,2,0.205097400999951,728.7999877929688
2597,1492,3,0.22790011550494255,112.30000305175781
2597,2449,4,0.2430182071816938,713.0999755859375
2597,1491,5,0.24334689024385373,103.0999984741211
2598,1015,1,0.6183331151810604,974.2000122070312
2598,1405,2,0.6228731600866312,891.9000244140625
2598,2607,3,0.6490658878823755,16.5
2598,2595,4,0.692737717825381,36.099998474121094
2598,1250,5,0.7136070960463058,3851.39990234375
2599,2565,1,0.13166422127211394,17.399999618530273
2599,2605,2,0.1444110231443641,7.900000095367432
2599,2589,3,0.1584293739700284,7.400000095367432
2599,2528,4,0.18113163228342,30.200000762939453
2599,2487,5,0.18555303265790055,6.900000095367432
2600,2465,1,0.4572911274651159,40.400001525878906
2600,2352,2,0.5050392646984201,718.5
2600,2592,3,0.5065004396704623,17.700000762939453
2600,1620,4,0.5150468131050389,3299.300048828125
2600,2391,5,0.5199524589127569,720.0999755859375
2601,2063,1,0.3582485207968582,366.20001220703125
2601,1490,2,0.3909660639377231,143.3000030517578
2601,2227,3,0.3961085038027028,2406.800048828125
2601,1,4,0.40566173325777044,1410.800048828125
2601,2647,5,0.4212984079869678,55.20000076293945
2602,2592,1,0.18913695142541098,11.899999618530273
2602,2604,2,0.19592522695370007,21.799999237060547
2602,2491,3,0.22338990841186085,70.5
2602,2437,4,0.2537530550924662,716.7999877929688
2602,2411,5,0.25482992124594633,790.5999755859375
2604,2592,1,0.15979225587448947,11.600000381469727
2604,2814,2,0.17307197430403437,68.80000305175781
2604,2649,3,0.17726617805407532,67.19999694824219
2604,2590,4,0.1823327939392949,14.100000381469727
2604,2588,5,0.1827709194068779,5.099999904632568
2605,2599,1,0.1444110231443641,7.900000095367432
2605,2522,2,0.1828616206541007,34.900001525878906
2605,2589,3,0.1835763449423174,13.5
2605,2565,4,0.1926352562911144,12.0
2605,2528,5,0.20011346593693238,33.900001525878906
2606,2370,1,0.48470923684499573,752.7000122070312
2606,2517,2,0.5149962003832327,42.599998474121094
2606,2876,3,0.5481518264196191,1589.199951171875
2606,3013,4,0.5547177311219756,91.5999984741211
2606,2496,5,0.5675155749873608,45.099998474121094
2607,2598,1,0.6490658878823755,16.5
2607,1250,2,0.6580211743886104,3843.60009765625
2607,1015,3,0.6619946712198589,957.7000122070312
2607,2177,4,0.6778261715056171,84.5
2607,1405,5,0.7096369515867323,894.9000244140625
2618,1581,1,0.22169166340568583,866.5
2618,1218,2,0.23920081578836397,828.5
2618,1306,3,0.250138983976809,154.6999969482422
2618,1308,4,0.262528525764289,56.400001525878906
2618,1903,5,0.264986516227045,996.2999877929688
2619,2048,1,0.17779267185992612,312.20001220703125
2619,991,2,0.17962955411424703,59.400001525878906
2619,996,3,0.19016378771281894,92.5999984741211
2619,1403,4,0.2364019184088355,700.2000122070312
2619,1477,5,0.24050851296698625,230.89999389648438
2620,2621,1,0.13838484147150526,29.899999618530273
2620,1136,2,0.190531187573144,3499.5
2620,510,3,0.19130099530209238,2250.800048828125
2620,2192,4,0.1930273654331875,1127.5
2620,667,5,0.19405646339378943,2667.10009765625
2621,2620,1,0.13838484147150526,29.899999618530273
2621,1136,2,0.18674597183614464,3475.60009765625
2621,1231,3,0.18956583204862687,2489.800048828125
2621,1986,4,0.20093049968989746,599.4000244140625
2621,763,5,0.22436960693636732,431.3999938964844
2644,2410,1,0.13237996754350972,845.9000244140625
2644,2588,2,0.15078004633120998,69.4000015258789
2644,2422,3,0.1547785967158717,823.0
2644,3013,4,0.15671006751607292,162.10000610351562
2644,2649,5,0.15733263006884185,129.60000610351562
2646,1481,1,0.13867771239039717,142.10000610351562
2646,2408,2,0.17916011204316512,778.9000244140625
2646,1397,3,0.1802289318001299,768.0
2646,1464,4,0.1866033055007972,120.5
2646,1523,5,0.18990575294999912,514.5999755859375
2647,1212,1,0.18782755040908355,25.799999237060547
2647,1400,2,0.21574140280357756,757.0999755859375
2647,1540,3,0.22345718107173426,510.1000061035156
2647,1198,4,0.24435928911932908,86.5999984741211
2647,1408,5,0.254614970589492,716.0999755859375
2648,1491,1,0.11682908242808238,86.30000305175781
2648,1484,2,0.18423327615428198,110.9000015258789
2648,1468,3,0.21029292813417216,113.30000305175781
2648,1492,4,0.21299707692320208,126.19999694824219
2648,1500,5,0.22736924147445206,56.5
2649,1500,1,0.06328991098085003,61.400001525878906
2649,2814,2,0.0658983024181416,17.600000381469727
2649,2588,3,0.0798727010587208,62.900001525878906
2649,1472,4,0.08966213274879424,70.0
2649,1501,5,0.09327912994871647,54.29999923706055
2651,1467,1,0.10425558307303034,44.20000076293945
2651,1444,2,0.11174906043717886,37.0
2651,1459,3,0.11831124587615718,23.700000762939453
2651,2501,4,0.12754545201929826,31.600000381469727
2651,2446,5,0.13687232183768763,719.0
2652,1496,1,0.12861666873536112,41.400001525878906
2652,2808,2,0.1458175271669404,93.69999694824219
2652,1501,3,0.15585942638911493,94.5
2652,1491,4,0.16074080222520304,135.1999969482422
2652,1480,5,0.17848976667052044,132.8000030517578
2710,2108,1,0.18496451504215033,70.4000015258789
2710,1922,2,0.19847241388715625,1217.800048828125
2710,992,3,0.22699128758989942,592.9000244140625
2710,2883,4,0.2323478949710673,229.10000610351562
2710,1212,5,0.23794446724831464,390.8999938964844
2808,1496,1,0.07868440218428718,105.80000305175781
2808,1501,2,0.09776199186382958,174.1999969482422
2808,1480,3,0.1289513149368822,69.69999694824219
2808,1500,4,0.1425272131831238,73.80000305175781
2808,2649,5,0.14260475773346618,126.30000305175781
2809,3011,1,0.21403268636117445,398.29998779296875
2809,1236,2,0.23475576546372254,2207.39990234375
2809,224,3,0.2371757122216528,771.5999755859375
2809,1230,4,0.23764080434041882,2102.5
2809,1995,5,0.24027480605897697,122.30000305175781
2813,1463,1,0.17476109753861058,110.5999984741211
2813,2165,2,0.19592492905956718,228.3000030517578
2813,1489,3,0.21762113954658133,255.1999969482422
2813,1001,4,0.22169865014168036,96.30000305175781
2813,1490,5,0.22565682484499774,72.0999984741211
2814,2649,1,0.0658983024181416,17.600000381469727
2814,1500,2,0.08020692182145114,75.30000305175781
2814,1472,3,0.09119148635361338,71.5999984741211
2814,1461,4,0.10598960569327005,41.20000076293945
2814,1465,5,0.10884828908234924,46.099998474121094
2872,1072,1,0.48078763477273484,2919.5
2872,807,2,0.4822235914132853,8178.5
2872,600,3,0.4972233371243799,5704.60009765625
2872,312,4,0.5441624363985926,6548.89990234375
2872,1973,5,0.5459357298634577,1576.5
2876,812,1,0.16147999423552856,20.5
2876,824,2,0.22351044704110637,39.20000076293945
2876,1453,3,0.251942879609002,1638.300048828125
2876,809,4,0.262256540128861,199.6999969482422
2876,1468,5,0.2622807118246663,1588.199951171875
2879,1508,1,0.2650707364017608,4381.7001953125
2879,2245,2,0.2943999329875847,524.5999755859375
2879,1704,3,0.3144331724331561,2441.5
2879,2217,4,0.32944696731380896,333.20001220703125
2879,228,5,0.33054930592875614,3314.199951171875
2880,325,1,0.23549549778423276,5596.7001953125
2880,312,2,0.3488882263257197,6571.39990234375
2880,856,3,0.3687785038074684,7997.2001953125
2880,1507,4,0.39122277744387196,4023.699951171875
2880,229,5,0.39687692986477036,2494.5
2881,819,1,0.23966512010472793,37.599998474121094
2881,811,2,0.24799395890300382,59.0
2881,1,3,0.25659509799235597,312.79998779296875
2881,813,4,0.2803047702095507,28.0
2881,918,5,0.2939805096507673,555.5
2882,2245,1,0.24511057746745443,445.70001220703125
2882,2229,2,0.2745584201379616,910.4000244140625
2882,1518,3,0.287071225880436,4364.5
2882,1704,4,0.30864033783660216,2542.699951171875
2882,2241,5,0.3139036557922017,238.6999969482422
2883,1883,1,0.122766609805853,1171.4000244140625
2883,2108,2,0.16654825123429434,164.60000610351562
2883,1001,3,0.19645507381556307,212.5
2883,2167,4,0.20392542605288325,373.29998779296875
2883,996,5,0.20484380221548146,159.5
2884,2108,1,0.2026688084140799,149.60000610351562
2884,2168,2,0.20518397212010087,523.5
2884,2074,3,0.20931364002337358,632.0999755859375
2884,2167,4,0.2398627078904039,446.70001220703125
2884,1577,5,0.2419502823422869,352.0
2885,368,1,0.2473154119451577,632.5
2885,1229,2,0.25816863420021957,2465.60009765625
2885,452,3,0.26218885843994794,3007.300048828125
2885,498,4,0.26320189906205954,764.5
2885,1142,5,0.285071730510395,3811.89990234375
2886,911,1,0.2398675449051327,1565.4000244140625
2886,2062,2,0.2558511179288756,1857.9000244140625
2886,2012,3,0.2580285459173496,632.5
2886,211,4,0.2606858276727377,2044.0
2886,1996,5,0.26951823774089007,214.89999389648438
2887,1007,1,0.12164898912267241,366.1000061035156
2887,478,2,0.12986751526176488,661.0
2887,504,3,0.15607661770236514,3048.5
2887,2044,4,0.16915991355798493,1200.4000244140625
2887,1952,5,0.1698528948939911,9.399999618530273
3005,1009,1,0.1492235502961445,696.2999877929688
3005,1525,2,0.15628874820456723,128.8000030517578
3005,1577,3,0.16381648263608603,873.2999877929688
3005,989,4,0.1641789345030735,146.5
3005,3009,5,0.16759033241503477,398.70001220703125
3007,1226,1,0.26716181709277514,75.69999694824219
3007,1005,2,0.30645279233500683,3468.60009765625
3007,1778,3,0.3235026574179897,4298.7001953125
3007,1540,4,0.3335770618172693,3247.39990234375
3007,1225,5,0.3353056559435846,282.3999938964844
3009,820,1,0.09243104735532093,1081.9000244140625
3009,1525,2,0.11241401967801466,526.5
3009,1303,3,0.13016773251103297,695.2999877929688
3009,2164,4,0.1550485814535197,359.6000061035156
3009,3005,5,0.16759033241503477,398.70001220703125
3011,1974,1,0.12721314666555106,308.8999938964844
3011,1995,2,0.16911418225491515,276.0
3011,2005,3,0.1843106356710994,211.39999389648438
3011,2004,4,0.18457530812559314,287.79998779296875
3011,1999,5,0.1885439321887834,346.79998779296875
3012,2276,1,0.2657671268812036,110.5
3012,1341,2,0.31281605551504776,304.1000061035156
3012,2308,3,0.33044128685979735,98.69999694824219
3012,1356,4,0.35584693384520366,301.79998779296875
3012,1782,5,0.3569787093079356,2263.699951171875
3013,1468,1,0.1040492723913503,110.19999694824219
3013,2504,2,0.1519892862619954,39.400001525878906
3013,1402,3,0.1537611531683757,661.5
3013,2644,4,0.15671006751607292,162.10000610351562
3013,1484,5,0.16698053581059855,136.10000610351562
