territory_id,month,from_cluster,to_cluster,persistent_two_months,support_min,feature_displacement,robust,status,marketplace_share_change_pp
1,2024-02,1,2,False,0.8888888888888888,0.22097243523911128,False,sensitive_or_small,-0.1402528379862683
9,2024-02,0,1,False,0.8888888888888888,1.2513639655097004,False,sensitive_or_small,-0.7140583180369281
74,2024-02,1,0,False,0.8888888888888888,0.1209242022899464,False,sensitive_or_small,1.8610167486850169
169,2024-02,0,1,False,0.8888888888888888,0.19998168897023996,False,sensitive_or_small,2.5401286137590655
206,2024-02,2,1,True,0.6666666666666666,0.08279966955067594,False,sensitive_or_small,1.0678118774022194
237,2024-02,1,0,True,0.7777777777777778,0.23653144058693884,False,sensitive_or_small,1.9962319573464478
319,2024-02,1,0,False,0.7777777777777778,0.9540683309623105,False,sensitive_or_small,-0.37531420050642833
324,2024-02,1,0,False,0.7777777777777778,0.4515041695073945,False,sensitive_or_small,0.15299740714129484
326,2024-02,1,0,False,0.6666666666666666,0.4676129388144104,False,sensitive_or_small,0.3075687029102922
331,2024-02,1,0,False,0.7777777777777778,1.2438390696485961,False,sensitive_or_small,-0.3297581256004968
335,2024-02,1,0,False,0.7777777777777778,0.46158794933637076,False,sensitive_or_small,-0.5844490513134688
336,2024-02,1,0,False,0.7777777777777778,0.7370127823816293,False,sensitive_or_small,2.2920654129644293
345,2024-02,1,2,True,0.8888888888888888,0.2531736753038863,False,sensitive_or_small,0.09436810364136239
349,2024-02,0,1,True,0.8888888888888888,0.8991249361960681,True,retrospectively_supported,0.5571256284679665
374,2024-02,1,0,True,0.8888888888888888,0.21251681333835207,False,sensitive_or_small,1.8477519646154517
402,2024-02,0,2,True,0.8888888888888888,0.9411825206271839,True,retrospectively_supported,-0.70270275180081
410,2024-02,1,2,False,0.6666666666666666,0.5335083581134276,False,sensitive_or_small,1.0160385719771223
414,2024-02,2,1,False,0.2222222222222222,0.31304898719441904,False,sensitive_or_small,0.24731917185535357
512,2024-02,1,0,False,0.6666666666666666,0.3058869493397517,False,sensitive_or_small,1.7147899283520367
515,2024-02,1,0,True,0.8888888888888888,0.25821753330199926,False,sensitive_or_small,0.785755685011677
578,2024-02,0,1,False,0.5555555555555556,0.368434918862674,False,sensitive_or_small,1.8145211211072778
583,2024-02,1,0,False,0.7777777777777778,0.9708883789023767,False,sensitive_or_small,0.5688567303459485
591,2024-02,1,0,True,0.7777777777777778,0.4515798958514607,False,sensitive_or_small,1.9012308942750675
613,2024-02,0,1,True,0.4444444444444444,0.7125309627539055,False,sensitive_or_small,0.18515166065350558
615,2024-02,1,0,False,0.7777777777777778,0.8699937853272282,False,sensitive_or_small,1.2960064307853438
669,2024-02,0,1,False,0.5555555555555556,0.33516792142976365,False,sensitive_or_small,1.7796151052760973
671,2024-02,0,1,False,0.5555555555555556,0.3830105960242097,False,sensitive_or_small,2.2112904205986608
716,2024-02,1,0,False,0.7777777777777778,0.3956817401097934,False,sensitive_or_small,1.3380210938170518
725,2024-02,0,1,False,0.4444444444444444,0.1508988906461907,False,sensitive_or_small,1.402480883890131
788,2024-02,0,1,True,1.0,0.9991283723724573,True,retrospectively_supported,0.6803052964011
796,2024-02,1,0,False,0.7777777777777778,0.2956398139679936,False,sensitive_or_small,0.8005561172901923
805,2024-02,0,1,True,0.5555555555555556,0.3941337452597106,False,sensitive_or_small,1.1669444080672635
809,2024-02,1,2,True,0.8888888888888888,0.09040789077222841,False,sensitive_or_small,0.6569427732624256
821,2024-02,1,0,True,0.7777777777777778,0.41502529692392764,False,sensitive_or_small,1.3530885855833534
822,2024-02,0,1,False,0.4444444444444444,0.2357017256443729,False,sensitive_or_small,1.648215134909059
834,2024-02,1,0,True,0.7777777777777778,0.38865908381205005,False,sensitive_or_small,1.259352185848056
848,2024-02,1,0,False,0.7777777777777778,0.8031840777675423,False,sensitive_or_small,1.5622750874767444
853,2024-02,1,0,False,0.6666666666666666,0.1965355408966738,False,sensitive_or_small,0.9834558579346744
854,2024-02,1,0,False,0.6666666666666666,0.4634294443664659,False,sensitive_or_small,-0.07583767832227001
879,2024-02,1,0,False,0.6666666666666666,0.6234100308015686,False,sensitive_or_small,1.1325837868090944
884,2024-02,1,0,False,0.7777777777777778,0.6141284171141386,False,sensitive_or_small,0.8667435703246504
886,2024-02,1,0,False,0.7777777777777778,0.47032771269690415,False,sensitive_or_small,1.5524724552887934
888,2024-02,1,0,False,0.6666666666666666,0.29650947927726407,False,sensitive_or_small,1.1016372809119255
927,2024-02,1,2,False,0.6666666666666666,0.19308063223930674,False,sensitive_or_small,1.7323610971063856
992,2024-02,0,1,True,0.8888888888888888,0.17233392527672425,False,sensitive_or_small,1.001266180713023
1054,2024-02,0,1,True,0.4444444444444444,0.20568262270533294,False,sensitive_or_small,0.8648050460851903
1110,2024-02,1,0,False,1.0,0.27507962192029245,False,sensitive_or_small,0.5334210545680479
1113,2024-02,1,0,True,0.6666666666666666,0.20958385216495107,False,sensitive_or_small,1.902941542808173
1147,2024-02,1,0,False,1.0,0.48377908961296423,False,sensitive_or_small,3.4957382896765807
1150,2024-02,1,2,True,0.8888888888888888,0.12171805136975683,False,sensitive_or_small,1.4389365024868845
1158,2024-02,0,1,False,0.5555555555555556,0.1212742785326787,False,sensitive_or_small,2.1469578845395967
1179,2024-02,1,0,True,1.0,0.7996673366223315,True,retrospectively_supported,1.748617922723411
1181,2024-02,0,1,True,0.5555555555555556,0.24743606381281816,False,sensitive_or_small,0.008611767053566532
1184,2024-02,1,0,True,0.7777777777777778,0.3940634633805975,False,sensitive_or_small,2.4386629101985733
1186,2024-02,1,2,True,0.8888888888888888,0.15396613487527708,False,sensitive_or_small,0.8081132271899951
1190,2024-02,1,2,True,0.8888888888888888,0.2097015279251272,False,sensitive_or_small,1.119721490345091
1191,2024-02,0,1,True,0.5555555555555556,0.23033518711690779,False,sensitive_or_small,0.7502947091047776
1220,2024-02,0,1,False,0.8888888888888888,0.7405607901746354,False,sensitive_or_small,4.908488783331466
1232,2024-02,1,0,True,0.8888888888888888,0.2810723831897844,False,sensitive_or_small,1.8482081015690877
1250,2024-02,1,0,True,0.8888888888888888,0.1353830976045195,False,sensitive_or_small,1.7183996309005356
1312,2024-02,0,1,True,1.0,0.33987998088373533,False,sensitive_or_small,2.5775072401183543
1322,2024-02,0,1,False,0.5555555555555556,1.3786831410289728,False,sensitive_or_small,7.696880510295659
1401,2024-02,0,1,True,0.5555555555555556,0.2243253348769061,False,sensitive_or_small,0.93909364023817
1413,2024-02,1,0,True,0.8888888888888888,0.33429497898159943,False,sensitive_or_small,1.7176050110693315
1463,2024-02,1,2,False,0.6666666666666666,0.11250664294760282,False,sensitive_or_small,0.6039907038228043
1511,2024-02,0,1,False,0.4444444444444444,0.21418733765503428,False,sensitive_or_small,1.2824266616481976
1521,2024-02,0,1,False,0.5555555555555556,0.3136840331567347,False,sensitive_or_small,1.6528707461095942
1562,2024-02,0,1,True,0.5555555555555556,0.16426790170819794,False,sensitive_or_small,1.3228864355130625
1575,2024-02,2,1,True,0.6666666666666666,0.09468614626356776,False,sensitive_or_small,0.9286309236978652
1577,2024-02,0,1,False,0.5555555555555556,0.17079549090202673,False,sensitive_or_small,0.6436048737216371
1605,2024-02,0,1,False,0.5555555555555556,0.393891906661679,False,sensitive_or_small,0.9130642732936262
1609,2024-02,1,0,False,0.6666666666666666,0.23427029728440668,False,sensitive_or_small,2.0571857003986422
1669,2024-02,1,0,True,0.8888888888888888,0.1900007909769834,False,sensitive_or_small,1.8288076205750654
1683,2024-02,1,0,False,1.0,0.5959105599042611,False,sensitive_or_small,-0.07671156757141362
1719,2024-02,0,1,False,0.5555555555555556,0.2627621018733429,False,sensitive_or_small,2.1498188980305337
1891,2024-02,0,1,False,0.5555555555555556,0.6660646708843577,False,sensitive_or_small,0.020286786908532695
1897,2024-02,0,1,False,0.5555555555555556,0.30776830761884344,False,sensitive_or_small,1.0258840269556813
1937,2024-02,0,1,False,0.4444444444444444,0.3688139160231892,False,sensitive_or_small,0.1632540448483738
1955,2024-02,0,1,True,1.0,0.5466657725214505,True,retrospectively_supported,-0.22438618458273177
1961,2024-02,0,1,True,0.4444444444444444,0.4312032392764693,False,sensitive_or_small,0.736091286056527
1962,2024-02,1,0,False,0.7777777777777778,0.2099022298520513,False,sensitive_or_small,0.6944707324021735
1981,2024-02,1,0,True,0.8888888888888888,0.12900144881922762,False,sensitive_or_small,1.3413686347883784
1990,2024-02,0,1,True,0.5555555555555556,0.11026883926425521,False,sensitive_or_small,2.3988280450106885
2025,2024-02,1,0,True,0.6666666666666666,0.7388958219864217,False,sensitive_or_small,0.8724227792535719
2040,2024-02,0,1,True,0.4444444444444444,0.5597340943696978,False,sensitive_or_small,1.7137265680672642
2048,2024-02,0,1,False,0.5555555555555556,0.19183424591958997,False,sensitive_or_small,0.14969207835268117
2068,2024-02,0,1,False,0.8888888888888888,0.6607708607680297,False,sensitive_or_small,3.2887365356890577
2101,2024-02,1,2,False,0.8888888888888888,0.09931450566311179,False,sensitive_or_small,0.7437126367700359
2119,2024-02,1,2,False,1.0,0.19052761935874168,False,sensitive_or_small,0.5821667497796307
2148,2024-02,1,0,False,0.7777777777777778,0.5329117483884716,False,sensitive_or_small,2.8118442521434264
2173,2024-02,1,0,True,0.8888888888888888,0.1966834002720177,False,sensitive_or_small,0.8768716804625237
2191,2024-02,0,1,True,0.5555555555555556,0.18766121600499353,False,sensitive_or_small,1.196135069155152
2194,2024-02,0,1,False,0.5555555555555556,0.11185271417252267,False,sensitive_or_small,1.0546989545359473
2231,2024-02,0,1,False,0.5555555555555556,0.16655455774852904,False,sensitive_or_small,1.164417264717252
2235,2024-02,0,1,False,0.5555555555555556,0.22541346730266407,False,sensitive_or_small,1.0494650013394362
2237,2024-02,0,1,False,0.4444444444444444,0.5949315088794765,False,sensitive_or_small,4.059511377575717
2238,2024-02,0,1,True,0.5555555555555556,0.22966701825893632,False,sensitive_or_small,0.013882969633560727
2242,2024-02,2,1,True,0.5555555555555556,0.1997041235058072,False,sensitive_or_small,0.6356764087006694
2243,2024-02,0,1,True,0.5555555555555556,0.1651541121654665,False,sensitive_or_small,0.6216093945322493
2647,2024-02,1,2,False,0.6666666666666666,0.18311972824229925,False,sensitive_or_small,1.464594828080057
2882,2024-02,0,1,True,0.4444444444444444,0.1371167729918685,False,sensitive_or_small,0.7553262410414013
2885,2024-02,0,1,True,0.5555555555555556,0.2635516122011983,False,sensitive_or_small,0.3099832377158232
3007,2024-02,1,0,True,0.8888888888888888,0.4280816417526232,False,sensitive_or_small,1.4345641485164844
1,2024-03,2,1,True,0.8888888888888888,0.18490129602187058,False,sensitive_or_small,0.370266488949339
9,2024-03,1,0,True,0.8888888888888888,0.8547142769163394,True,retrospectively_supported,4.03629032720903
13,2024-03,0,1,True,0.7777777777777778,0.2564988483050525,False,sensitive_or_small,0.38179424009649743
16,2024-03,0,1,True,0.8888888888888888,0.49200537561018276,False,sensitive_or_small,-1.4613067725685296
21,2024-03,1,2,False,0.8888888888888888,0.17766967955864985,False,sensitive_or_small,0.2549651247339718
74,2024-03,0,1,True,0.8888888888888888,0.21129793918217263,False,sensitive_or_small,-0.21770375062037106
169,2024-03,1,0,False,0.7777777777777778,0.2520489123734566,False,sensitive_or_small,-0.7885825853698208
195,2024-03,1,0,False,0.7777777777777778,0.43215696026628475,False,sensitive_or_small,1.4225184627874254
207,2024-03,1,0,False,0.5555555555555556,0.3476574575441552,False,sensitive_or_small,-0.19185776641872931
209,2024-03,0,1,False,1.0,0.5171454317241083,False,sensitive_or_small,-1.0978238101402442
215,2024-03,0,1,False,1.0,0.5541181739903314,False,sensitive_or_small,-0.6042180296883359
222,2024-03,1,0,False,0.5555555555555556,0.2440857611496071,False,sensitive_or_small,0.32656038823412614
234,2024-03,0,1,True,0.7777777777777778,0.206679139252512,False,sensitive_or_small,-0.6652985134662281
243,2024-03,0,1,True,0.8888888888888888,0.38244663063106143,False,sensitive_or_small,-1.758347425138168
314,2024-03,0,1,True,0.3333333333333333,0.9905004268391343,False,sensitive_or_small,0.16326183431310676
317,2024-03,0,1,True,0.3333333333333333,1.3769422595306096,False,sensitive_or_small,1.9673444564588998
319,2024-03,0,1,True,0.3333333333333333,0.8638720256101066,False,sensitive_or_small,-0.21637229152399948
320,2024-03,0,1,True,0.3333333333333333,0.7669119711821383,False,sensitive_or_small,0.6526917775114105
324,2024-03,0,1,True,0.3333333333333333,0.5709238996258155,False,sensitive_or_small,-0.17635511128510084
326,2024-03,0,1,True,0.6666666666666666,0.2174852828743682,False,sensitive_or_small,-0.14816625411571832
331,2024-03,0,1,True,0.3333333333333333,0.4334164521790127,False,sensitive_or_small,-0.2924561368890546
335,2024-03,0,1,True,0.7777777777777778,0.5217644600299979,False,sensitive_or_small,-0.38082379004193145
336,2024-03,0,1,True,0.3333333333333333,0.42874633525312117,False,sensitive_or_small,-1.958080891954153
337,2024-03,0,1,True,0.3333333333333333,0.5869415059779103,False,sensitive_or_small,-0.6993031845948308
339,2024-03,0,1,True,0.7777777777777778,0.4234445840757424,False,sensitive_or_small,-1.02557832377198
342,2024-03,0,1,True,0.3333333333333333,0.5166485413138685,False,sensitive_or_small,-0.7129093728490064
343,2024-03,0,1,True,0.3333333333333333,1.6983593806188453,False,sensitive_or_small,1.433048792738477
354,2024-03,1,2,False,0.8888888888888888,0.226361647498712,False,sensitive_or_small,0.09739070873052702
376,2024-03,0,1,False,0.8888888888888888,0.6401607003687977,False,sensitive_or_small,2.2599101560966646
388,2024-03,1,0,False,0.7777777777777778,0.3184339188457921,False,sensitive_or_small,1.0907802650102105
404,2024-03,1,0,True,0.8888888888888888,0.655750115845876,True,retrospectively_supported,1.343550249650019
410,2024-03,2,1,True,0.6666666666666666,1.311353032779383,False,sensitive_or_small,1.1237485756255092
414,2024-03,1,2,False,0.5555555555555556,0.3296721378099762,False,sensitive_or_small,0.9954376685947314
453,2024-03,1,0,True,0.5555555555555556,0.5184647095733623,False,sensitive_or_small,0.9195547624738482
512,2024-03,0,1,False,0.6666666666666666,0.1273681597198115,False,sensitive_or_small,-0.8084176030213164
535,2024-03,1,0,True,0.2222222222222222,0.27332555633689637,False,sensitive_or_small,-0.24135211973118353
574,2024-03,0,1,False,0.2222222222222222,0.46324225921453765,False,sensitive_or_small,-0.42477370816664806
578,2024-03,1,0,False,0.5555555555555556,0.22875618315017743,False,sensitive_or_small,-2.0053423033336584
580,2024-03,0,1,True,1.0,0.8708783927095314,True,retrospectively_supported,-0.5812957647368971
583,2024-03,0,1,True,0.3333333333333333,1.290016955220829,False,sensitive_or_small,3.8515204512003844
588,2024-03,0,1,True,0.3333333333333333,0.4866023722881352,False,sensitive_or_small,-0.7237738085426215
589,2024-03,0,1,True,1.0,0.38422640531690677,False,sensitive_or_small,-0.9612160365943423
593,2024-03,0,1,True,0.8888888888888888,0.6548816331098246,True,retrospectively_supported,-0.8495711375912457
600,2024-03,0,1,True,0.7777777777777778,0.32863711733358386,False,sensitive_or_small,-0.3401932843139971
602,2024-03,0,1,True,0.2222222222222222,1.0716344157134587,False,sensitive_or_small,-0.8768570053280335
607,2024-03,0,1,False,0.7777777777777778,0.6136971127727798,False,sensitive_or_small,0.03463953650572199
615,2024-03,0,1,True,0.7777777777777778,0.39894013347774876,False,sensitive_or_small,-1.4717318412357807
666,2024-03,1,2,True,0.8888888888888888,0.17454283229801476,False,sensitive_or_small,-0.3081078251884528
669,2024-03,1,0,True,0.5555555555555556,0.39913534520100274,False,sensitive_or_small,-0.6648327467698889
671,2024-03,1,0,True,0.5555555555555556,0.2553432436185303,False,sensitive_or_small,-0.3335959913078862
708,2024-03,0,1,True,0.3333333333333333,0.404966660996603,False,sensitive_or_small,0.47133592289740067
716,2024-03,0,1,True,0.7777777777777778,0.7042501324164728,False,sensitive_or_small,-0.15425464447570703
722,2024-03,0,1,False,1.0,0.28136334913729244,False,sensitive_or_small,-1.1242642431251753
725,2024-03,1,0,True,0.5555555555555556,0.29755638197715756,False,sensitive_or_small,0.1431594606705916
780,2024-03,0,1,True,0.8888888888888888,0.2117762166422766,False,sensitive_or_small,-0.76508477413815
781,2024-03,0,1,True,0.7777777777777778,0.2140400366417366,False,sensitive_or_small,0.0605798322560705
783,2024-03,0,1,True,0.7777777777777778,0.08791159020627633,False,sensitive_or_small,-0.030278615070927772
789,2024-03,0,1,True,0.7777777777777778,0.1302973858374645,False,sensitive_or_small,-0.28163526849288995
791,2024-03,0,1,True,0.3333333333333333,0.4262722940703151,False,sensitive_or_small,-0.9752950538355898
796,2024-03,0,1,True,0.3333333333333333,0.4574288253298447,False,sensitive_or_small,0.4745101760069162
799,2024-03,0,1,True,0.7777777777777778,0.12511350104826213,False,sensitive_or_small,-0.16449708348544034
800,2024-03,0,1,True,0.2222222222222222,0.33604335293304594,False,sensitive_or_small,0.6038565324304481
807,2024-03,0,1,True,0.3333333333333333,0.4263214767512166,False,sensitive_or_small,0.22070777082749682
822,2024-03,1,0,False,0.4444444444444444,0.28677853538309506,False,sensitive_or_small,-0.33947428115422007
838,2024-03,0,1,False,1.0,1.0473369397008305,False,sensitive_or_small,-3.122274315750964
847,2024-03,0,1,True,0.7777777777777778,0.22218215745911618,False,sensitive_or_small,-0.1960019428576626
848,2024-03,0,1,True,0.3333333333333333,0.29793063339802345,False,sensitive_or_small,0.647369779755945
853,2024-03,0,1,True,0.6666666666666666,0.3600088076635373,False,sensitive_or_small,0.6173386938955625
854,2024-03,0,1,True,0.3333333333333333,0.5468676092374346,False,sensitive_or_small,-0.7818631661922439
855,2024-03,0,1,True,0.2222222222222222,1.441655655171594,False,sensitive_or_small,-0.011140800341800927
859,2024-03,0,1,True,0.3333333333333333,0.8349243987287109,False,sensitive_or_small,1.0247754609794872
870,2024-03,0,1,True,0.3333333333333333,0.8480870110715483,False,sensitive_or_small,-1.437767096213287
878,2024-03,0,1,True,0.7777777777777778,0.3459399674936907,False,sensitive_or_small,-0.3130177406941201
879,2024-03,0,1,True,0.3333333333333333,0.46820146116512185,False,sensitive_or_small,1.3931152174958925
880,2024-03,0,1,True,0.3333333333333333,0.5456688702753784,False,sensitive_or_small,-0.01411616167695251
882,2024-03,0,1,True,0.3333333333333333,0.6405230387320838,False,sensitive_or_small,0.4851361780346869
884,2024-03,0,1,True,0.3333333333333333,0.543165604942007,False,sensitive_or_small,-0.4642765827655354
886,2024-03,0,1,True,0.3333333333333333,0.4575696742077994,False,sensitive_or_small,0.023399948904258283
888,2024-03,0,1,True,0.3333333333333333,0.8331295083648725,False,sensitive_or_small,0.8153086576273603
889,2024-03,0,1,True,0.3333333333333333,1.9611864635270368,False,sensitive_or_small,-0.45098831603602174
916,2024-03,0,1,True,0.7777777777777778,0.30116907726642966,False,sensitive_or_small,-0.6180237320700471
917,2024-03,0,1,True,0.7777777777777778,0.44188504946536045,False,sensitive_or_small,-0.944671400812358
927,2024-03,2,1,True,0.6666666666666666,0.23548003894779126,False,sensitive_or_small,-0.5194043512278479
1110,2024-03,0,1,True,0.7777777777777778,0.36659565808810074,False,sensitive_or_small,0.41180942151316235
1116,2024-03,1,0,True,0.8888888888888888,0.3476383885917246,False,sensitive_or_small,1.491047247088137
1147,2024-03,0,1,True,1.0,0.39059872155894887,False,sensitive_or_small,-0.6763201602321578
1152,2024-03,0,1,True,0.7777777777777778,1.90178600919356,False,sensitive_or_small,0.5317883049324221
1153,2024-03,0,1,True,0.7777777777777778,0.21146316237749302,False,sensitive_or_small,-1.4897497737321297
1158,2024-03,1,0,True,0.5555555555555556,0.18000832970806693,False,sensitive_or_small,-0.9648722383923558
1198,2024-03,2,1,True,0.4444444444444444,0.12568781057899003,False,sensitive_or_small,0.20230555701946096
1212,2024-03,1,0,False,0.7777777777777778,0.2981713760433723,False,sensitive_or_small,0.741653936226766
1220,2024-03,1,0,True,0.8888888888888888,0.6494138158720298,True,retrospectively_supported,-0.4416805016616038
1254,2024-03,0,1,False,0.8888888888888888,0.3686032592622266,False,sensitive_or_small,-1.1028096254201036
1275,2024-03,0,1,False,0.8888888888888888,0.6959012003996591,False,sensitive_or_small,0.651233219545469
1302,2024-03,0,1,False,0.8888888888888888,0.2948312506754799,False,sensitive_or_small,1.1953014650844542
1322,2024-03,1,0,True,0.5555555555555556,1.607856323466323,False,sensitive_or_small,-4.78285027338605
1400,2024-03,2,1,True,0.2222222222222222,0.2415150932164939,False,sensitive_or_small,0.1415227096530608
1408,2024-03,2,1,True,0.2222222222222222,0.13924513544728773,False,sensitive_or_small,-0.4678040159107777
1447,2024-03,2,1,True,0.7777777777777778,0.15511193803985995,False,sensitive_or_small,0.6535399124512231
1454,2024-03,2,1,True,0.3333333333333333,0.09804210374909941,False,sensitive_or_small,0.3153795220323996
1463,2024-03,2,1,True,0.6666666666666666,0.09308062090804003,False,sensitive_or_small,0.2843697152760255
1477,2024-03,2,1,True,0.6666666666666666,0.09918092775712613,False,sensitive_or_small,0.5399657483878828
1490,2024-03,2,1,True,0.7777777777777778,0.11009087808169933,False,sensitive_or_small,0.4608141521488224
1495,2024-03,2,1,True,0.7777777777777778,0.15223885919716118,False,sensitive_or_small,0.3442361195106214
1511,2024-03,1,0,False,0.4444444444444444,0.179955464416721,False,sensitive_or_small,-1.0060759473243752
1521,2024-03,1,0,False,0.5555555555555556,0.18967395141608573,False,sensitive_or_small,-0.8204973883031513
1577,2024-03,1,0,False,0.5555555555555556,0.19501112870782628,False,sensitive_or_small,-0.22128875467117837
1597,2024-03,1,2,True,0.8888888888888888,0.1887096488066071,False,sensitive_or_small,-0.20469016544781282
1605,2024-03,1,0,True,0.5555555555555556,0.4938971434291036,False,sensitive_or_small,1.3527446901615836
1609,2024-03,0,1,False,0.8888888888888888,0.2030805069178093,False,sensitive_or_small,-0.40292882994287793
1620,2024-03,1,2,False,0.7777777777777778,0.17593814225759352,False,sensitive_or_small,-0.3792429860479479
1630,2024-03,0,1,False,0.8888888888888888,0.4286508633704433,False,sensitive_or_small,0.1272756164364175
1670,2024-03,1,0,False,0.7777777777777778,0.46101607346751905,False,sensitive_or_small,0.9864046546999294
1683,2024-03,0,1,True,0.7777777777777778,0.5754571774941021,False,sensitive_or_small,1.871769240749105
1719,2024-03,1,0,True,0.5555555555555556,0.3223418730206928,False,sensitive_or_small,0.5268929451818283
1726,2024-03,2,1,True,0.8888888888888888,0.17977227521406344,False,sensitive_or_small,0.25765502479260516
1891,2024-03,1,0,True,0.5555555555555556,0.8014223745437355,False,sensitive_or_small,2.032531655604111
1897,2024-03,1,0,True,0.5555555555555556,0.44512241377580636,False,sensitive_or_small,-0.43563849880621786
1937,2024-03,1,0,False,0.4444444444444444,0.23173700209640308,False,sensitive_or_small,1.3037248946264235
1957,2024-03,0,1,True,0.7777777777777778,0.20762517607547504,False,sensitive_or_small,-0.2019057287416831
1962,2024-03,0,1,True,0.7777777777777778,0.281221732152239,False,sensitive_or_small,0.18044389515944614
1968,2024-03,0,1,True,0.3333333333333333,0.18987176533288533,False,sensitive_or_small,0.30110021540229737
1971,2024-03,1,2,True,0.8888888888888888,0.18796655764099435,False,sensitive_or_small,0.05477868256512086
1979,2024-03,1,2,False,0.8888888888888888,0.23871516742030122,False,sensitive_or_small,-0.051086042837809875
2011,2024-03,1,0,False,0.5555555555555556,0.19327259901317267,False,sensitive_or_small,0.003424568568258235
2048,2024-03,1,0,False,0.5555555555555556,0.11313911432479964,False,sensitive_or_small,0.6925131510850696
2062,2024-03,0,1,True,0.7777777777777778,0.27543384824433625,False,sensitive_or_small,0.05807205260011661
2068,2024-03,1,0,True,0.8888888888888888,0.40214768129012785,False,sensitive_or_small,-0.890985552151663
2070,2024-03,0,1,True,0.7777777777777778,0.2171413641325892,False,sensitive_or_small,0.0381708243716361
2101,2024-03,2,1,True,0.2222222222222222,0.15870140639165994,False,sensitive_or_small,0.07598318376221547
2119,2024-03,2,1,True,0.8888888888888888,0.18057855740006845,False,sensitive_or_small,0.3068307859761171
2148,2024-03,0,1,True,0.7777777777777778,0.41596592124015924,False,sensitive_or_small,-0.33993588204038055
2161,2024-03,1,2,False,0.8888888888888888,0.19934286624117833,False,sensitive_or_small,-0.3035102985886093
2194,2024-03,1,0,False,0.5555555555555556,0.23467545320660724,False,sensitive_or_small,-0.16080863609320706
2218,2024-03,1,0,False,0.5555555555555556,0.20287193853533422,False,sensitive_or_small,-1.088554400931846
2231,2024-03,1,0,False,0.5555555555555556,0.13436197206802192,False,sensitive_or_small,-0.39150917236778493
2234,2024-03,0,1,False,1.0,0.38619696038097046,False,sensitive_or_small,-0.9321232060851115
2235,2024-03,1,0,False,0.5555555555555556,0.16060803850878205,False,sensitive_or_small,-0.3096866049175251
2237,2024-03,1,0,False,0.4444444444444444,0.2748213861814042,False,sensitive_or_small,-1.561853343742059
2254,2024-03,0,1,False,0.8888888888888888,0.9892012657589347,False,sensitive_or_small,2.4855305773236633
2339,2024-03,0,1,True,0.7777777777777778,0.6677223192336973,False,sensitive_or_small,1.0298189443467471
2342,2024-03,0,1,True,0.3333333333333333,0.17103104700822086,False,sensitive_or_small,2.056103871222756
2619,2024-03,1,0,False,0.5555555555555556,0.1825964634749001,False,sensitive_or_small,0.3301358040630392
2647,2024-03,2,1,True,0.6666666666666666,0.14198377873372303,False,sensitive_or_small,0.062388162208709685
2652,2024-03,2,1,True,0.4444444444444444,0.12517957543031918,False,sensitive_or_small,0.28816466015336994
2879,2024-03,0,1,True,0.6666666666666666,0.39042382482511007,False,sensitive_or_small,-1.2161360992384629
2880,2024-03,1,0,False,0.4444444444444444,0.2950100177439623,False,sensitive_or_small,-1.4105139728271778
2,2024-04,0,1,False,1.0,1.0270172528645427,False,sensitive_or_small,-0.2426735511130873
15,2024-04,0,1,False,0.8888888888888888,0.6032189720682704,False,sensitive_or_small,1.53145616687399
21,2024-04,2,1,True,0.8888888888888888,0.2797719763957933,False,sensitive_or_small,-0.3501794390438684
30,2024-04,0,1,False,0.2222222222222222,0.45256135032030365,False,sensitive_or_small,1.9198479822138044
33,2024-04,0,1,False,0.3333333333333333,1.184534640257861,False,sensitive_or_small,0.0933599864232082
35,2024-04,0,1,True,1.0,0.7331504669471396,True,retrospectively_supported,-0.2586116366759428
39,2024-04,0,1,True,0.8888888888888888,0.433000372442213,False,sensitive_or_small,-1.4750334334777708
43,2024-04,0,1,False,0.8888888888888888,0.7882264922676813,False,sensitive_or_small,-0.17661419654306648
47,2024-04,1,0,False,1.0,0.41357969572304465,False,sensitive_or_small,0.8489550016955033
50,2024-04,0,1,True,0.8888888888888888,0.15490483798348764,False,sensitive_or_small,0.16120195676186388
60,2024-04,0,1,True,0.8888888888888888,0.2808441669873582,False,sensitive_or_small,-0.038217799595413604
62,2024-04,0,1,False,0.3333333333333333,0.655131693119404,False,sensitive_or_small,-0.3099394976284184
63,2024-04,0,1,False,0.8888888888888888,0.3485120722324762,False,sensitive_or_small,-0.4795672988464436
67,2024-04,0,1,True,0.8888888888888888,0.33426504846377175,False,sensitive_or_small,-0.04980728893481945
69,2024-04,0,1,True,0.8888888888888888,0.18442079335589834,False,sensitive_or_small,-0.13412321747203054
169,2024-04,0,1,True,0.4444444444444444,0.3840959264922328,False,sensitive_or_small,-0.33056166145454535
195,2024-04,0,1,True,0.7777777777777778,0.37978926305173083,False,sensitive_or_small,-1.6247494804454699
198,2024-04,0,1,False,0.7777777777777778,0.2953193550681133,False,sensitive_or_small,-2.377379685962569
206,2024-04,1,2,False,0.8888888888888888,0.3239353486266277,False,sensitive_or_small,0.23282023003550062
207,2024-04,0,1,True,0.8888888888888888,0.23677675083162597,False,sensitive_or_small,0.48722254273402543
209,2024-04,1,0,True,0.8888888888888888,0.5956157369687549,True,retrospectively_supported,2.3145826486238223
215,2024-04,1,0,True,1.0,0.7281500685699306,True,retrospectively_supported,0.5459835799880575
222,2024-04,0,1,True,0.7777777777777778,0.2589179309230895,False,sensitive_or_small,0.21991823319016668
226,2024-04,0,1,False,0.3333333333333333,1.308658246498304,False,sensitive_or_small,-1.6450018978387186
228,2024-04,0,1,True,0.8888888888888888,0.2162890455855917,False,sensitive_or_small,0.5561285597571575
237,2024-04,0,1,False,0.7777777777777778,0.5686175748047524,False,sensitive_or_small,1.3825751871390388
283,2024-04,0,1,False,0.2222222222222222,0.6289292077873653,False,sensitive_or_small,1.3148558752856836
321,2024-04,0,1,True,1.0,0.8105597288223937,True,retrospectively_supported,-0.30380890095041413
323,2024-04,0,1,False,0.8888888888888888,1.0976759681927342,False,sensitive_or_small,1.4139640933341004
346,2024-04,1,2,False,0.7777777777777778,0.8532099724570722,False,sensitive_or_small,-1.9086294657029879
354,2024-04,2,1,False,0.8888888888888888,0.2374692623141096,False,sensitive_or_small,-0.4173437389402651
364,2024-04,0,1,False,0.8888888888888888,0.5563504436968674,False,sensitive_or_small,-0.41141580360457564
370,2024-04,0,1,True,0.7777777777777778,0.6011065556392153,False,sensitive_or_small,-0.9322595656171967
376,2024-04,1,0,True,0.8888888888888888,1.190326925644084,True,retrospectively_supported,1.4917125163601885
388,2024-04,0,1,True,0.7777777777777778,0.31976774345530623,False,sensitive_or_small,-1.4608888195891705
401,2024-04,1,0,True,1.0,1.019697363353075,True,retrospectively_supported,0.1700753279490652
402,2024-04,2,1,True,0.8888888888888888,0.5027007682546034,True,retrospectively_supported,0.8302428695014019
403,2024-04,0,1,False,0.8888888888888888,0.6315783895038494,False,sensitive_or_small,1.4515858845372902
405,2024-04,2,1,True,0.7777777777777778,0.30518444251167665,False,sensitive_or_small,0.2936757392288672
413,2024-04,1,0,True,1.0,0.6562924213757202,True,retrospectively_supported,-0.3404216376271557
414,2024-04,2,1,True,0.7777777777777778,0.5000924781356074,False,sensitive_or_small,0.4096811699552866
512,2024-04,1,0,True,0.8888888888888888,0.38134887705342657,False,sensitive_or_small,-0.010284661184606358
515,2024-04,0,1,True,0.7777777777777778,0.2074127060080082,False,sensitive_or_small,-0.6408081322744952
542,2024-04,0,1,False,0.3333333333333333,1.6302878241457994,False,sensitive_or_small,0.9048759778283427
556,2024-04,0,1,False,0.3333333333333333,1.517192631692362,False,sensitive_or_small,3.762699826656393
574,2024-04,1,0,True,0.2222222222222222,0.21873430048167278,False,sensitive_or_small,-0.8117654077888586
578,2024-04,0,1,True,0.8888888888888888,0.44570048383759525,False,sensitive_or_small,0.5752788927398291
581,2024-04,0,1,True,0.8888888888888888,0.2629780678313744,False,sensitive_or_small,0.08793627119584035
601,2024-04,0,1,True,0.8888888888888888,0.4977729553761766,False,sensitive_or_small,-0.32863556825793866
604,2024-04,0,1,True,0.8888888888888888,0.31741666464404694,False,sensitive_or_small,-0.13519628066494122
605,2024-04,0,1,True,1.0,0.882868761184048,True,retrospectively_supported,-0.21511408999456416
607,2024-04,1,0,False,0.7777777777777778,0.575003150178599,False,sensitive_or_small,0.030583458492580706
670,2024-04,0,1,False,0.7777777777777778,0.3455861005523391,False,sensitive_or_small,0.21792714732560003
678,2024-04,0,1,True,0.8888888888888888,0.22690852795523905,False,sensitive_or_small,0.8920631133352147
685,2024-04,1,0,True,0.8888888888888888,0.17984982865214605,False,sensitive_or_small,0.3350934861599708
722,2024-04,1,0,True,0.8888888888888888,0.20248022961112458,False,sensitive_or_small,0.8254556376342537
742,2024-04,0,1,False,0.7777777777777778,0.6441970224971001,False,sensitive_or_small,-1.189325235957528
779,2024-04,0,1,False,0.5555555555555556,0.3066121607901142,False,sensitive_or_small,0.259202556921731
790,2024-04,0,1,False,0.6666666666666666,0.19041626684043336,False,sensitive_or_small,0.3882197059814657
792,2024-04,0,1,False,0.3333333333333333,0.9637575420933253,False,sensitive_or_small,0.18481052863533742
797,2024-04,0,1,False,0.2222222222222222,0.5252162054071201,False,sensitive_or_small,0.8414745343233027
803,2024-04,0,1,True,0.7777777777777778,0.468720249627874,False,sensitive_or_small,0.3155377615626051
806,2024-04,0,1,False,0.8888888888888888,0.2832715174076476,False,sensitive_or_small,-0.22345779012953593
809,2024-04,2,1,False,0.8888888888888888,0.22709781972452073,False,sensitive_or_small,-0.7053525826863638
821,2024-04,0,1,True,0.7777777777777778,0.24278752747531424,False,sensitive_or_small,-1.4451869218063906
822,2024-04,0,1,False,0.7777777777777778,0.3418981762724963,False,sensitive_or_small,-1.1493441591835878
832,2024-04,0,1,True,0.7777777777777778,0.3291964799019069,False,sensitive_or_small,-1.2811775812722277
834,2024-04,0,1,True,0.7777777777777778,0.2671761289377315,False,sensitive_or_small,-0.5934582747351952
838,2024-04,1,0,True,1.0,0.575685986484458,True,retrospectively_supported,0.6177015735167629
844,2024-04,0,1,False,0.4444444444444444,0.2629992504827548,False,sensitive_or_small,0.6540885518833404
846,2024-04,0,1,True,0.8888888888888888,0.3407083943503751,False,sensitive_or_small,0.9464172228137655
852,2024-04,0,1,False,0.3333333333333333,0.39073127605398833,False,sensitive_or_small,-0.2049384671286958
877,2024-04,0,1,False,0.3333333333333333,0.4650468161261315,False,sensitive_or_small,-0.055194559360023654
907,2024-04,0,1,False,0.3333333333333333,0.7962901785223765,False,sensitive_or_small,1.5308376352273445
1005,2024-04,0,1,True,0.7777777777777778,0.591419575574657,False,sensitive_or_small,-1.0490076795818455
1010,2024-04,1,0,True,0.6666666666666666,0.3601213411974527,False,sensitive_or_small,-1.221574802043085
1011,2024-04,0,1,False,0.6666666666666666,0.18982686435006615,False,sensitive_or_small,-1.2201493346713999
1036,2024-04,0,1,True,0.4444444444444444,0.4716541358825812,False,sensitive_or_small,-1.0830930547767625
1049,2024-04,0,1,True,0.8888888888888888,1.2424644040857693,True,retrospectively_supported,-0.14165124437635207
1070,2024-04,0,1,False,0.7777777777777778,0.5490910603377112,False,sensitive_or_small,-0.6053149192142421
1129,2024-04,0,1,False,0.7777777777777778,0.832537515455646,False,sensitive_or_small,-2.390835304360034
1149,2024-04,0,1,False,0.2222222222222222,0.4750184198622744,False,sensitive_or_small,1.2777817559551485
1150,2024-04,2,1,False,0.8888888888888888,0.29880414133210637,False,sensitive_or_small,-0.27575886153516777
1161,2024-04,0,1,False,0.7777777777777778,0.12132098808676159,False,sensitive_or_small,0.045904768807994434
1164,2024-04,0,1,False,0.7777777777777778,0.6806486008923224,False,sensitive_or_small,-1.2529074415335184
1175,2024-04,0,1,True,0.8888888888888888,0.40685102169437826,False,sensitive_or_small,-0.43482734466246675
1184,2024-04,0,1,False,0.8888888888888888,0.6955535679261166,False,sensitive_or_small,-1.2841617735660034
1186,2024-04,2,1,False,0.8888888888888888,0.45543189836614195,False,sensitive_or_small,0.5773080116801221
1190,2024-04,2,1,True,0.8888888888888888,0.2730982149023349,False,sensitive_or_small,0.3383034258340398
1192,2024-04,0,1,False,0.0,0.45011710330358434,False,sensitive_or_small,0.8217738088664397
1196,2024-04,1,0,True,0.8888888888888888,0.4599039776094549,False,sensitive_or_small,-1.7348073235492991
1212,2024-04,0,1,False,0.7777777777777778,0.12347135497239489,False,sensitive_or_small,0.044806520175982856
1221,2024-04,0,1,True,0.7777777777777778,1.0147914490794576,False,sensitive_or_small,-0.7604105528008803
1225,2024-04,1,0,True,0.2222222222222222,0.30772641671725004,False,sensitive_or_small,0.09587389947973424
1246,2024-04,1,0,True,0.8888888888888888,0.2479969331863514,False,sensitive_or_small,0.5143655854768142
1252,2024-04,1,0,True,0.2222222222222222,0.15854331491602902,False,sensitive_or_small,-0.06658781695164928
1254,2024-04,1,0,True,0.8888888888888888,0.49013413574744086,False,sensitive_or_small,1.3861611342704387
1267,2024-04,0,1,False,0.3333333333333333,1.2086629799528488,False,sensitive_or_small,4.376218561577224
1275,2024-04,1,0,True,0.8888888888888888,0.4257053966776734,False,sensitive_or_small,-0.35486738329919554
1282,2024-04,0,1,False,0.3333333333333333,0.33507481388820837,False,sensitive_or_small,0.13242788369743352
1291,2024-04,0,1,False,0.3333333333333333,0.2713558740893599,False,sensitive_or_small,-1.6675170397084855
1297,2024-04,0,1,False,0.3333333333333333,0.8085713377881378,False,sensitive_or_small,0.427656451806499
1302,2024-04,1,0,True,0.8888888888888888,0.29135260327647505,False,sensitive_or_small,-0.6292621720415046
1312,2024-04,1,0,True,0.8888888888888888,0.4796121270854706,False,sensitive_or_small,-1.5519582241830532
1326,2024-04,0,1,False,0.3333333333333333,0.7056487750800232,False,sensitive_or_small,-1.4333963859121723
1396,2024-04,2,1,True,0.2222222222222222,0.2985832292992776,False,sensitive_or_small,0.331148186618041
1406,2024-04,0,1,True,0.4444444444444444,0.2550014754799091,False,sensitive_or_small,-0.386234885279893
1473,2024-04,0,1,True,0.7777777777777778,0.22208628953516138,False,sensitive_or_small,-0.6918522609832861
1486,2024-04,0,1,False,0.7777777777777778,0.36490738026340935,False,sensitive_or_small,-0.7128137570027726
1492,2024-04,2,1,True,0.4444444444444444,0.26828081156333666,False,sensitive_or_small,-0.2132403408470429
1511,2024-04,0,1,True,0.8888888888888888,0.3711361837072704,False,sensitive_or_small,0.8115384759216249
1512,2024-04,0,1,True,0.7777777777777778,0.17435047164831383,False,sensitive_or_small,0.5413060827122479
1521,2024-04,0,1,True,0.8888888888888888,0.27689837770471676,False,sensitive_or_small,0.05134948677484874
1562,2024-04,1,0,True,0.8888888888888888,0.2114678894519026,False,sensitive_or_small,-0.6261574445111634
1577,2024-04,0,1,True,0.6666666666666666,0.18375572368836637,False,sensitive_or_small,0.013265939141748895
1603,2024-04,1,0,True,0.2222222222222222,0.22668749887295023,False,sensitive_or_small,-0.6435189298209798
1609,2024-04,1,0,True,0.8888888888888888,0.2693888924354038,False,sensitive_or_small,-0.5384673936119716
1620,2024-04,2,1,True,0.3333333333333333,0.40783517913966355,False,sensitive_or_small,0.549438617974321
1630,2024-04,1,0,True,0.8888888888888888,0.23219121660171435,False,sensitive_or_small,0.5267513672237295
1635,2024-04,0,1,False,0.3333333333333333,0.8673026282389046,False,sensitive_or_small,0.1757916321540931
1636,2024-04,0,1,False,0.2222222222222222,0.9048327005528412,False,sensitive_or_small,0.008217095163842725
1649,2024-04,0,1,False,0.3333333333333333,0.952432981773961,False,sensitive_or_small,1.3690339259697426
1662,2024-04,0,1,False,0.2222222222222222,0.44550990510844585,False,sensitive_or_small,-1.4231124800327484
1670,2024-04,0,1,False,0.7777777777777778,0.5002741391509942,False,sensitive_or_small,-1.8850045685287005
1679,2024-04,0,1,False,0.7777777777777778,0.5857871916411433,False,sensitive_or_small,-2.148463661843905
1760,2024-04,1,0,True,1.0,1.0005881468115232,True,retrospectively_supported,0.27664481919562334
1783,2024-04,2,1,True,0.3333333333333333,0.2585654452399446,False,sensitive_or_small,-0.10970355811080468
1893,2024-04,0,1,False,0.7777777777777778,0.4732959606601804,False,sensitive_or_small,1.3381837164881671
1936,2024-04,0,1,False,0.7777777777777778,0.7129834807768594,False,sensitive_or_small,0.21347768852169324
1937,2024-04,0,1,False,0.7777777777777778,0.32046122484177986,False,sensitive_or_small,-1.8478230891447567
1954,2024-04,0,1,False,0.3333333333333333,0.23809392888299213,False,sensitive_or_small,0.0899453836050057
1965,2024-04,0,1,False,0.3333333333333333,1.4386585030494072,False,sensitive_or_small,-0.9911289323121408
1966,2024-04,0,1,False,0.3333333333333333,0.6667053861802206,False,sensitive_or_small,0.7194397948626523
1967,2024-04,0,1,False,0.3333333333333333,0.2376354872250532,False,sensitive_or_small,0.5838269594385672
1979,2024-04,2,1,True,0.3333333333333333,0.27919654120058307,False,sensitive_or_small,0.09247856890724077
1982,2024-04,0,1,True,0.7777777777777778,0.24667208392032217,False,sensitive_or_small,-0.5574718276397161
1987,2024-04,0,1,False,0.7777777777777778,0.14816029014689813,False,sensitive_or_small,-0.13769017444704434
1999,2024-04,0,1,True,0.8888888888888888,0.2599382666857782,False,sensitive_or_small,0.8506586263182986
2011,2024-04,0,1,True,0.6666666666666666,0.21458606151162132,False,sensitive_or_small,-0.3397561836756352
2025,2024-04,0,1,False,0.2222222222222222,0.6161319121020827,False,sensitive_or_small,0.6086009629499332
2048,2024-04,0,1,True,0.7777777777777778,0.266517304194986,False,sensitive_or_small,-0.5105722065626372
2076,2024-04,0,1,True,0.7777777777777778,0.3319515688161758,False,sensitive_or_small,-0.8545162330904577
2153,2024-04,0,1,False,0.7777777777777778,0.29938920323655716,False,sensitive_or_small,-0.026987607062065044
2161,2024-04,2,1,True,0.3333333333333333,0.37634300938049636,False,sensitive_or_small,0.7117951631921957
2173,2024-04,0,1,False,0.7777777777777778,0.2603493046274828,False,sensitive_or_small,-0.7288049274445374
2177,2024-04,1,0,True,0.7777777777777778,0.31253263061832676,False,sensitive_or_small,0.8895506720902724
2194,2024-04,0,1,True,0.8888888888888888,0.19948538239268898,False,sensitive_or_small,-0.46052546251917903
2217,2024-04,2,1,True,0.8888888888888888,0.40979041586027304,False,sensitive_or_small,0.33819620340437284
2218,2024-04,0,1,True,0.8888888888888888,0.3512615718867366,False,sensitive_or_small,0.6120180360259603
2225,2024-04,0,1,True,0.8888888888888888,0.2841411986987812,False,sensitive_or_small,0.12133634430177842
2231,2024-04,0,1,True,0.8888888888888888,0.21208786824161718,False,sensitive_or_small,1.0423158546218114
2233,2024-04,0,1,True,0.8888888888888888,0.28677583686810587,False,sensitive_or_small,1.0140783730403973
2234,2024-04,1,0,True,1.0,0.4134881138121083,False,sensitive_or_small,1.9708683825732987
2235,2024-04,0,1,True,0.8888888888888888,0.19805719201944685,False,sensitive_or_small,-0.04099582938280333
2237,2024-04,0,1,True,0.8888888888888888,0.9711569396149031,True,retrospectively_supported,-0.1777892026905037
2238,2024-04,1,2,True,0.8888888888888888,0.10054524740583795,False,sensitive_or_small,0.723778246935848
2241,2024-04,0,1,True,0.8888888888888888,0.314594344269845,False,sensitive_or_small,0.7859798819351643
2242,2024-04,1,2,True,0.8888888888888888,0.2882170343292033,False,sensitive_or_small,0.19976800066949518
2249,2024-04,0,1,False,0.7777777777777778,0.4029498992360293,False,sensitive_or_small,-1.4282965598596333
2254,2024-04,1,0,True,0.8888888888888888,0.34828408791409665,False,sensitive_or_small,-1.9174192897388198
2607,2024-04,0,1,True,0.7777777777777778,0.47047237728552327,False,sensitive_or_small,-1.0945930853028725
2619,2024-04,0,1,True,0.7777777777777778,0.19761580975987622,False,sensitive_or_small,-0.15173358748574728
2880,2024-04,0,1,True,0.8888888888888888,0.266911033208789,False,sensitive_or_small,1.3393794728231614
2886,2024-04,0,1,False,0.7777777777777778,0.30499593034337613,False,sensitive_or_small,-0.04803630386402691
2,2024-05,1,0,True,1.0,0.9722011592900756,True,retrospectively_supported,0.6494171060715731
7,2024-05,1,2,True,0.5555555555555556,0.19423551409469403,False,sensitive_or_small,0.002028927178354678
15,2024-05,1,0,False,0.8888888888888888,0.5211563611935555,False,sensitive_or_small,1.3451958123751355
30,2024-05,1,0,True,0.2222222222222222,0.5463390294977053,False,sensitive_or_small,0.20821370480181844
33,2024-05,1,0,True,0.3333333333333333,0.6590446049469968,False,sensitive_or_small,-1.1800073313425488
43,2024-05,1,0,True,0.6666666666666666,0.47212868535969255,False,sensitive_or_small,0.740767165693354
47,2024-05,0,1,False,0.6666666666666666,0.8513004660383727,False,sensitive_or_small,-2.3092248458433966
53,2024-05,0,1,True,0.7777777777777778,0.3816472372514458,False,sensitive_or_small,0.31620165875479306
62,2024-05,1,0,True,0.3333333333333333,0.5509887051240273,False,sensitive_or_small,1.8516590915099675
63,2024-05,1,0,True,0.6666666666666666,0.5092311705064979,False,sensitive_or_small,0.9164188993017088
74,2024-05,1,0,True,0.6666666666666666,0.26485325951580696,False,sensitive_or_small,0.07815636365198914
191,2024-05,0,1,True,0.2222222222222222,0.8164417302363486,False,sensitive_or_small,0.38658499214151987
198,2024-05,1,0,False,0.6666666666666666,0.2989837449956418,False,sensitive_or_small,-0.1508663452723824
206,2024-05,2,1,False,0.6666666666666666,0.17619088473143488,False,sensitive_or_small,-0.2959015106903204
226,2024-05,1,0,True,0.3333333333333333,1.2170079243179592,False,sensitive_or_small,1.7094650947069994
234,2024-05,1,0,False,0.5555555555555556,0.17889696702291114,False,sensitive_or_small,0.3224644054611786
237,2024-05,1,0,True,0.6666666666666666,0.24780016582732484,False,sensitive_or_small,0.9301969229592894
243,2024-05,1,0,True,0.8888888888888888,1.4361060123037963,True,retrospectively_supported,-3.588458039982768
283,2024-05,1,0,True,0.2222222222222222,0.33743442807208623,False,sensitive_or_small,0.023972577091257996
303,2024-05,1,0,True,0.6666666666666666,0.11135127545854683,False,sensitive_or_small,-0.5032566472697453
312,2024-05,1,0,True,0.3333333333333333,0.1795335717413417,False,sensitive_or_small,0.31206396936319936
314,2024-05,1,0,True,0.3333333333333333,0.2156797093240995,False,sensitive_or_small,0.6898532973815166
316,2024-05,1,0,True,0.5555555555555556,0.8846009725409991,False,sensitive_or_small,-0.08220445121191744
317,2024-05,1,0,True,0.3333333333333333,0.332309091305027,False,sensitive_or_small,0.9319781875440427
318,2024-05,1,0,True,0.6666666666666666,1.493245396056529,False,sensitive_or_small,0.735306527650878
319,2024-05,1,0,True,0.3333333333333333,1.2196260521329356,False,sensitive_or_small,-0.5276081200480849
320,2024-05,1,0,True,0.3333333333333333,0.243589284191731,False,sensitive_or_small,1.0372024668071829
323,2024-05,1,0,True,0.6666666666666666,0.613180885018467,False,sensitive_or_small,-0.7492956239735491
324,2024-05,1,0,True,0.3333333333333333,0.6669151347725288,False,sensitive_or_small,1.0305124399932177
325,2024-05,1,0,False,0.3333333333333333,0.2529496785566895,False,sensitive_or_small,0.027719324971610393
331,2024-05,1,0,False,0.3333333333333333,0.7704100851084741,False,sensitive_or_small,0.07071491455749451
332,2024-05,1,0,True,0.3333333333333333,0.387227384000552,False,sensitive_or_small,-0.4679721601788617
334,2024-05,1,0,True,0.5555555555555556,0.8393013991926138,False,sensitive_or_small,0.6146540575012654
335,2024-05,1,0,True,0.5555555555555556,0.8676182933976705,False,sensitive_or_small,0.054333556379069364
336,2024-05,1,0,True,0.3333333333333333,0.6418595825356104,False,sensitive_or_small,1.3008256186272174
337,2024-05,1,0,True,0.3333333333333333,0.6846423003735053,False,sensitive_or_small,1.051820395116168
338,2024-05,1,0,True,0.3333333333333333,0.30132442843589424,False,sensitive_or_small,0.4795543926698967
339,2024-05,1,0,False,0.5555555555555556,0.8794295009308551,False,sensitive_or_small,1.113713647348839
340,2024-05,1,0,True,0.3333333333333333,1.0036634828336874,False,sensitive_or_small,2.7552899208842763
341,2024-05,1,0,True,0.4444444444444444,0.8236663629607565,False,sensitive_or_small,-0.45831264330777954
342,2024-05,1,0,True,0.3333333333333333,0.3041038782158651,False,sensitive_or_small,0.07667701092939905
343,2024-05,1,0,True,0.3333333333333333,0.4296285161208108,False,sensitive_or_small,0.8601125041567175
346,2024-05,2,1,True,0.7777777777777778,0.39611103139226983,False,sensitive_or_small,3.4903068351804842
349,2024-05,1,0,False,0.8888888888888888,1.2658336051082648,False,sensitive_or_small,2.28829071935118
354,2024-05,1,2,False,0.6666666666666666,0.12131469586783289,False,sensitive_or_small,-0.35628724079469765
364,2024-05,1,0,True,0.6666666666666666,0.3913461076247661,False,sensitive_or_small,0.9665159923967603
397,2024-05,1,0,False,0.6666666666666666,0.18770105762154435,False,sensitive_or_small,-0.6903665843741219
403,2024-05,1,0,True,0.8888888888888888,0.8794822119775235,True,retrospectively_supported,1.8756434123252674
404,2024-05,0,1,False,0.5555555555555556,0.729692175627108,False,sensitive_or_small,-1.9119200415292026
455,2024-05,0,1,False,0.6666666666666666,0.3225392818932094,False,sensitive_or_small,-0.2202765472461371
517,2024-05,1,0,True,0.2222222222222222,0.4198669008163685,False,sensitive_or_small,-0.2009296976685504
542,2024-05,1,0,True,0.3333333333333333,0.5514664882690716,False,sensitive_or_small,-0.9510281543272853
556,2024-05,1,0,True,0.3333333333333333,0.6910248573025395,False,sensitive_or_small,-1.8242213887637915
583,2024-05,1,0,True,0.3333333333333333,0.6828239708298691,False,sensitive_or_small,0.5737058116265792
588,2024-05,1,0,True,0.3333333333333333,0.28463522923543044,False,sensitive_or_small,0.2594045835380879
592,2024-05,0,1,True,0.7777777777777778,0.716321359072839,False,sensitive_or_small,-0.798496995997372
593,2024-05,1,0,True,0.6666666666666666,0.36535809639085665,False,sensitive_or_small,-0.09217176385064724
594,2024-05,1,0,True,0.6666666666666666,0.43024099648063446,False,sensitive_or_small,-0.514038453611218
602,2024-05,1,0,True,0.2222222222222222,0.5447145039415927,False,sensitive_or_small,-0.9344010786078507
607,2024-05,0,1,True,0.7777777777777778,0.12236333994444351,False,sensitive_or_small,-0.14394719462974687
614,2024-05,1,0,True,0.5555555555555556,0.5158297038382825,False,sensitive_or_small,-0.5073407207227522
615,2024-05,1,0,True,0.6666666666666666,0.4631035403570354,False,sensitive_or_small,-0.5937217170251335
616,2024-05,1,0,True,0.3333333333333333,0.2732200896281832,False,sensitive_or_small,-0.19187814850184226
618,2024-05,1,0,True,0.7777777777777778,1.7033546915702422,False,sensitive_or_small,0.48559449288026124
619,2024-05,1,0,True,0.5555555555555556,1.354316298258917,False,sensitive_or_small,-0.5693156240724119
621,2024-05,1,0,True,0.5555555555555556,0.7152777132717536,False,sensitive_or_small,-0.17571917665999762
670,2024-05,1,0,False,0.7777777777777778,0.18915402376141918,False,sensitive_or_small,0.4316805925952377
680,2024-05,1,0,False,0.7777777777777778,0.20424810744184704,False,sensitive_or_small,0.25732473755782637
708,2024-05,1,0,True,0.3333333333333333,0.4227661759233272,False,sensitive_or_small,-0.583884084983205
735,2024-05,0,1,True,0.7777777777777778,0.36817589530457284,False,sensitive_or_small,-0.4967832061011923
742,2024-05,1,0,True,0.6666666666666666,0.35186937091713355,False,sensitive_or_small,-1.5267687945411876
754,2024-05,0,1,True,0.2222222222222222,0.18458986483792492,False,sensitive_or_small,-0.20354505494995928
779,2024-05,1,0,True,0.5555555555555556,0.1153812292016651,False,sensitive_or_small,-0.17548058018677232
783,2024-05,1,0,True,0.5555555555555556,0.2583258097635788,False,sensitive_or_small,0.49581400747961135
788,2024-05,1,0,True,0.6666666666666666,0.8296602894440144,False,sensitive_or_small,1.4026811397983647
790,2024-05,1,0,True,0.8888888888888888,0.5942370950405922,True,retrospectively_supported,-0.6279851752194282
791,2024-05,1,0,True,0.3333333333333333,0.304941430413586,False,sensitive_or_small,-1.456229308139914
792,2024-05,1,0,True,0.3333333333333333,0.8814984602440379,False,sensitive_or_small,-1.7170225572311084
796,2024-05,1,0,True,0.3333333333333333,0.6054089321891294,False,sensitive_or_small,-0.12874310301247
797,2024-05,1,0,True,0.2222222222222222,0.26426810224694575,False,sensitive_or_small,0.4346871062093208
799,2024-05,1,0,True,0.6666666666666666,0.3566558674485776,False,sensitive_or_small,0.4578380609246688
800,2024-05,1,0,True,0.2222222222222222,0.6180354702160202,False,sensitive_or_small,0.19805466077656292
801,2024-05,1,0,True,0.3333333333333333,0.24304970449488286,False,sensitive_or_small,-0.6917495269892062
805,2024-05,1,0,True,0.6666666666666666,0.35411042026250417,False,sensitive_or_small,-0.022787509221197655
806,2024-05,1,0,True,0.6666666666666666,0.3100765214993491,False,sensitive_or_small,-0.2141443370532209
809,2024-05,1,2,False,0.5555555555555556,0.13520857881666085,False,sensitive_or_small,-0.02416822979590394
812,2024-05,1,2,False,0.5555555555555556,0.1659962406256876,False,sensitive_or_small,-0.016771753053676508
822,2024-05,1,0,False,0.7777777777777778,0.3043222179303562,False,sensitive_or_small,-0.33189628197430043
844,2024-05,1,0,True,0.4444444444444444,0.1372037387995324,False,sensitive_or_small,-0.33180426506423943
847,2024-05,1,0,True,0.5555555555555556,0.13419333618389728,False,sensitive_or_small,-0.5863858538012592
848,2024-05,1,0,True,0.3333333333333333,0.20289309863974295,False,sensitive_or_small,-0.8013138156137911
852,2024-05,1,0,True,0.3333333333333333,0.40589290778969545,False,sensitive_or_small,-0.07423886442535499
853,2024-05,1,0,True,0.6666666666666666,0.35864313262045444,False,sensitive_or_small,0.07097728409050513
854,2024-05,1,0,True,0.3333333333333333,0.7144252795378623,False,sensitive_or_small,-1.9752378285028946
855,2024-05,1,0,True,0.2222222222222222,0.7157041487232524,False,sensitive_or_small,-1.6780776849516252
856,2024-05,1,0,True,0.6666666666666666,0.2244774036905217,False,sensitive_or_small,-0.5268199839227341
859,2024-05,1,0,True,0.3333333333333333,0.5703583675213099,False,sensitive_or_small,0.9299715539783537
870,2024-05,1,0,True,0.3333333333333333,0.5630979834339035,False,sensitive_or_small,0.36156184294673793
871,2024-05,1,0,True,0.3333333333333333,0.3061584224556923,False,sensitive_or_small,0.26652216127289186
875,2024-05,1,0,True,0.6666666666666666,0.3711781064055981,False,sensitive_or_small,-0.15064535399793022
876,2024-05,1,0,True,0.3333333333333333,0.1506882841378397,False,sensitive_or_small,-0.2667695871702583
877,2024-05,1,0,True,0.3333333333333333,0.5830577653000233,False,sensitive_or_small,0.6244218072268243
878,2024-05,1,0,True,0.5555555555555556,0.21552571298301973,False,sensitive_or_small,-0.35451242436668196
879,2024-05,1,0,True,0.3333333333333333,0.4483224423142587,False,sensitive_or_small,-0.13743978443489097
880,2024-05,1,0,True,0.3333333333333333,0.5738655081136529,False,sensitive_or_small,0.6715338431410491
882,2024-05,1,0,True,0.3333333333333333,0.750895460137256,False,sensitive_or_small,0.40639780949040666
884,2024-05,1,0,True,0.3333333333333333,0.2934572262759687,False,sensitive_or_small,0.5943850990532171
886,2024-05,1,0,True,0.3333333333333333,0.31240773045089215,False,sensitive_or_small,0.020326850377953842
888,2024-05,1,0,True,0.3333333333333333,0.358811793956733,False,sensitive_or_small,-0.4238899754502562
889,2024-05,1,0,True,0.3333333333333333,0.9734126247067455,False,sensitive_or_small,-1.1171462772498266
907,2024-05,1,0,True,0.3333333333333333,0.5868854481353982,False,sensitive_or_small,-2.1728892938912003
1011,2024-05,1,0,False,0.6666666666666666,0.19827588285371464,False,sensitive_or_small,-0.13682927695973235
1070,2024-05,1,0,False,0.7777777777777778,0.19024327105120573,False,sensitive_or_small,-0.23914286888210012
1109,2024-05,1,0,True,0.6666666666666666,0.19456504012478923,False,sensitive_or_small,-0.48333412019802013
1129,2024-05,1,0,True,0.6666666666666666,0.9466246006647429,False,sensitive_or_small,1.56125591299765
1149,2024-05,1,0,True,0.2222222222222222,0.90926412291347,False,sensitive_or_small,-1.6214222327029515
1150,2024-05,1,2,False,0.6666666666666666,0.21167060633144383,False,sensitive_or_small,-0.151016630752418
1152,2024-05,1,0,True,0.6666666666666666,1.0527421452122416,False,sensitive_or_small,-1.25994556340015
1153,2024-05,1,0,True,0.6666666666666666,0.5430911064793096,False,sensitive_or_small,-2.3695000637665995
1161,2024-05,1,0,True,0.6666666666666666,0.18940436315183945,False,sensitive_or_small,-0.1464980979866609
1163,2024-05,0,1,True,0.8888888888888888,0.5610663699907094,True,retrospectively_supported,-2.333885515519518
1164,2024-05,1,0,True,0.6666666666666666,0.7989137243735475,False,sensitive_or_small,2.1216721278856654
1184,2024-05,1,0,True,0.6666666666666666,0.5279413326216327,False,sensitive_or_small,-0.4757789639441998
1186,2024-05,1,2,False,0.8888888888888888,0.21619580007845984,False,sensitive_or_small,-0.42954107331421715
1187,2024-05,0,1,False,0.6666666666666666,0.34664758779113775,False,sensitive_or_small,-1.0717981278904498
1188,2024-05,1,2,False,1.0,0.31884843400909996,False,sensitive_or_small,-0.5733172980863053
1192,2024-05,1,0,True,0.0,0.4466212849347936,False,sensitive_or_small,-0.9498762252748552
1212,2024-05,1,0,False,0.7777777777777778,0.1375445474059487,False,sensitive_or_small,-0.6721206727104273
1234,2024-05,0,1,True,0.7777777777777778,0.15591343020944265,False,sensitive_or_small,-0.3771412245256289
1259,2024-05,0,1,False,0.6666666666666666,0.22685208181190195,False,sensitive_or_small,0.31932033995962505
1267,2024-05,1,0,True,0.3333333333333333,0.32636689461771545,False,sensitive_or_small,-2.1573060833243507
1282,2024-05,1,0,True,0.3333333333333333,0.3131203935369301,False,sensitive_or_small,-1.1798184416416544
1291,2024-05,1,0,True,0.3333333333333333,1.1316345820608988,False,sensitive_or_small,-1.5422721610065664
1297,2024-05,1,0,True,0.3333333333333333,0.297573318473504,False,sensitive_or_small,-0.9312898813379239
1324,2024-05,1,0,True,0.1111111111111111,1.0432317734848269,False,sensitive_or_small,-2.5335802947666797
1326,2024-05,1,0,True,0.3333333333333333,0.3626999905138516,False,sensitive_or_small,2.1736615694790213
1393,2024-05,0,1,True,0.4444444444444444,0.36772558252581394,False,sensitive_or_small,-0.4281483364831612
1438,2024-05,1,0,True,0.6666666666666666,1.6732313096903715,False,sensitive_or_small,-0.9981196108471035
1486,2024-05,1,0,True,0.7777777777777778,0.3304546551806667,False,sensitive_or_small,-0.4149067316364219
1509,2024-05,0,1,True,0.8888888888888888,0.2854938624541232,False,sensitive_or_small,0.2738059368361079
1635,2024-05,1,0,True,0.3333333333333333,0.9273363515666974,False,sensitive_or_small,-1.3925634372735445
1636,2024-05,1,0,True,0.2222222222222222,0.9201796925489005,False,sensitive_or_small,-1.6364436013084598
1649,2024-05,1,0,True,0.3333333333333333,0.6897965617696082,False,sensitive_or_small,-2.6363410934159974
1662,2024-05,1,0,True,0.2222222222222222,0.3660210479002974,False,sensitive_or_small,-8.022756484748248
1670,2024-05,1,0,False,0.7777777777777778,0.22167041151626415,False,sensitive_or_small,-0.15758261256789974
1674,2024-05,1,0,True,0.6666666666666666,0.4826579350989957,False,sensitive_or_small,0.14025704595335975
1679,2024-05,1,0,True,0.6666666666666666,0.37231847130470536,False,sensitive_or_small,-0.5171348594764813
1683,2024-05,1,0,False,0.4444444444444444,0.729286173939163,False,sensitive_or_small,-0.5815971507412587
1709,2024-05,1,0,True,0.6666666666666666,0.1465943082501228,False,sensitive_or_small,-0.22333096605247627
1893,2024-05,1,0,True,0.7777777777777778,0.8283481156344724,False,sensitive_or_small,2.5942334927567035
1912,2024-05,1,0,False,0.7777777777777778,0.4574601507225738,False,sensitive_or_small,-1.8535807226529921
1922,2024-05,1,0,False,0.7777777777777778,0.23257957267059232,False,sensitive_or_small,-0.7145876169476317
1936,2024-05,1,0,False,0.7777777777777778,0.4961903082212293,False,sensitive_or_small,-1.5445833931849673
1937,2024-05,1,0,True,0.7777777777777778,0.6978114343063573,False,sensitive_or_small,0.017373999475378543
1954,2024-05,1,0,True,0.3333333333333333,0.5007074993182515,False,sensitive_or_small,-0.80917385306008
1955,2024-05,1,0,True,0.6666666666666666,1.2145841661050703,False,sensitive_or_small,1.96918116455784
1957,2024-05,1,0,True,0.3333333333333333,0.13585702422615875,False,sensitive_or_small,0.24997505256428298
1962,2024-05,1,0,True,0.5555555555555556,0.19043091264919826,False,sensitive_or_small,-0.021462619484718948
1965,2024-05,1,0,True,0.3333333333333333,0.5192099768848494,False,sensitive_or_small,0.8607192091002136
1966,2024-05,1,0,True,0.3333333333333333,0.4290855689667196,False,sensitive_or_small,-0.5290056019959362
1967,2024-05,1,0,True,0.3333333333333333,0.4104071756677855,False,sensitive_or_small,-0.011748320570868775
1968,2024-05,1,0,True,0.3333333333333333,0.20794383398101154,False,sensitive_or_small,0.3711600460831105
1970,2024-05,1,0,True,0.3333333333333333,0.4913963918640203,False,sensitive_or_small,0.8070523747997105
1987,2024-05,1,0,True,0.6666666666666666,0.1590472142996781,False,sensitive_or_small,-0.6946612457100237
2025,2024-05,1,0,True,0.2222222222222222,0.36567078105884937,False,sensitive_or_small,-0.049230812417119796
2045,2024-05,0,1,True,0.7777777777777778,0.26822030765873467,False,sensitive_or_small,-0.97011141635375
2062,2024-05,1,0,True,0.6666666666666666,0.09848745425563593,False,sensitive_or_small,-0.2732766140454673
2148,2024-05,1,0,True,0.6666666666666666,0.6236870366557842,False,sensitive_or_small,3.622650963801213
2153,2024-05,1,0,True,0.7777777777777778,0.34459680598332243,False,sensitive_or_small,-0.19902769579419055
2173,2024-05,1,0,False,0.7777777777777778,0.2148051504976784,False,sensitive_or_small,-0.8552962374763301
2230,2024-05,1,0,True,0.3333333333333333,0.9997327705328458,False,sensitive_or_small,1.6201331431270727
2244,2024-05,1,0,True,0.5555555555555556,0.7273762823795683,False,sensitive_or_small,-0.5591309258916335
2249,2024-05,1,0,True,0.6666666666666666,1.0902042583267675,False,sensitive_or_small,-0.24941593052201227
2287,2024-05,1,0,True,0.6666666666666666,0.2816014196891231,False,sensitive_or_small,-0.656130766309268
2333,2024-05,1,0,True,0.7777777777777778,0.13756583048987098,False,sensitive_or_small,0.029979079740558023
2336,2024-05,1,0,True,0.6666666666666666,0.2914246733885618,False,sensitive_or_small,-0.031857436891902235
2339,2024-05,1,0,True,0.5555555555555556,1.0900299885433473,False,sensitive_or_small,1.2454076090859745
2340,2024-05,1,0,True,0.6666666666666666,0.5694547985007711,False,sensitive_or_small,-0.062479312052074465
2341,2024-05,1,0,True,0.3333333333333333,0.29495989100432146,False,sensitive_or_small,0.17838669843900923
2342,2024-05,1,0,True,0.3333333333333333,0.43110277573538014,False,sensitive_or_small,0.1966856797600558
2343,2024-05,1,0,True,0.3333333333333333,0.2838686247339665,False,sensitive_or_small,-0.15688951364782183
2393,2024-05,2,1,False,0.2222222222222222,0.2818801450822349,False,sensitive_or_small,-0.16014170702065011
2595,2024-05,0,1,True,0.7777777777777778,0.6051024051525226,False,sensitive_or_small,-1.1739842606530186
2886,2024-05,1,0,True,0.6666666666666666,0.23762683790820963,False,sensitive_or_small,0.33389881856683845
14,2024-06,0,1,False,0.5555555555555556,0.3483512162630371,False,sensitive_or_small,1.4079699556537513
15,2024-06,0,1,True,0.8888888888888888,0.3401814684263167,False,sensitive_or_small,-1.138627899522654
16,2024-06,1,0,True,0.6666666666666666,0.36502763095678264,False,sensitive_or_small,0.722599010226474
20,2024-06,0,1,True,0.8888888888888888,0.5280069920591477,True,retrospectively_supported,-0.32320049762349645
35,2024-06,1,0,True,0.6666666666666666,0.49284814536616767,False,sensitive_or_small,-1.0485008800408355
39,2024-06,1,0,True,0.6666666666666666,0.5373758533714029,False,sensitive_or_small,-0.16178201551049765
47,2024-06,1,0,True,0.6666666666666666,0.34609742872681104,False,sensitive_or_small,0.3671005130513605
55,2024-06,1,0,True,0.6666666666666666,0.23548118491541656,False,sensitive_or_small,0.4234863797340699
59,2024-06,0,1,True,0.7777777777777778,0.43932381202765663,False,sensitive_or_small,-0.3554478580536119
60,2024-06,1,0,True,0.6666666666666666,0.40442874874220636,False,sensitive_or_small,0.3943662612525767
67,2024-06,1,0,False,0.6666666666666666,0.24543894915633438,False,sensitive_or_small,-0.09748991269867141
71,2024-06,0,1,False,0.8888888888888888,0.2904283952544056,False,sensitive_or_small,-0.6455623364568425
169,2024-06,1,0,False,0.4444444444444444,0.18820240659353288,False,sensitive_or_small,-0.22189887823835241
185,2024-06,0,1,True,0.7777777777777778,1.425832760407085,False,sensitive_or_small,4.056741525867505
195,2024-06,1,0,False,0.7777777777777778,0.60267688573163,False,sensitive_or_small,-1.2610665777924301
198,2024-06,0,1,False,0.6666666666666666,0.39267194236396774,False,sensitive_or_small,-0.47134494574331554
206,2024-06,1,2,True,0.6666666666666666,0.09817674837246478,False,sensitive_or_small,-0.1726264832429103
234,2024-06,0,1,True,0.5555555555555556,0.18330470655618725,False,sensitive_or_small,-0.38194767948379893
321,2024-06,1,0,True,1.0,0.551991416756612,True,retrospectively_supported,-2.2592346057010477
325,2024-06,0,1,True,0.6666666666666666,0.36124322291290367,False,sensitive_or_small,-0.25725517833950357
331,2024-06,0,1,True,0.3333333333333333,0.3984516435165509,False,sensitive_or_small,0.05110782953924552
339,2024-06,0,1,False,0.5555555555555556,0.9719508831635677,False,sensitive_or_small,-0.02944611175964354
349,2024-06,0,1,False,0.8888888888888888,1.0605596750166082,False,sensitive_or_small,-4.521224054467981
354,2024-06,2,1,False,0.6666666666666666,0.15672338299591257,False,sensitive_or_small,-0.1167492152503738
397,2024-06,0,1,True,0.6666666666666666,0.20167662345050272,False,sensitive_or_small,0.02459417927681562
404,2024-06,1,0,True,0.5555555555555556,0.7459342467618056,False,sensitive_or_small,0.04118308863944875
413,2024-06,0,1,True,0.8888888888888888,0.9886454620792308,True,retrospectively_supported,-3.581604050054246
440,2024-06,1,0,False,0.6666666666666666,0.8703998541749852,False,sensitive_or_small,3.1210322766220893
450,2024-06,1,0,True,0.6666666666666666,0.12993634551231226,False,sensitive_or_small,0.006445978342017877
455,2024-06,1,0,False,0.6666666666666666,0.27481883161557347,False,sensitive_or_small,-1.0153447090919254
459,2024-06,1,0,False,0.6666666666666666,0.23319221339245444,False,sensitive_or_small,-0.02285050470090949
460,2024-06,0,1,True,0.5555555555555556,0.2660167661233462,False,sensitive_or_small,0.5904871685482482
574,2024-06,0,1,True,0.8888888888888888,0.343647196243512,False,sensitive_or_small,0.4736403025534158
578,2024-06,1,0,True,0.6666666666666666,0.5387999554160415,False,sensitive_or_small,-0.10376307727453377
582,2024-06,1,0,True,0.6666666666666666,0.5512036116707247,False,sensitive_or_small,-0.2343349151528909
587,2024-06,1,0,True,0.5555555555555556,0.4234892676502192,False,sensitive_or_small,0.05827311860387985
600,2024-06,1,0,True,0.6666666666666666,0.2777042396027238,False,sensitive_or_small,0.7715063736330158
601,2024-06,1,0,False,0.6666666666666666,0.32948441369092935,False,sensitive_or_small,0.09765885222661752
605,2024-06,1,0,False,0.6666666666666666,0.4491735851297592,False,sensitive_or_small,0.5402043582039634
613,2024-06,1,0,False,0.6666666666666666,0.27803314547920005,False,sensitive_or_small,-0.16853368236084687
666,2024-06,2,1,False,0.5555555555555556,0.09645181329153096,False,sensitive_or_small,-0.3747032901106784
670,2024-06,0,1,True,0.8888888888888888,0.31777647133414644,False,sensitive_or_small,-1.1703958076027225
680,2024-06,0,1,False,0.7777777777777778,0.21425624672836813,False,sensitive_or_small,-0.587126460548193
702,2024-06,0,1,False,0.7777777777777778,0.4171130177858986,False,sensitive_or_small,-0.9230058604103003
775,2024-06,2,1,False,0.5555555555555556,0.10158364382572342,False,sensitive_or_small,0.25218863829235966
781,2024-06,1,0,True,0.6666666666666666,0.25707663471458037,False,sensitive_or_small,0.8952695172056879
803,2024-06,1,0,True,0.6666666666666666,0.2166067497253071,False,sensitive_or_small,0.8940402703495456
807,2024-06,1,0,True,0.6666666666666666,0.6199576636940966,False,sensitive_or_small,-0.1323448576359451
809,2024-06,2,1,False,0.5555555555555556,0.09176296935682977,False,sensitive_or_small,0.18821544571705207
812,2024-06,2,1,False,0.5555555555555556,0.10729861375943436,False,sensitive_or_small,0.004352071584326489
822,2024-06,0,1,True,0.8888888888888888,0.23032263541488876,False,sensitive_or_small,0.15427920971048115
846,2024-06,1,0,False,0.6666666666666666,0.3352703372962085,False,sensitive_or_small,1.4879588983746332
916,2024-06,1,0,False,0.5555555555555556,0.26120484531192784,False,sensitive_or_small,-0.10026960680728086
917,2024-06,1,0,False,0.6666666666666666,0.2693645572105273,False,sensitive_or_small,0.01502634930262009
1010,2024-06,0,1,True,0.8888888888888888,0.1978173909736727,False,sensitive_or_small,0.23782017309315062
1011,2024-06,0,1,True,0.8888888888888888,0.27863045141137543,False,sensitive_or_small,0.5295956532678808
1036,2024-06,1,0,True,0.4444444444444444,0.8056679058383223,False,sensitive_or_small,0.34622510391132955
1049,2024-06,1,0,False,0.5555555555555556,0.6776446549822729,False,sensitive_or_small,0.5638994685280729
1070,2024-06,0,1,False,0.7777777777777778,0.2928597927264098,False,sensitive_or_small,-0.5193631601525611
1112,2024-06,1,0,True,0.4444444444444444,0.16444750435064634,False,sensitive_or_small,0.13332130574111867
1150,2024-06,2,1,False,0.6666666666666666,0.1591101963327923,False,sensitive_or_small,-0.247880551279607
1160,2024-06,0,1,False,0.6666666666666666,0.22457333128411028,False,sensitive_or_small,0.6082957999345107
1176,2024-06,2,1,False,0.6666666666666666,0.1610045106534153,False,sensitive_or_small,0.3418069119940109
1186,2024-06,2,1,True,0.8888888888888888,0.19810318054351578,False,sensitive_or_small,0.12117471886515241
1187,2024-06,1,0,True,0.6666666666666666,0.32416662886818703,False,sensitive_or_small,1.0049996888210442
1188,2024-06,2,1,False,0.8888888888888888,0.2500670104414317,False,sensitive_or_small,0.7479770784955084
1191,2024-06,1,0,False,0.6666666666666666,0.7282866313540141,False,sensitive_or_small,2.0861340244589135
1197,2024-06,1,0,False,0.6666666666666666,0.2826132542009853,False,sensitive_or_small,1.3354467781979253
1198,2024-06,1,2,False,0.6666666666666666,0.08163365092805834,False,sensitive_or_small,0.3242557205868357
1212,2024-06,0,1,True,0.8888888888888888,0.274317375128652,False,sensitive_or_small,0.031060148689235345
1225,2024-06,0,1,True,0.4444444444444444,0.10138068527466321,False,sensitive_or_small,-0.559338944290455
1235,2024-06,0,1,True,0.8888888888888888,0.23292339019494165,False,sensitive_or_small,-1.2068225440976021
1241,2024-06,0,1,True,0.7777777777777778,0.1722319820442259,False,sensitive_or_small,-0.7750163847658059
1250,2024-06,0,1,True,0.8888888888888888,0.2921203827058796,False,sensitive_or_small,-0.4905624867734132
1252,2024-06,0,1,True,0.7777777777777778,0.3405207747085633,False,sensitive_or_small,-0.5569129041199203
1259,2024-06,1,0,True,0.6666666666666666,0.2737397772914582,False,sensitive_or_small,0.2847771298866736
1396,2024-06,1,2,False,0.3333333333333333,0.1832936361992932,False,sensitive_or_small,-0.23801950488251955
1400,2024-06,1,2,False,0.3333333333333333,0.15881204809024002,False,sensitive_or_small,-0.2395292079071687
1408,2024-06,1,2,False,0.3333333333333333,0.14149267152803688,False,sensitive_or_small,-0.06338298359757077
1421,2024-06,0,1,False,0.5555555555555556,0.2952540947794167,False,sensitive_or_small,2.105303813791179
1483,2024-06,0,1,True,0.7777777777777778,0.2322521185711895,False,sensitive_or_small,-0.04889154246841276
1492,2024-06,1,2,True,0.6666666666666666,0.11664122515838046,False,sensitive_or_small,0.041470474453106365
1562,2024-06,0,1,True,0.8888888888888888,0.21076907585849905,False,sensitive_or_small,-0.20694421405418328
1575,2024-06,1,2,False,0.6666666666666666,0.16950812507793997,False,sensitive_or_small,-0.40302549741606936
1577,2024-06,1,0,True,0.6666666666666666,0.19755293467468843,False,sensitive_or_small,0.17519286696137115
1603,2024-06,0,1,True,0.6666666666666666,0.25930142026900005,False,sensitive_or_small,0.10213004905979817
1608,2024-06,0,1,True,0.7777777777777778,0.3591744374171989,False,sensitive_or_small,-0.39599777497071054
1620,2024-06,1,2,True,0.3333333333333333,0.23920035476047383,False,sensitive_or_small,-1.0058264444893772
1670,2024-06,0,1,True,0.7777777777777778,0.34981820690496973,False,sensitive_or_small,-0.5054394800727863
1675,2024-06,1,0,False,0.6666666666666666,0.19820510172153794,False,sensitive_or_small,0.4539227596843748
1683,2024-06,0,1,True,0.4444444444444444,0.36462363582024754,False,sensitive_or_small,1.2691097710933823
1783,2024-06,1,2,True,0.6666666666666666,0.23467054280652072,False,sensitive_or_small,-0.35526716395661573
1846,2024-06,0,1,True,0.7777777777777778,0.1409727023606801,False,sensitive_or_small,0.47079814188760727
1912,2024-06,0,1,False,0.8888888888888888,0.4258522510685038,False,sensitive_or_small,0.23918497154515606
1922,2024-06,0,1,True,0.8888888888888888,0.23529692395879998,False,sensitive_or_small,0.16829380573826214
1936,2024-06,0,1,False,0.8888888888888888,0.3987705515089506,False,sensitive_or_small,0.24440450503472044
1961,2024-06,1,0,False,0.6666666666666666,0.5597172851462081,False,sensitive_or_small,0.8217285294092574
1983,2024-06,0,1,False,0.6666666666666666,0.30501835330314475,False,sensitive_or_small,-0.44447450260715893
1991,2024-06,0,1,False,0.5555555555555556,0.25515324609611695,False,sensitive_or_small,0.4208127655857291
2002,2024-06,0,1,True,0.8888888888888888,0.31956748779244376,False,sensitive_or_small,-1.245362988203094
2008,2024-06,1,0,False,0.5555555555555556,0.2606951451599159,False,sensitive_or_small,0.15385920684669874
2119,2024-06,1,2,False,0.6666666666666666,0.13526437475802294,False,sensitive_or_small,0.12726841054117866
2173,2024-06,0,1,True,0.8888888888888888,0.18941451028066206,False,sensitive_or_small,0.05168165400806779
2177,2024-06,0,1,True,0.8888888888888888,0.34229511923156813,False,sensitive_or_small,0.278500566511361
2189,2024-06,0,1,False,0.7777777777777778,0.34169195568764593,False,sensitive_or_small,0.18941929904450483
2243,2024-06,1,2,False,0.2222222222222222,0.2836710126947486,False,sensitive_or_small,-0.6499660331797746
2250,2024-06,1,0,False,0.6666666666666666,0.35269078718577984,False,sensitive_or_small,1.8303838457197492
2345,2024-06,1,0,False,0.5555555555555556,1.0525574841384495,False,sensitive_or_small,2.585638406830261
2393,2024-06,1,2,False,0.2222222222222222,0.19163443552889992,False,sensitive_or_small,-0.18443150270679165
2593,2024-06,0,1,True,1.0,1.063589727140767,True,retrospectively_supported,0.7099671870951035
2619,2024-06,1,0,False,0.7777777777777778,0.4134328391515048,False,sensitive_or_small,0.4979262178173127
2652,2024-06,1,2,False,0.3333333333333333,0.07772386097940807,False,sensitive_or_small,-0.13000299647235314
2876,2024-06,2,1,True,0.6666666666666666,0.2289625091451915,False,sensitive_or_small,-0.4926572122730677
14,2024-07,1,0,True,0.5555555555555556,0.35540474927484283,False,sensitive_or_small,2.1168890298602556
30,2024-07,0,1,True,0.2222222222222222,0.7095662798626768,False,sensitive_or_small,-0.49600433046554787
52,2024-07,0,1,False,0.6666666666666666,1.0363879031164211,False,sensitive_or_small,0.9326263689653849
67,2024-07,0,1,True,0.6666666666666666,0.29506541420785054,False,sensitive_or_small,-0.27443340289660945
71,2024-07,1,0,True,1.0,0.5406906140110999,True,retrospectively_supported,0.6421810161188757
74,2024-07,0,1,True,0.6666666666666666,0.41515671581833086,False,sensitive_or_small,0.12000079326727198
167,2024-07,1,2,True,0.5555555555555556,0.16532559965367288,False,sensitive_or_small,0.7847683725442617
169,2024-07,0,1,False,0.5555555555555556,0.18859252776239893,False,sensitive_or_small,0.14830828315580413
191,2024-07,1,0,True,0.8888888888888888,1.583822369471323,True,retrospectively_supported,3.3682778791215675
195,2024-07,0,1,False,0.8888888888888888,0.30051366847292027,False,sensitive_or_small,2.006533602075511
198,2024-07,1,0,True,0.6666666666666666,0.41790946587805744,False,sensitive_or_small,2.2511278377630255
227,2024-07,0,1,True,0.6666666666666666,0.225778181132114,False,sensitive_or_small,0.5175044588041328
237,2024-07,0,1,False,0.6666666666666666,0.4731433168857934,False,sensitive_or_small,0.04103347928208767
283,2024-07,0,1,False,0.6666666666666666,0.3380735043245166,False,sensitive_or_small,0.08164272407657214
312,2024-07,0,1,True,0.6666666666666666,0.313477991714855,False,sensitive_or_small,-1.2698840209078675
316,2024-07,0,1,True,0.6666666666666666,0.4016388867742493,False,sensitive_or_small,0.638845381592247
318,2024-07,0,1,True,0.1111111111111111,0.7574057490123983,False,sensitive_or_small,2.298492134967177
319,2024-07,0,1,True,0.1111111111111111,0.4061277192997078,False,sensitive_or_small,0.5294574368556386
323,2024-07,0,1,True,0.2222222222222222,0.5211483163628473,False,sensitive_or_small,-0.24489930315640257
329,2024-07,1,0,False,0.4444444444444444,0.5362669574359993,False,sensitive_or_small,0.4006150823943323
332,2024-07,0,1,True,0.1111111111111111,0.5673639687199699,False,sensitive_or_small,1.0468188139650614
334,2024-07,0,1,True,0.6666666666666666,1.1923489570587211,False,sensitive_or_small,-1.1073951293838777
335,2024-07,0,1,True,0.1111111111111111,0.6961810978529618,False,sensitive_or_small,1.0518174119064745
339,2024-07,1,0,False,0.2222222222222222,1.6334443821294269,False,sensitive_or_small,1.8955667086346848
341,2024-07,0,1,True,0.6666666666666666,0.9169955446897667,False,sensitive_or_small,1.749804749337653
346,2024-07,1,2,True,0.5555555555555556,0.993224281682195,False,sensitive_or_small,-0.03534861426945923
349,2024-07,1,0,True,0.5555555555555556,0.8254988345526092,False,sensitive_or_small,0.9139356469931609
354,2024-07,1,2,True,0.6666666666666666,0.08538634083111193,False,sensitive_or_small,0.10719649936826309
369,2024-07,0,1,False,0.6666666666666666,0.33417461825904454,False,sensitive_or_small,0.3426377129990721
370,2024-07,1,0,True,0.6666666666666666,0.48094856453093865,False,sensitive_or_small,1.037443073122174
374,2024-07,0,1,True,0.6666666666666666,0.3159258881682576,False,sensitive_or_small,-0.06583994757728695
387,2024-07,0,1,False,0.6666666666666666,0.267325582303636,False,sensitive_or_small,-0.20205269544107674
401,2024-07,0,1,False,0.7777777777777778,1.190680667353349,False,sensitive_or_small,-2.764599243043278
403,2024-07,0,1,False,1.0,0.5847257010837243,False,sensitive_or_small,-0.362146852772946
408,2024-07,0,1,False,0.6666666666666666,0.7586876021600543,False,sensitive_or_small,-0.5187728267224578
435,2024-07,0,1,False,0.6666666666666666,0.5835313136363243,False,sensitive_or_small,1.0987435376771117
440,2024-07,0,1,False,0.6666666666666666,0.894613776477697,False,sensitive_or_small,-1.2875113253542763
443,2024-07,0,1,False,0.6666666666666666,0.2969860478228192,False,sensitive_or_small,-0.0861388605605723
455,2024-07,0,1,False,0.6666666666666666,0.4342720346281399,False,sensitive_or_small,0.2325557455035987
458,2024-07,0,1,False,0.6666666666666666,0.3514371402819737,False,sensitive_or_small,-1.0884798684427404
459,2024-07,0,1,False,0.6666666666666666,0.2107724396562781,False,sensitive_or_small,-0.09764710866611709
485,2024-07,0,1,False,0.6666666666666666,0.3418947328222689,False,sensitive_or_small,0.9781847071756944
505,2024-07,0,1,True,0.6666666666666666,0.16057680365305957,False,sensitive_or_small,0.16731556553737925
529,2024-07,0,1,False,0.6666666666666666,0.14817681714476902,False,sensitive_or_small,0.42231817740136235
589,2024-07,1,0,False,0.3333333333333333,0.250784268895026,False,sensitive_or_small,0.22121859876262778
594,2024-07,0,1,True,0.6666666666666666,0.22405931345514093,False,sensitive_or_small,0.00835088688492941
601,2024-07,0,1,True,0.6666666666666666,0.2443946927476708,False,sensitive_or_small,-0.3325690114481347
605,2024-07,0,1,True,0.6666666666666666,0.6187775965629064,False,sensitive_or_small,-0.444094130358369
613,2024-07,0,1,True,0.3333333333333333,0.3569380946107762,False,sensitive_or_small,-0.03299281481790317
618,2024-07,0,1,True,0.3333333333333333,0.7404967698483329,False,sensitive_or_small,2.2098748241020822
619,2024-07,0,1,True,0.5555555555555556,1.012264845961937,False,sensitive_or_small,1.295278695259075
621,2024-07,0,1,True,0.5555555555555556,0.9245943440202216,False,sensitive_or_small,0.27159107029584434
666,2024-07,1,2,False,0.5555555555555556,0.12462258253428243,False,sensitive_or_small,0.07810249825775245
680,2024-07,1,0,True,0.7777777777777778,0.18187502814737305,False,sensitive_or_small,0.4642725167988221
698,2024-07,0,1,False,0.6666666666666666,0.29920199128632385,False,sensitive_or_small,0.7152446073782182
702,2024-07,1,0,False,0.4444444444444444,0.3000283686615507,False,sensitive_or_small,-1.1073323945626934
711,2024-07,0,1,False,0.6666666666666666,0.3406086137559554,False,sensitive_or_small,0.2109684470414125
712,2024-07,0,1,False,0.6666666666666666,0.6957873699274357,False,sensitive_or_small,-0.98630124192918
718,2024-07,0,1,True,0.5555555555555556,0.25491343478397954,False,sensitive_or_small,1.1367710909405
735,2024-07,1,0,True,0.8888888888888888,0.41147930880867883,False,sensitive_or_small,0.7035666584647354
741,2024-07,0,1,True,0.5555555555555556,0.20991857844601586,False,sensitive_or_small,0.02384340283161368
754,2024-07,1,0,True,0.7777777777777778,0.3327727533912289,False,sensitive_or_small,0.7558566714609999
775,2024-07,1,2,True,0.5555555555555556,0.07344753225139192,False,sensitive_or_small,-0.021794113339207444
802,2024-07,0,1,False,0.6666666666666666,0.3480732225821466,False,sensitive_or_small,-0.6441763821066038
809,2024-07,1,2,True,0.5555555555555556,0.06370335450971272,False,sensitive_or_small,0.07084331890632456
812,2024-07,1,2,False,0.5555555555555556,0.07702920072061323,False,sensitive_or_small,-0.2954246484867029
815,2024-07,0,1,False,0.6666666666666666,0.2717437772824645,False,sensitive_or_small,1.3050214436818224
846,2024-07,0,1,True,0.3333333333333333,0.23856612717180836,False,sensitive_or_small,-0.04129368753192225
916,2024-07,0,1,True,0.5555555555555556,0.26100729600889355,False,sensitive_or_small,0.44261317687203094
917,2024-07,0,1,True,0.6666666666666666,0.4305246784081961,False,sensitive_or_small,0.642157568986572
1049,2024-07,0,1,True,0.5555555555555556,0.3085437728414035,False,sensitive_or_small,0.573735636455272
1055,2024-07,0,1,False,0.6666666666666666,0.276713433367637,False,sensitive_or_small,-0.44249804844610496
1070,2024-07,1,0,True,0.5555555555555556,0.316687089638321,False,sensitive_or_small,0.4923055795056308
1109,2024-07,0,1,False,0.6666666666666666,0.17042389136714586,False,sensitive_or_small,0.4129846248250274
1148,2024-07,0,1,False,0.6666666666666666,0.20741112106982412,False,sensitive_or_small,0.5886829102494467
1150,2024-07,1,2,False,0.6666666666666666,0.11196710204397697,False,sensitive_or_small,-0.21464073993944788
1152,2024-07,0,1,True,0.2222222222222222,0.44452108520713024,False,sensitive_or_small,0.14046737537115953
1158,2024-07,0,1,False,1.0,0.22634508545372456,False,sensitive_or_small,-0.26546908821628024
1160,2024-07,1,0,True,0.5555555555555556,0.24493396517845706,False,sensitive_or_small,0.4248729303533594
1163,2024-07,1,0,True,0.8888888888888888,0.4139770078392621,False,sensitive_or_small,-0.8237830627991105
1175,2024-07,1,0,False,0.3333333333333333,0.3456140752496788,False,sensitive_or_small,0.4162560959024633
1176,2024-07,1,2,True,0.6666666666666666,0.08720212622157901,False,sensitive_or_small,0.35604200845888584
1181,2024-07,1,0,False,0.8888888888888888,0.253696498375476,False,sensitive_or_small,1.4051398460207463
1188,2024-07,1,2,True,0.8888888888888888,0.18871254696588355,False,sensitive_or_small,-0.0728068635762108
1191,2024-07,0,1,True,0.1111111111111111,0.3559222692273024,False,sensitive_or_small,0.721711478383398
1197,2024-07,0,1,True,0.6666666666666666,0.10726287690789332,False,sensitive_or_small,0.5276879102250609
1198,2024-07,2,1,True,0.6666666666666666,0.1777926504672686,False,sensitive_or_small,0.13521619219739323
1227,2024-07,0,1,True,0.6666666666666666,0.2952902085301925,False,sensitive_or_small,-0.38264387420484103
1228,2024-07,0,1,False,0.6666666666666666,0.2034021097871881,False,sensitive_or_small,-0.3121594081586909
1237,2024-07,0,1,False,0.5555555555555556,0.27057684267907617,False,sensitive_or_small,-0.6938164183899004
1246,2024-07,0,1,False,0.6666666666666666,0.15235483267667782,False,sensitive_or_small,-0.06449771820491723
1249,2024-07,0,1,True,0.6666666666666666,0.26607809055895215,False,sensitive_or_small,-0.20662665391496804
1254,2024-07,0,1,False,0.6666666666666666,0.23686326591169282,False,sensitive_or_small,1.2056770073554461
1257,2024-07,0,1,True,0.6666666666666666,0.29127720635653115,False,sensitive_or_small,-0.8275152293460264
1396,2024-07,2,1,False,0.3333333333333333,0.09315280654360174,False,sensitive_or_small,0.3731536526449919
1400,2024-07,2,1,False,0.3333333333333333,0.11487867280313843,False,sensitive_or_small,0.30797933596889704
1404,2024-07,0,1,False,0.5555555555555556,0.25124995800001243,False,sensitive_or_small,-0.18387224530336255
1406,2024-07,1,0,True,0.5555555555555556,0.18001151913406324,False,sensitive_or_small,0.2522963927741262
1408,2024-07,2,1,False,0.3333333333333333,0.19562399092248248,False,sensitive_or_small,-0.061953999629699164
1421,2024-07,1,0,True,0.5555555555555556,0.35196144135222673,False,sensitive_or_small,-0.7096057353896457
1486,2024-07,0,1,False,0.5555555555555556,0.2228076557310579,False,sensitive_or_small,-0.24659466245088024
1557,2024-07,0,1,False,0.6666666666666666,0.35004400586230683,False,sensitive_or_small,0.07497148564644118
1572,2024-07,0,1,False,0.6666666666666666,0.3087229130479187,False,sensitive_or_small,0.020689001394549877
1575,2024-07,2,1,True,0.6666666666666666,0.20078633107854002,False,sensitive_or_small,0.5810351294105385
1634,2024-07,0,1,False,0.6666666666666666,0.41618652401898354,False,sensitive_or_small,-0.179392179897081
1675,2024-07,0,1,False,0.6666666666666666,0.17284068381658588,False,sensitive_or_small,0.34207581442922685
1861,2024-07,0,1,False,0.8888888888888888,0.38043147558403084,False,sensitive_or_small,-0.30792534363004165
1874,2024-07,1,2,True,0.4444444444444444,0.09385903362930083,False,sensitive_or_small,-0.12045800213650593
1912,2024-07,1,0,True,0.8888888888888888,0.5345310127113919,True,retrospectively_supported,-1.1835688544724805
1936,2024-07,1,0,True,0.8888888888888888,0.49397246041439796,False,sensitive_or_small,0.5421785457887879
1961,2024-07,0,1,True,0.6666666666666666,0.4811215327360994,False,sensitive_or_small,-0.6902377637861778
1982,2024-07,1,0,True,0.3333333333333333,0.18544117118681544,False,sensitive_or_small,0.33824708180730245
1983,2024-07,1,0,True,0.6666666666666666,0.3083101182992598,False,sensitive_or_small,-0.14036802949394245
1991,2024-07,1,0,False,0.5555555555555556,0.2575142319785324,False,sensitive_or_small,1.2802003848217196
2008,2024-07,0,1,True,0.5555555555555556,0.22435693307386587,False,sensitive_or_small,0.8135246303870441
2011,2024-07,1,0,True,0.6666666666666666,0.21439488394360617,False,sensitive_or_small,0.4882693404702515
2062,2024-07,0,1,False,0.5555555555555556,0.25712422688943765,False,sensitive_or_small,0.9804741753615343
2119,2024-07,2,1,True,0.6666666666666666,0.24862587867947675,False,sensitive_or_small,0.4607575890980181
2161,2024-07,1,2,True,0.6666666666666666,0.1035835698534287,False,sensitive_or_small,0.06072188208086776
2189,2024-07,1,0,True,0.7777777777777778,0.14127291568262823,False,sensitive_or_small,0.17861343326051882
2191,2024-07,1,0,True,0.7777777777777778,0.2886884329017285,False,sensitive_or_small,0.7953194287475623
2194,2024-07,1,0,False,0.4444444444444444,0.23514518139623608,False,sensitive_or_small,0.7784552126473054
2225,2024-07,1,0,False,0.8888888888888888,0.3283506426244155,False,sensitive_or_small,0.3187221874026258
2231,2024-07,1,0,True,0.3333333333333333,0.18280519318903576,False,sensitive_or_small,-1.3926420982928622
2235,2024-07,1,0,False,0.4444444444444444,0.3342579109277479,False,sensitive_or_small,0.10150897594071451
2243,2024-07,2,1,True,0.2222222222222222,0.13538451369871193,False,sensitive_or_small,-0.2757399079390266
2244,2024-07,0,1,True,0.6666666666666666,0.37286962649626804,False,sensitive_or_small,0.57187919001917
2249,2024-07,0,1,True,0.3333333333333333,0.5817814720795877,False,sensitive_or_small,0.984931390942112
2250,2024-07,0,1,True,0.6666666666666666,0.3863964939115703,False,sensitive_or_small,1.706739162904418
2334,2024-07,0,1,False,0.6666666666666666,1.0408858497073021,False,sensitive_or_small,-0.8308663503660468
2340,2024-07,0,1,False,0.6666666666666666,0.25268934280556665,False,sensitive_or_small,0.008062347067927522
2345,2024-07,0,1,True,0.5555555555555556,0.47596332600269975,False,sensitive_or_small,1.6734400055463547
2393,2024-07,2,1,True,0.6666666666666666,0.1972280077002615,False,sensitive_or_small,0.80891500926214
2596,2024-07,2,1,False,0.3333333333333333,0.28783795677874713,False,sensitive_or_small,2.000445940101439
2598,2024-07,0,1,False,0.4444444444444444,0.8057216620860979,False,sensitive_or_small,3.7026293015718412
2601,2024-07,0,1,False,0.1111111111111111,0.26369877266849573,False,sensitive_or_small,0.022262193530653285
2619,2024-07,0,1,False,0.4444444444444444,0.3395123560536554,False,sensitive_or_small,0.6220083577688745
2652,2024-07,2,1,False,0.3333333333333333,0.07792225322958153,False,sensitive_or_small,-0.027619333903261545
4,2024-08,1,0,False,1.0,0.2886274427297229,False,sensitive_or_small,1.2427260887358405
6,2024-08,1,0,False,0.5555555555555556,0.2344980743512933,False,sensitive_or_small,1.1310181041606278
7,2024-08,2,1,False,0.8888888888888888,0.17771342101371548,False,sensitive_or_small,0.16706358625635798
20,2024-08,1,0,False,0.1111111111111111,0.3555656077864861,False,sensitive_or_small,2.906369117768401
21,2024-08,1,2,True,0.8888888888888888,0.17578085695325818,False,sensitive_or_small,0.6639910047442965
35,2024-08,0,1,True,0.1111111111111111,0.26576632186901683,False,sensitive_or_small,1.4396158394052672
52,2024-08,1,0,False,0.1111111111111111,0.9840827541483929,False,sensitive_or_small,2.1505974244898236
54,2024-08,1,0,False,1.0,0.48560801678447796,False,sensitive_or_small,1.775553700421717
55,2024-08,0,1,True,0.4444444444444444,0.28281804688460804,False,sensitive_or_small,0.6360753641191541
59,2024-08,1,0,False,0.1111111111111111,0.36220987095126866,False,sensitive_or_small,2.824954752358594
168,2024-08,1,2,False,0.5555555555555556,0.7309004767784231,False,sensitive_or_small,0.7444936860039914
169,2024-08,1,0,True,0.0,0.36182008215917366,False,sensitive_or_small,1.2368706870671349
185,2024-08,1,0,False,0.8888888888888888,1.062025551885111,False,sensitive_or_small,4.303831581049411
195,2024-08,1,0,True,0.8888888888888888,0.4309560196649121,False,sensitive_or_small,0.1525313582599913
201,2024-08,1,0,False,0.1111111111111111,0.285084567937677,False,sensitive_or_small,2.086903345525376
204,2024-08,1,0,False,0.6666666666666666,0.7066809657883522,False,sensitive_or_small,1.6061962071896336
205,2024-08,1,0,False,0.1111111111111111,0.3590797269132678,False,sensitive_or_small,2.6680005627699037
206,2024-08,2,1,True,0.8888888888888888,0.07136037495404825,False,sensitive_or_small,0.7313683716344734
222,2024-08,1,0,False,0.1111111111111111,0.21454748001657745,False,sensitive_or_small,0.9458798447001066
237,2024-08,1,0,False,0.4444444444444444,0.32267115357250326,False,sensitive_or_small,0.6082851195159528
283,2024-08,1,0,False,0.8888888888888888,0.301998148370389,False,sensitive_or_small,1.670514949771909
314,2024-08,0,1,True,0.1111111111111111,0.6658694654242178,False,sensitive_or_small,1.1511784992000687
317,2024-08,0,1,True,0.1111111111111111,0.4649820773885001,False,sensitive_or_small,0.8859284386036503
320,2024-08,0,1,True,0.1111111111111111,0.5003157182493734,False,sensitive_or_small,1.0323710597420253
324,2024-08,0,1,True,0.3333333333333333,0.696479521952905,False,sensitive_or_small,0.39157796097411546
329,2024-08,0,1,True,0.4444444444444444,0.4724863721780341,False,sensitive_or_small,0.5901418786126031
336,2024-08,0,1,True,0.2222222222222222,0.6117208224983196,False,sensitive_or_small,-0.0068888697046951
337,2024-08,0,1,True,0.1111111111111111,0.7452347779906542,False,sensitive_or_small,1.191767243134912
338,2024-08,0,1,True,0.1111111111111111,0.5258791235583494,False,sensitive_or_small,-0.05128388271860157
339,2024-08,0,1,True,0.1111111111111111,0.7398701058915468,False,sensitive_or_small,-0.07843975856205651
340,2024-08,0,1,True,0.1111111111111111,0.37007846705663455,False,sensitive_or_small,1.3894925784351781
343,2024-08,0,1,True,0.1111111111111111,0.763173619582519,False,sensitive_or_small,1.2728760818798257
347,2024-08,1,0,False,0.5555555555555556,1.1245447949373513,False,sensitive_or_small,1.3315867541530413
348,2024-08,1,0,False,0.5555555555555556,0.5662025062725793,False,sensitive_or_small,-2.901357892440315
369,2024-08,1,0,False,0.2222222222222222,0.2327771325352617,False,sensitive_or_small,1.2059474906173138
379,2024-08,1,2,False,0.7777777777777778,0.24399830155203509,False,sensitive_or_small,0.711723371286338
387,2024-08,1,0,False,0.8888888888888888,0.18362950632615962,False,sensitive_or_small,1.6480446461690805
397,2024-08,1,0,False,0.8888888888888888,0.12282254317483461,False,sensitive_or_small,1.3429596519477531
401,2024-08,1,0,False,0.7777777777777778,0.648420531153276,False,sensitive_or_small,3.6134754605904593
403,2024-08,1,0,True,0.8888888888888888,0.6091741180318114,True,retrospectively_supported,3.319166057696438
408,2024-08,1,0,False,1.0,0.9325026996894255,False,sensitive_or_small,2.7939184823638996
435,2024-08,1,0,False,1.0,0.5842025824989104,False,sensitive_or_small,0.04897648953551548
440,2024-08,1,0,False,0.1111111111111111,0.5799023170858647,False,sensitive_or_small,0.2518456393211771
443,2024-08,1,0,False,1.0,0.1819372879303537,False,sensitive_or_small,1.5029939745344334
455,2024-08,1,0,False,0.1111111111111111,0.35791601554027364,False,sensitive_or_small,2.3898930276623984
458,2024-08,1,0,False,0.1111111111111111,0.2785392907262623,False,sensitive_or_small,2.8566941563864883
459,2024-08,1,0,False,0.1111111111111111,0.3031930218051867,False,sensitive_or_small,1.9617653720787596
460,2024-08,1,0,False,0.5555555555555556,0.34831303190374374,False,sensitive_or_small,1.9027768870365724
485,2024-08,1,0,False,0.1111111111111111,0.3225169727714125,False,sensitive_or_small,1.675152841223118
491,2024-08,0,1,True,0.1111111111111111,0.7459218966368654,False,sensitive_or_small,3.232296908025904
515,2024-08,1,0,False,0.8888888888888888,0.3142309913569702,False,sensitive_or_small,1.0405652537403247
529,2024-08,1,0,False,0.3333333333333333,0.19184860144341523,False,sensitive_or_small,1.43494492872
556,2024-08,0,1,True,0.1111111111111111,0.8685909664399081,False,sensitive_or_small,4.258524937528866
574,2024-08,1,0,False,0.4444444444444444,0.24342446806111526,False,sensitive_or_small,0.9338677631415881
582,2024-08,0,1,True,0.2222222222222222,0.14640801164484324,False,sensitive_or_small,0.6288238154335837
583,2024-08,0,1,True,0.1111111111111111,0.4489263037332453,False,sensitive_or_small,2.455590465946174
586,2024-08,0,1,True,1.0,0.2840782683929244,False,sensitive_or_small,0.32931689269169173
587,2024-08,0,1,True,0.4444444444444444,0.40530894608732715,False,sensitive_or_small,0.4024411478540546
588,2024-08,0,1,True,0.2222222222222222,0.22497098741890315,False,sensitive_or_small,0.9294402287343948
589,2024-08,0,1,True,0.3333333333333333,0.31688964147242055,False,sensitive_or_small,0.8335436514123495
592,2024-08,1,0,False,0.3333333333333333,0.6667774289245006,False,sensitive_or_small,1.0853201585932144
600,2024-08,0,1,True,0.3333333333333333,0.3907609653112531,False,sensitive_or_small,-0.11608418990633196
602,2024-08,0,1,True,0.1111111111111111,0.2937546520694681,False,sensitive_or_small,0.07179135596869779
614,2024-08,0,1,True,0.3333333333333333,0.7329751682127309,False,sensitive_or_small,0.9209106080992353
615,2024-08,0,1,True,0.2222222222222222,0.848052312170914,False,sensitive_or_small,0.5017468393513815
616,2024-08,0,1,True,0.2222222222222222,0.29765967721876424,False,sensitive_or_small,0.07466947747240688
666,2024-08,2,1,False,1.0,0.08243306451947023,False,sensitive_or_small,1.0481566611569362
671,2024-08,0,1,True,0.6666666666666666,0.1746200450530819,False,sensitive_or_small,1.4836257858149737
698,2024-08,1,0,False,0.1111111111111111,0.2927978802020381,False,sensitive_or_small,1.7465457730827723
702,2024-08,0,1,True,0.4444444444444444,0.19904138778425917,False,sensitive_or_small,2.2969194338155194
708,2024-08,0,1,True,0.1111111111111111,0.31269470033926955,False,sensitive_or_small,1.5143467184373178
711,2024-08,1,0,False,0.1111111111111111,0.6456460084572588,False,sensitive_or_small,1.1653523627202511
712,2024-08,1,0,False,0.1111111111111111,0.7491433598946659,False,sensitive_or_small,3.834356992982471
742,2024-08,0,1,True,0.1111111111111111,0.47167094507906127,False,sensitive_or_small,0.7886439249351535
779,2024-08,0,1,True,0.2222222222222222,0.2893836449008268,False,sensitive_or_small,-0.060860133626049195
781,2024-08,0,1,True,0.3333333333333333,0.0943517384284158,False,sensitive_or_small,0.2488102778964621
788,2024-08,0,1,True,0.2222222222222222,0.393297166194966,False,sensitive_or_small,-0.5385714763946878
791,2024-08,0,1,True,0.1111111111111111,0.41163263813569323,False,sensitive_or_small,0.1899171102008934
792,2024-08,0,1,True,0.1111111111111111,0.2683152028798707,False,sensitive_or_small,-0.4762250896085757
796,2024-08,0,1,True,0.1111111111111111,0.5441864873674592,False,sensitive_or_small,0.5689844075713337
799,2024-08,0,1,True,0.2222222222222222,0.2737386460478032,False,sensitive_or_small,0.696312554003195
801,2024-08,0,1,True,0.1111111111111111,0.30765219341945954,False,sensitive_or_small,-0.19892647576114364
802,2024-08,1,0,False,0.4444444444444444,0.49965604677969694,False,sensitive_or_small,-0.054238562535754986
803,2024-08,0,1,True,0.1111111111111111,0.2858134120996621,False,sensitive_or_small,-0.2616755612406374
807,2024-08,0,1,True,0.4444444444444444,0.6323481082200328,False,sensitive_or_small,-1.70776722389952
810,2024-08,1,0,False,0.5555555555555556,0.1698931166330661,False,sensitive_or_small,1.380838370013887
812,2024-08,2,1,False,1.0,0.1276235885066209,False,sensitive_or_small,0.07047153639507808
814,2024-08,1,0,False,0.6666666666666666,0.21853290233671646,False,sensitive_or_small,0.8102672915762665
815,2024-08,1,0,False,0.1111111111111111,0.2234911133212655,False,sensitive_or_small,0.9281165003612202
817,2024-08,1,0,False,0.5555555555555556,0.2325969059148929,False,sensitive_or_small,1.440803758931994
818,2024-08,1,0,False,0.3333333333333333,0.11502895823764216,False,sensitive_or_small,0.05642614077254193
821,2024-08,1,0,False,0.5555555555555556,0.16224983530966297,False,sensitive_or_small,0.10210331576163134
822,2024-08,1,0,False,0.5555555555555556,0.3447513855577561,False,sensitive_or_small,1.3420435629640293
823,2024-08,1,0,False,0.5555555555555556,0.13290055542100931,False,sensitive_or_small,1.1219834708437126
825,2024-08,1,0,False,0.5555555555555556,0.21695877630338514,False,sensitive_or_small,1.0936458117912107
832,2024-08,1,0,False,0.5555555555555556,0.19417550414148774,False,sensitive_or_small,0.8895210894184269
834,2024-08,1,0,False,0.5555555555555556,0.34775428915192247,False,sensitive_or_small,1.3037179115872073
844,2024-08,0,1,True,0.3333333333333333,0.23465858178918575,False,sensitive_or_small,-0.41522236211053165
847,2024-08,0,1,True,0.3333333333333333,0.20567042174952246,False,sensitive_or_small,0.10826969337449643
848,2024-08,0,1,True,0.1111111111111111,0.23922782455811686,False,sensitive_or_small,0.46922486751177633
851,2024-08,0,1,True,0.1111111111111111,0.20235234478423786,False,sensitive_or_small,0.7388043347195796
852,2024-08,0,1,True,0.1111111111111111,0.5730134717190879,False,sensitive_or_small,0.622423746781911
853,2024-08,0,1,True,0.2222222222222222,0.31628375412217996,False,sensitive_or_small,0.38296547059393227
854,2024-08,0,1,True,0.4444444444444444,0.8365274986573927,False,sensitive_or_small,-0.5231840834672298
855,2024-08,0,1,True,0.2222222222222222,0.7730895783757394,False,sensitive_or_small,1.122392482617017
856,2024-08,0,1,True,0.3333333333333333,0.34883012171814815,False,sensitive_or_small,-0.17435156668534763
857,2024-08,0,1,True,0.2222222222222222,0.35155056163557935,False,sensitive_or_small,0.4823588736259654
859,2024-08,0,1,True,0.1111111111111111,0.38028320527312764,False,sensitive_or_small,-0.8149380199192424
871,2024-08,0,1,True,0.2222222222222222,0.30831966093705654,False,sensitive_or_small,1.8777193043338427
875,2024-08,0,1,True,0.3333333333333333,0.3144403196550654,False,sensitive_or_small,0.46131615279853544
876,2024-08,0,1,True,0.2222222222222222,0.27775409857964156,False,sensitive_or_small,-0.23306682890294195
878,2024-08,0,1,True,0.3333333333333333,0.20063157101176088,False,sensitive_or_small,-0.34357440682820234
879,2024-08,0,1,True,0.1111111111111111,0.3925783879656354,False,sensitive_or_small,1.0530825818675995
880,2024-08,0,1,True,0.1111111111111111,0.42375198985708346,False,sensitive_or_small,0.9110514630448152
882,2024-08,0,1,True,0.1111111111111111,0.5074040398292036,False,sensitive_or_small,-0.5293095606309208
884,2024-08,0,1,True,0.1111111111111111,0.6469126823411888,False,sensitive_or_small,1.1855157211881795
888,2024-08,0,1,True,0.3333333333333333,0.2540828421909488,False,sensitive_or_small,-0.019259597188150956
907,2024-08,0,1,True,0.1111111111111111,0.45065622804535244,False,sensitive_or_small,0.928301506696691
987,2024-08,1,0,False,0.5555555555555556,0.08735186688908295,False,sensitive_or_small,0.7967986827436324
992,2024-08,1,0,False,0.7777777777777778,0.24823495939658607,False,sensitive_or_small,1.035266676442692
996,2024-08,1,0,False,0.5555555555555556,0.17847322823973913,False,sensitive_or_small,0.7057004641333603
998,2024-08,1,0,False,0.4444444444444444,0.11407846817481526,False,sensitive_or_small,0.4030360483649936
1001,2024-08,1,0,False,0.4444444444444444,0.15187787340280762,False,sensitive_or_small,0.29426231888404486
1005,2024-08,1,0,False,0.5555555555555556,0.3053275850574296,False,sensitive_or_small,0.733561270501959
1011,2024-08,1,0,False,0.5555555555555556,0.12962725238143255,False,sensitive_or_small,1.4387703526465678
1039,2024-08,1,0,False,0.5555555555555556,0.15799930674128485,False,sensitive_or_small,0.8856028714281955
1055,2024-08,1,0,False,0.1111111111111111,0.20587599353639927,False,sensitive_or_small,1.5764877344625283
1071,2024-08,1,0,False,0.3333333333333333,0.3623845790064625,False,sensitive_or_small,1.655796986001705
1109,2024-08,1,0,False,0.8888888888888888,0.10285569996991016,False,sensitive_or_small,1.1982963386582974
1148,2024-08,1,0,False,0.1111111111111111,0.2651679915805188,False,sensitive_or_small,0.7642494844906811
1150,2024-08,2,1,False,1.0,0.10929408511816649,False,sensitive_or_small,0.9848047841627141
1151,2024-08,0,1,True,0.1111111111111111,0.46352556262230526,False,sensitive_or_small,0.766921370416529
1153,2024-08,0,1,True,1.0,0.4434405797156326,False,sensitive_or_small,1.4194948923383328
1154,2024-08,0,1,True,0.1111111111111111,0.5276272197133697,False,sensitive_or_small,1.7890182172854374
1158,2024-08,1,0,True,0.8888888888888888,0.16402088663702735,False,sensitive_or_small,1.734792084304837
1161,2024-08,0,1,True,0.4444444444444444,0.3729099294865522,False,sensitive_or_small,1.7019921662053628
1175,2024-08,0,1,True,0.2222222222222222,0.21453019909538115,False,sensitive_or_small,2.82071968792072
1181,2024-08,0,1,True,0.3333333333333333,0.2970053800309654,False,sensitive_or_small,-0.9096053201686632
1184,2024-08,0,1,True,1.0,0.37971811470985045,False,sensitive_or_small,-0.10063871320817735
1187,2024-08,0,1,True,0.3333333333333333,0.36064235677511386,False,sensitive_or_small,0.577535846544823
1212,2024-08,1,0,False,0.5555555555555556,0.11697319373638788,False,sensitive_or_small,0.5011985837401867
1221,2024-08,1,0,False,0.5555555555555556,0.5841930579143574,False,sensitive_or_small,1.328032566318507
1228,2024-08,1,0,False,1.0,0.1549557362859371,False,sensitive_or_small,1.1566667289276662
1232,2024-08,0,1,True,0.4444444444444444,0.11435056002506826,False,sensitive_or_small,0.9558298868447279
1237,2024-08,1,0,False,0.1111111111111111,0.1897603771463454,False,sensitive_or_small,0.85050987496392
1246,2024-08,1,0,False,0.2222222222222222,0.1685940335341141,False,sensitive_or_small,1.0416681256306126
1254,2024-08,1,0,False,0.8888888888888888,0.27980068713704326,False,sensitive_or_small,1.584374205119346
1267,2024-08,0,1,True,0.1111111111111111,0.6922467097336765,False,sensitive_or_small,1.2763008311402175
1282,2024-08,0,1,True,0.1111111111111111,0.43787661967986147,False,sensitive_or_small,2.028949413990179
1297,2024-08,0,1,True,0.1111111111111111,0.5881496755358472,False,sensitive_or_small,-0.873373567809621
1319,2024-08,0,1,True,0.1111111111111111,1.4433839255731777,False,sensitive_or_small,6.672099467109123
1393,2024-08,1,0,False,0.5555555555555556,0.10352422350077797,False,sensitive_or_small,0.7804013158819928
1394,2024-08,1,0,False,0.5555555555555556,0.08251730231881813,False,sensitive_or_small,0.6959116530942916
1396,2024-08,1,2,False,0.3333333333333333,0.1006811170960176,False,sensitive_or_small,0.5495151376131546
1400,2024-08,1,2,False,0.3333333333333333,0.09640238542692293,False,sensitive_or_small,0.5001249113423645
1401,2024-08,1,0,False,0.4444444444444444,0.11275355858304464,False,sensitive_or_small,1.4906832511753565
1404,2024-08,1,0,False,0.5555555555555556,0.07513020246488088,False,sensitive_or_small,0.7293589774986398
1405,2024-08,1,0,False,0.4444444444444444,0.07811120430757357,False,sensitive_or_small,0.7521802945523792
1408,2024-08,1,2,False,0.3333333333333333,0.10445606534769446,False,sensitive_or_small,0.5180374671076682
1473,2024-08,1,0,False,0.5555555555555556,0.2674565901238763,False,sensitive_or_small,0.40558316819467033
1477,2024-08,1,0,False,0.3333333333333333,0.12010139217328993,False,sensitive_or_small,0.401961808594431
1483,2024-08,1,0,False,0.3333333333333333,0.17923161980393698,False,sensitive_or_small,0.6564615351609543
1486,2024-08,1,0,False,0.5555555555555556,0.17077459981958495,False,sensitive_or_small,1.153750535515602
1489,2024-08,1,0,False,0.3333333333333333,0.14470206819360945,False,sensitive_or_small,0.633354196286412
1495,2024-08,1,2,False,0.3333333333333333,0.1248243677351415,False,sensitive_or_small,0.558921684280253
1510,2024-08,0,1,True,0.6666666666666666,0.14856455910803512,False,sensitive_or_small,0.728176140514733
1523,2024-08,1,2,True,0.8888888888888888,0.20975849167764804,False,sensitive_or_small,0.4253260116825003
1526,2024-08,1,0,False,0.3333333333333333,0.16179283563055732,False,sensitive_or_small,0.31983524440342137
1539,2024-08,1,0,False,0.4444444444444444,0.14482882588888019,False,sensitive_or_small,0.14932556117447093
1540,2024-08,1,0,False,0.4444444444444444,0.18185685006966842,False,sensitive_or_small,0.16765008449398655
1553,2024-08,1,0,False,0.4444444444444444,0.1863184414212766,False,sensitive_or_small,0.1626484965822128
1557,2024-08,1,0,False,0.1111111111111111,0.3085356804739475,False,sensitive_or_small,2.5604638139000935
1562,2024-08,1,0,False,0.5555555555555556,0.274179392850132,False,sensitive_or_small,0.7612975541073486
1563,2024-08,1,0,False,0.4444444444444444,0.17587112057307802,False,sensitive_or_small,0.8133220982308897
1572,2024-08,1,0,False,1.0,0.25438125515279486,False,sensitive_or_small,1.6943741980103426
1603,2024-08,1,0,False,0.8888888888888888,0.312963470870148,False,sensitive_or_small,1.774845162989308
1608,2024-08,1,0,False,0.1111111111111111,0.301253940087521,False,sensitive_or_small,1.2375592393978478
1634,2024-08,1,0,False,0.1111111111111111,0.3949623078402738,False,sensitive_or_small,1.6959855537162367
1662,2024-08,0,1,True,0.1111111111111111,0.45300301149998734,False,sensitive_or_small,3.4160305837963865
1670,2024-08,1,0,True,0.8888888888888888,0.35370621050416734,False,sensitive_or_small,1.2429953750953322
1675,2024-08,1,0,False,0.7777777777777778,0.16640600987155593,False,sensitive_or_small,1.594474525044434
1683,2024-08,1,0,True,0.8888888888888888,0.46789139133702123,False,sensitive_or_small,3.4567239597289747
1740,2024-08,1,0,False,0.6666666666666666,0.4321139933551395,False,sensitive_or_small,1.4421311364646612
1783,2024-08,2,1,True,0.7777777777777778,0.13429736281911916,False,sensitive_or_small,0.9359397795234509
1846,2024-08,1,0,False,0.5555555555555556,0.1914312099767603,False,sensitive_or_small,0.639161440556546
1861,2024-08,1,0,False,0.8888888888888888,0.35251320614636666,False,sensitive_or_small,0.7997869518076711
1876,2024-08,1,0,False,0.4444444444444444,0.20944402937578718,False,sensitive_or_small,1.216267208038685
1879,2024-08,1,0,False,0.4444444444444444,0.14305186987753593,False,sensitive_or_small,1.209811826541557
1883,2024-08,1,0,False,0.5555555555555556,0.18938224429029382,False,sensitive_or_small,1.8093243374114527
1906,2024-08,1,0,False,1.0,0.6071713951924284,False,sensitive_or_small,2.3224265001750677
1920,2024-08,1,0,False,0.5555555555555556,0.1084373531606458,False,sensitive_or_small,1.4201900606095552
1922,2024-08,1,0,False,0.5555555555555556,0.24684260634628924,False,sensitive_or_small,1.2702566120906784
1957,2024-08,0,1,True,0.2222222222222222,0.29775561295607716,False,sensitive_or_small,0.10400022172950135
1962,2024-08,0,1,True,0.3333333333333333,0.2833539257165849,False,sensitive_or_small,0.22801585943144215
1966,2024-08,0,1,True,0.1111111111111111,0.8888395226059438,False,sensitive_or_small,1.3072127198161336
1968,2024-08,0,1,True,0.3333333333333333,0.5965046849689747,False,sensitive_or_small,-0.3224523989711528
1970,2024-08,0,1,True,0.2222222222222222,0.26096423140248215,False,sensitive_or_small,0.5114419033068279
1987,2024-08,0,1,True,0.4444444444444444,0.2636671935849403,False,sensitive_or_small,1.1350543903884986
1991,2024-08,0,1,True,1.0,0.4518806492542678,False,sensitive_or_small,1.3782176495998721
2002,2024-08,1,0,False,0.1111111111111111,0.1791685661242721,False,sensitive_or_small,0.7477406677517867
2047,2024-08,1,0,False,0.4444444444444444,0.17260767283137635,False,sensitive_or_small,1.29297618379641
2048,2024-08,1,0,False,0.5555555555555556,0.19072531347586233,False,sensitive_or_small,1.2040294410897212
2062,2024-08,1,0,False,0.5555555555555556,0.14943343110126436,False,sensitive_or_small,0.6172938178033743
2070,2024-08,1,0,False,0.5555555555555556,0.1048107021035942,False,sensitive_or_small,1.3109138238753952
2074,2024-08,1,0,False,0.5555555555555556,0.10933601447211923,False,sensitive_or_small,0.47811926283914674
2076,2024-08,1,0,False,0.5555555555555556,0.2077628676956579,False,sensitive_or_small,1.606511454376311
2108,2024-08,1,0,False,0.5555555555555556,0.16773079944488695,False,sensitive_or_small,1.0879536057445072
2124,2024-08,1,0,False,0.5555555555555556,0.16411200764839784,False,sensitive_or_small,0.6206091696327798
2148,2024-08,0,1,True,0.1111111111111111,0.30714879022469355,False,sensitive_or_small,1.4435064563299709
2165,2024-08,1,0,False,0.5555555555555556,0.21439440662816742,False,sensitive_or_small,0.5343294872889287
2167,2024-08,1,0,False,0.5555555555555556,0.25776669264434154,False,sensitive_or_small,0.9697495624747199
2168,2024-08,1,0,False,0.5555555555555556,0.17539421362919752,False,sensitive_or_small,0.8794352139248979
2173,2024-08,1,0,False,0.5555555555555556,0.16312345617837207,False,sensitive_or_small,1.1471904278478355
2177,2024-08,1,0,False,0.5555555555555556,0.20447855920649538,False,sensitive_or_small,0.7229763406430223
2186,2024-08,1,0,False,0.5555555555555556,0.23800596367082316,False,sensitive_or_small,0.5621013932215313
2188,2024-08,1,0,False,0.4444444444444444,0.1224051605033495,False,sensitive_or_small,1.0527405015042652
2194,2024-08,0,1,True,0.4444444444444444,0.30003648279034023,False,sensitive_or_small,0.7673347742336883
2203,2024-08,1,0,False,0.8888888888888888,0.2413471432571712,False,sensitive_or_small,0.9558837645636226
2225,2024-08,0,1,True,0.8888888888888888,0.2761257561506034,False,sensitive_or_small,0.7501000141958591
2230,2024-08,0,1,True,1.0,0.5654601712575272,True,retrospectively_supported,0.627355456733189
2233,2024-08,1,0,False,0.6666666666666666,0.45302932825875625,False,sensitive_or_small,1.9741504410821094
2235,2024-08,0,1,True,0.4444444444444444,0.26964070324193723,False,sensitive_or_small,0.8626206988089635
2334,2024-08,1,0,False,1.0,0.6457662510173364,False,sensitive_or_small,1.3708160025760834
2339,2024-08,0,1,True,0.1111111111111111,0.697950849114117,False,sensitive_or_small,0.4593609921348288
2340,2024-08,1,0,False,1.0,0.6562592443188833,False,sensitive_or_small,-0.10505622313052021
2341,2024-08,0,1,True,0.2222222222222222,0.3169350523385916,False,sensitive_or_small,0.21397161166984424
2342,2024-08,0,1,True,0.1111111111111111,0.29357166274019497,False,sensitive_or_small,-0.21067036263778816
2343,2024-08,0,1,True,0.1111111111111111,0.32047566459940635,False,sensitive_or_small,0.30599975494691595
2391,2024-08,2,1,True,0.4444444444444444,0.17239753934102983,False,sensitive_or_small,0.6432539251327363
2395,2024-08,1,2,False,0.7777777777777778,0.3950891241515293,False,sensitive_or_small,0.17117654330116305
2596,2024-08,1,2,False,0.2222222222222222,0.3823333590610222,False,sensitive_or_small,-0.7887742041809948
2598,2024-08,1,0,False,0.4444444444444444,0.4088055597662027,False,sensitive_or_small,0.45445278966609604
2601,2024-08,1,2,False,0.1111111111111111,0.27803716827392627,False,sensitive_or_small,0.6350871359259797
2619,2024-08,1,0,False,0.4444444444444444,0.3144357924235358,False,sensitive_or_small,0.4975136296782756
2652,2024-08,1,2,False,0.2222222222222222,0.10502397823836078,False,sensitive_or_small,0.31148355141394357
2710,2024-08,1,0,False,0.5555555555555556,0.1067295296890766,False,sensitive_or_small,0.733289302049206
2813,2024-08,1,0,False,0.4444444444444444,0.1329153308003786,False,sensitive_or_small,0.695160833610739
2872,2024-08,0,1,True,0.8888888888888888,0.7065009707840068,True,retrospectively_supported,1.721754818592175
2879,2024-08,1,2,False,0.7777777777777778,0.270717120091054,False,sensitive_or_small,0.018110519792907676
2883,2024-08,1,0,False,0.5555555555555556,0.16539037632217085,False,sensitive_or_small,1.1403611534234996
2884,2024-08,1,0,False,0.4444444444444444,0.12784238767408962,False,sensitive_or_small,0.9628843081265909
4,2024-09,0,1,False,0.6666666666666666,0.3826506548596734,False,sensitive_or_small,-0.2883057945636841
6,2024-09,0,1,True,0.5555555555555556,0.3022910947706663,False,sensitive_or_small,1.1541465940788198
7,2024-09,1,2,False,0.8888888888888888,0.24337379465192782,False,sensitive_or_small,1.1452509182899333
9,2024-09,0,1,False,0.1111111111111111,0.6451695748840367,False,sensitive_or_small,2.3548978666956626
14,2024-09,0,1,False,0.1111111111111111,0.41329724497051623,False,sensitive_or_small,0.011000444912925844
16,2024-09,0,1,True,0.6666666666666666,0.49220573001080165,False,sensitive_or_small,1.2133961583866233
18,2024-09,0,1,False,0.1111111111111111,0.3510776182924985,False,sensitive_or_small,0.0043478630985804845
20,2024-09,0,1,False,0.1111111111111111,0.39369520957716037,False,sensitive_or_small,0.6420744714992627
31,2024-09,0,1,False,0.1111111111111111,0.2737460170699745,False,sensitive_or_small,0.4664081479723914
32,2024-09,0,1,False,0.1111111111111111,0.7474915891952626,False,sensitive_or_small,-0.20369736633847058
33,2024-09,0,1,False,0.1111111111111111,0.7357698155709711,False,sensitive_or_small,0.21186685824216012
36,2024-09,0,1,False,0.1111111111111111,0.39163918519033153,False,sensitive_or_small,0.9474747113735471
37,2024-09,0,1,False,0.1111111111111111,0.4306021893555483,False,sensitive_or_small,1.190801850242615
39,2024-09,0,1,False,0.2222222222222222,0.4409542180225831,False,sensitive_or_small,-0.3125618093565846
41,2024-09,0,1,False,0.1111111111111111,0.27713037990484274,False,sensitive_or_small,-0.2690301526697664
43,2024-09,0,1,False,0.1111111111111111,0.413926414835396,False,sensitive_or_small,0.9377360459997541
45,2024-09,0,1,False,0.1111111111111111,0.4822747099868664,False,sensitive_or_small,1.090197902596557
47,2024-09,0,1,False,0.1111111111111111,0.6193390899050217,False,sensitive_or_small,-0.4363125419315411
48,2024-09,0,1,False,0.1111111111111111,0.486021882685217,False,sensitive_or_small,-0.25306787913728646
49,2024-09,0,1,False,0.1111111111111111,0.2688283210896774,False,sensitive_or_small,0.6558685607523485
52,2024-09,0,1,False,0.1111111111111111,0.8031134665111999,False,sensitive_or_small,1.7315618901620977
54,2024-09,0,1,False,0.8888888888888888,0.42226004114896015,False,sensitive_or_small,-0.6381894119327325
56,2024-09,0,1,False,0.8888888888888888,0.5148484152771284,False,sensitive_or_small,-0.7310487464347148
58,2024-09,0,1,False,0.1111111111111111,0.5154889084384565,False,sensitive_or_small,0.6416613354697204
59,2024-09,0,1,False,0.1111111111111111,0.5463171493558565,False,sensitive_or_small,-0.5904620316317805
60,2024-09,0,1,False,0.1111111111111111,0.3675748369696182,False,sensitive_or_small,1.1477715345410977
61,2024-09,0,1,False,0.2222222222222222,0.5700377013784766,False,sensitive_or_small,-0.7073110195882554
62,2024-09,0,1,True,0.4444444444444444,0.71190479017962,False,sensitive_or_small,-0.18566062485149415
63,2024-09,0,1,False,0.1111111111111111,0.3842832847100751,False,sensitive_or_small,1.0909092962610056
65,2024-09,0,1,False,0.1111111111111111,0.5824503333104939,False,sensitive_or_small,-2.0476007566727517
68,2024-09,0,1,False,0.1111111111111111,0.5609158892967837,False,sensitive_or_small,-0.3682884559967958
71,2024-09,0,1,False,0.1111111111111111,0.21165977722273788,False,sensitive_or_small,0.8768811849142855
72,2024-09,0,1,False,0.1111111111111111,1.1418841388530139,False,sensitive_or_small,3.060386926015507
78,2024-09,0,1,False,0.1111111111111111,1.86142177279674,False,sensitive_or_small,0.22565414635913605
80,2024-09,0,1,False,0.1111111111111111,0.34366132777839076,False,sensitive_or_small,0.6206862006724212
82,2024-09,0,1,False,0.1111111111111111,0.3302609107858859,False,sensitive_or_small,0.07499847537233428
168,2024-09,2,1,False,0.5555555555555556,0.6814348180903549,False,sensitive_or_small,3.0909354528319275
185,2024-09,0,1,False,1.0,0.74791194873318,False,sensitive_or_small,-0.6128651297603038
201,2024-09,0,1,False,0.1111111111111111,0.44709053384069647,False,sensitive_or_small,0.8091294499984913
204,2024-09,0,1,False,0.6666666666666666,0.31280853270171466,False,sensitive_or_small,1.0317884735736527
205,2024-09,0,1,False,0.1111111111111111,0.21822160279661335,False,sensitive_or_small,0.2830820868571948
220,2024-09,0,1,False,0.1111111111111111,0.286911428189675,False,sensitive_or_small,1.4401813356921727
222,2024-09,0,1,True,0.1111111111111111,0.20268206214332887,False,sensitive_or_small,0.3996817952730686
230,2024-09,0,1,False,0.1111111111111111,0.43391356922390484,False,sensitive_or_small,1.6922417937232759
232,2024-09,0,1,False,0.1111111111111111,0.5053817299517127,False,sensitive_or_small,1.4380455485017292
235,2024-09,0,1,False,0.1111111111111111,0.34664015007408155,False,sensitive_or_small,0.6520722140762991
236,2024-09,0,1,False,0.1111111111111111,0.15721846812982446,False,sensitive_or_small,1.3903143190815341
237,2024-09,0,1,False,0.4444444444444444,0.42040651194735557,False,sensitive_or_small,2.144945728288836
240,2024-09,0,1,False,0.1111111111111111,0.22157704050627838,False,sensitive_or_small,0.9133434710797222
241,2024-09,0,1,False,0.1111111111111111,0.3330153287260398,False,sensitive_or_small,1.4235777373779541
242,2024-09,0,1,False,0.1111111111111111,0.3643880451799119,False,sensitive_or_small,1.6388433051137241
243,2024-09,0,1,False,0.1111111111111111,0.5291332682888836,False,sensitive_or_small,1.0595846106337847
270,2024-09,0,1,False,0.1111111111111111,0.23490750509397906,False,sensitive_or_small,0.8874771697694461
272,2024-09,0,1,False,0.1111111111111111,0.3006311121954736,False,sensitive_or_small,0.6098795590456979
273,2024-09,0,1,False,0.1111111111111111,0.14846123360776986,False,sensitive_or_small,0.25491489272339574
274,2024-09,0,1,False,0.1111111111111111,0.20275173775549732,False,sensitive_or_small,0.5013102892993199
276,2024-09,0,1,False,0.1111111111111111,0.39728532894201357,False,sensitive_or_small,2.5032091476508063
277,2024-09,0,1,False,0.1111111111111111,0.7887385800248602,False,sensitive_or_small,3.832921567686562
280,2024-09,0,1,False,0.1111111111111111,0.3554635569197698,False,sensitive_or_small,3.2460572659694265
281,2024-09,0,1,False,0.1111111111111111,0.8531703563776977,False,sensitive_or_small,2.575036073775458
282,2024-09,0,1,False,0.1111111111111111,0.44912816144380036,False,sensitive_or_small,-2.073600304498477
283,2024-09,0,1,False,0.8888888888888888,0.3651446903962455,False,sensitive_or_small,0.45923980104667084
295,2024-09,0,1,False,0.1111111111111111,0.3677384130092002,False,sensitive_or_small,2.220851145084868
321,2024-09,0,1,False,0.4444444444444444,0.6356855083302163,False,sensitive_or_small,1.9208664158553754
342,2024-09,0,1,False,0.4444444444444444,0.3520135481297499,False,sensitive_or_small,1.6295412907547964
347,2024-09,0,1,False,0.5555555555555556,0.8519601797655877,False,sensitive_or_small,1.4327175838542123
348,2024-09,0,1,True,0.5555555555555556,0.5064326988256593,False,sensitive_or_small,2.272097892582164
349,2024-09,0,1,False,0.5555555555555556,0.703126929056069,False,sensitive_or_small,1.7185437247605018
356,2024-09,0,1,False,0.1111111111111111,0.27733547023816446,False,sensitive_or_small,0.4939921494414773
357,2024-09,0,1,False,0.1111111111111111,0.2837322490713507,False,sensitive_or_small,0.7627845176799541
358,2024-09,0,1,False,0.1111111111111111,0.21760297069916007,False,sensitive_or_small,-0.026651491672760597
359,2024-09,0,1,False,0.1111111111111111,0.3129780102105432,False,sensitive_or_small,1.1804873121305737
361,2024-09,0,1,False,0.1111111111111111,0.31009159070216735,False,sensitive_or_small,0.14428880336701533
363,2024-09,0,1,False,0.1111111111111111,0.9203560836949369,False,sensitive_or_small,1.1607266274868633
364,2024-09,0,1,False,0.1111111111111111,0.42645973804973764,False,sensitive_or_small,0.2600728188035889
365,2024-09,0,1,False,0.1111111111111111,1.7669529440804919,False,sensitive_or_small,3.394225266973952
367,2024-09,0,1,False,0.1111111111111111,0.3962807826721166,False,sensitive_or_small,0.1633842420970255
369,2024-09,0,1,False,0.2222222222222222,0.2390131905781167,False,sensitive_or_small,0.6067428541972508
372,2024-09,0,1,False,0.1111111111111111,1.3134519089591494,False,sensitive_or_small,-0.1389463707037797
376,2024-09,0,1,False,0.1111111111111111,1.1274234076837475,False,sensitive_or_small,1.7032978001357446
378,2024-09,0,1,False,0.1111111111111111,0.32417549475747587,False,sensitive_or_small,1.5429614377109824
379,2024-09,2,1,False,0.7777777777777778,0.23635640015578777,False,sensitive_or_small,1.2333434974930086
381,2024-09,0,1,False,0.1111111111111111,0.446635149398777,False,sensitive_or_small,-0.15264370940137328
382,2024-09,0,1,False,0.1111111111111111,0.3748548062477907,False,sensitive_or_small,0.2576905243694111
383,2024-09,0,1,False,0.1111111111111111,0.5620502402007393,False,sensitive_or_small,-0.8895301542012374
387,2024-09,0,1,False,0.7777777777777778,0.2636234144299416,False,sensitive_or_small,0.20776053089597013
390,2024-09,0,1,False,0.1111111111111111,0.49504549538297227,False,sensitive_or_small,3.4357566012089586
391,2024-09,0,1,False,0.1111111111111111,0.2752961695929576,False,sensitive_or_small,1.7545286878079047
393,2024-09,0,1,False,0.1111111111111111,0.4123886944727919,False,sensitive_or_small,1.6780419944568274
397,2024-09,0,1,False,0.6666666666666666,0.20009783650707413,False,sensitive_or_small,0.4500072579771641
401,2024-09,0,1,False,0.7777777777777778,1.2233491737536561,False,sensitive_or_small,3.7621797897784193
404,2024-09,0,1,True,0.7777777777777778,0.6162866388728232,False,sensitive_or_small,3.8642682077633355
408,2024-09,0,1,False,1.0,0.9984790159554695,False,sensitive_or_small,1.1970543582710351
413,2024-09,1,0,False,0.8888888888888888,0.991248599605418,False,sensitive_or_small,2.5381066825522574
423,2024-09,0,1,False,1.0,0.328449481024286,False,sensitive_or_small,0.7058985929667361
424,2024-09,0,1,False,0.1111111111111111,0.30771595285901304,False,sensitive_or_small,-0.558949155323575
425,2024-09,0,1,False,0.1111111111111111,0.3837956448258848,False,sensitive_or_small,-0.4437463611321135
428,2024-09,0,1,False,0.1111111111111111,0.6547721553554737,False,sensitive_or_small,-1.8478588575297494
429,2024-09,0,1,False,0.1111111111111111,0.48542730298550935,False,sensitive_or_small,0.4191868421318884
431,2024-09,0,1,False,0.2222222222222222,0.3020600377746425,False,sensitive_or_small,-0.6801370184648714
432,2024-09,0,1,False,0.1111111111111111,0.16672570650154026,False,sensitive_or_small,-0.04424061216783126
434,2024-09,0,1,False,0.2222222222222222,0.42711867759434463,False,sensitive_or_small,-0.2618923901887005
435,2024-09,0,1,False,0.8888888888888888,0.3783709083195292,False,sensitive_or_small,1.3508266539609708
436,2024-09,0,1,False,0.1111111111111111,0.6741131808874259,False,sensitive_or_small,1.7294319478427438
437,2024-09,0,1,False,0.1111111111111111,0.8660122685808254,False,sensitive_or_small,-0.419013085016387
438,2024-09,0,1,False,0.1111111111111111,0.5116318030199267,False,sensitive_or_small,0.39708298056869984
440,2024-09,0,1,True,0.1111111111111111,0.6493284458501892,False,sensitive_or_small,2.4496160093091355
441,2024-09,0,1,False,0.1111111111111111,0.5839002267851814,False,sensitive_or_small,-0.3975136298697918
442,2024-09,0,1,False,0.1111111111111111,0.38461862657027895,False,sensitive_or_small,0.791075742489275
443,2024-09,0,1,False,1.0,0.22154283142262593,False,sensitive_or_small,-0.23001622139218192
444,2024-09,0,1,False,0.1111111111111111,0.3265125043274551,False,sensitive_or_small,1.0881477055955076
445,2024-09,0,1,False,0.1111111111111111,0.4213930437300786,False,sensitive_or_small,0.4356863397883201
446,2024-09,0,1,False,0.1111111111111111,0.5647693137628118,False,sensitive_or_small,1.5086364733151862
450,2024-09,0,1,False,0.2222222222222222,0.1963616425429658,False,sensitive_or_small,1.5820274570152644
453,2024-09,0,1,False,0.1111111111111111,0.41722861756093715,False,sensitive_or_small,0.7909902583454503
455,2024-09,0,1,False,0.1111111111111111,0.3209645165696292,False,sensitive_or_small,0.29429153903716143
458,2024-09,0,1,False,0.1111111111111111,0.20788116773878168,False,sensitive_or_small,1.819010439563662
459,2024-09,0,1,False,0.1111111111111111,0.38683605281618516,False,sensitive_or_small,0.7777183737138899
460,2024-09,0,1,False,0.5555555555555556,0.31360977644714344,False,sensitive_or_small,-0.6079285711787175
484,2024-09,0,1,False,0.1111111111111111,1.5070179235028542,False,sensitive_or_small,1.0552954097356486
485,2024-09,0,1,False,0.1111111111111111,0.5586700806613083,False,sensitive_or_small,0.5465851076714962
486,2024-09,0,1,False,0.1111111111111111,0.4479908381361052,False,sensitive_or_small,0.6472686821698298
490,2024-09,0,1,False,0.1111111111111111,0.6410163965944298,False,sensitive_or_small,0.12017479114302398
494,2024-09,0,1,False,0.1111111111111111,0.772501391354578,False,sensitive_or_small,3.8484498436119536
496,2024-09,0,1,False,0.1111111111111111,0.6989039684000218,False,sensitive_or_small,0.8926565734518416
497,2024-09,0,1,False,0.8888888888888888,0.29622730741683617,False,sensitive_or_small,1.1519693933973314
499,2024-09,0,1,False,0.1111111111111111,0.930571370983475,False,sensitive_or_small,2.6600243170251447
501,2024-09,0,1,False,0.1111111111111111,0.29669478328037896,False,sensitive_or_small,-0.0062033147762374785
503,2024-09,0,1,False,0.1111111111111111,0.9941228917196855,False,sensitive_or_small,5.1269427890105606
515,2024-09,0,1,True,0.8888888888888888,0.3981476364870111,False,sensitive_or_small,0.2300767058906611
517,2024-09,0,1,False,0.1111111111111111,0.3207733155168953,False,sensitive_or_small,0.6265546561649349
520,2024-09,0,1,False,0.1111111111111111,0.5652547846639931,False,sensitive_or_small,-0.3240602965391082
524,2024-09,0,1,False,0.1111111111111111,0.42328772922743696,False,sensitive_or_small,2.012627214010998
527,2024-09,0,1,False,0.1111111111111111,0.3065938047635942,False,sensitive_or_small,1.2910252368312558
529,2024-09,0,1,False,0.3333333333333333,0.21531295197514475,False,sensitive_or_small,-0.14240706617994203
530,2024-09,0,1,False,0.1111111111111111,0.3412528242364261,False,sensitive_or_small,0.6990687163964587
531,2024-09,0,1,False,0.1111111111111111,0.6789055758822932,False,sensitive_or_small,1.265520197065864
532,2024-09,0,1,False,0.1111111111111111,0.18480859088319257,False,sensitive_or_small,-0.2618701761257891
533,2024-09,0,1,False,0.1111111111111111,0.4835728915416697,False,sensitive_or_small,0.8986020422473401
534,2024-09,0,1,False,0.1111111111111111,0.501740341356687,False,sensitive_or_small,1.340970849690584
535,2024-09,0,1,False,0.2222222222222222,0.2916181205402637,False,sensitive_or_small,0.4074823708293984
536,2024-09,0,1,False,0.1111111111111111,0.41146532765173516,False,sensitive_or_small,0.4953710658868071
537,2024-09,0,1,False,0.1111111111111111,0.7056551442598312,False,sensitive_or_small,0.23310952189690426
539,2024-09,0,1,False,0.1111111111111111,0.5384960857860684,False,sensitive_or_small,0.19268041626110677
540,2024-09,0,1,False,1.0,0.41608536657720646,False,sensitive_or_small,0.744939676623585
542,2024-09,0,1,False,0.1111111111111111,0.9793397497862643,False,sensitive_or_small,2.1239641772964446
543,2024-09,0,1,False,0.1111111111111111,0.21497206527532148,False,sensitive_or_small,0.2337181274625899
544,2024-09,0,1,False,0.1111111111111111,0.444183543581965,False,sensitive_or_small,0.1382446303762469
548,2024-09,0,1,False,0.1111111111111111,0.6513634027570543,False,sensitive_or_small,-0.20469661484963375
550,2024-09,0,1,False,0.1111111111111111,0.4131251757177171,False,sensitive_or_small,0.46380634678249155
552,2024-09,0,1,False,0.1111111111111111,0.38818287777184984,False,sensitive_or_small,1.9178143277902988
557,2024-09,0,1,False,0.1111111111111111,0.5962952175608817,False,sensitive_or_small,1.3515415923875895
558,2024-09,0,1,False,0.1111111111111111,0.9345946982339004,False,sensitive_or_small,0.9556184285085423
559,2024-09,0,1,False,0.1111111111111111,0.19683748807043241,False,sensitive_or_small,0.13353846260328872
560,2024-09,0,1,False,0.1111111111111111,0.34737252574058297,False,sensitive_or_small,-0.15271879884858064
561,2024-09,0,1,False,0.1111111111111111,0.19788629608724978,False,sensitive_or_small,1.2174861798863095
568,2024-09,0,1,False,0.1111111111111111,0.4424241450895532,False,sensitive_or_small,-1.7736550307294596
569,2024-09,0,1,False,0.1111111111111111,0.5122699985553298,False,sensitive_or_small,-0.1097248673072343
571,2024-09,0,1,False,0.1111111111111111,0.30475299009097223,False,sensitive_or_small,0.8231243438301922
574,2024-09,0,1,False,0.4444444444444444,0.34215108851509635,False,sensitive_or_small,0.9224862261769634
584,2024-09,0,1,False,0.3333333333333333,0.30788009352182977,False,sensitive_or_small,1.4058959435161846
591,2024-09,0,1,False,0.2222222222222222,0.36988419440342035,False,sensitive_or_small,2.222277133900878
592,2024-09,0,1,False,0.3333333333333333,0.7599406275731193,False,sensitive_or_small,-0.1225533787316227
593,2024-09,0,1,False,0.1111111111111111,0.4536916546603787,False,sensitive_or_small,0.9560345916048735
595,2024-09,0,1,False,0.2222222222222222,0.311287859416309,False,sensitive_or_small,2.032381819631718
598,2024-09,0,1,False,0.1111111111111111,0.49456471066145036,False,sensitive_or_small,0.900469417473694
599,2024-09,0,1,False,0.5555555555555556,0.17311907396034537,False,sensitive_or_small,1.355997942072415
603,2024-09,0,1,False,0.4444444444444444,0.21535795286463522,False,sensitive_or_small,0.09206890199376094
606,2024-09,0,1,True,0.8888888888888888,0.721013015538556,True,retrospectively_supported,-0.33710762189445853
608,2024-09,1,2,True,0.7777777777777778,0.10186084128033134,False,sensitive_or_small,0.17643102134572985
666,2024-09,1,2,False,1.0,0.14069588786265494,False,sensitive_or_small,1.0117576400492503
669,2024-09,0,1,False,0.1111111111111111,0.31132384594538376,False,sensitive_or_small,2.1735537976761115
680,2024-09,0,1,True,0.5555555555555556,0.19288842528584146,False,sensitive_or_small,0.9291794509147577
685,2024-09,0,1,False,0.8888888888888888,0.2573802369240971,False,sensitive_or_small,-0.9002297084381466
689,2024-09,0,1,False,0.5555555555555556,0.15682361257956534,False,sensitive_or_small,0.9479322918011068
690,2024-09,0,1,False,0.1111111111111111,0.6311991212103853,False,sensitive_or_small,0.2032238089413302
695,2024-09,0,1,False,0.1111111111111111,0.27699592017516506,False,sensitive_or_small,0.9917161841758615
696,2024-09,0,1,False,0.1111111111111111,0.398745855138193,False,sensitive_or_small,1.0368756162179777
698,2024-09,0,1,False,0.1111111111111111,0.32817782202537416,False,sensitive_or_small,0.3920139393268157
699,2024-09,0,1,False,0.1111111111111111,0.5631549296803877,False,sensitive_or_small,0.05019705225690063
703,2024-09,0,1,False,0.1111111111111111,0.33644411036160654,False,sensitive_or_small,0.9341195124848767
704,2024-09,0,1,False,0.1111111111111111,0.37665703064341616,False,sensitive_or_small,0.22690995718800955
711,2024-09,0,1,False,0.1111111111111111,0.3859323856958832,False,sensitive_or_small,0.3434904861154553
712,2024-09,0,1,False,0.1111111111111111,0.7225100862778984,False,sensitive_or_small,-0.8662331109745819
714,2024-09,0,1,False,0.1111111111111111,0.2701753661310655,False,sensitive_or_small,0.6923803981579518
717,2024-09,0,1,False,0.1111111111111111,0.294171419333573,False,sensitive_or_small,1.2965954657016971
722,2024-09,0,1,False,0.1111111111111111,0.20891332034112015,False,sensitive_or_small,0.8801469899164305
725,2024-09,0,1,False,0.2222222222222222,0.2528848974579296,False,sensitive_or_small,0.585038787551273
734,2024-09,0,1,False,0.1111111111111111,0.31391812484100257,False,sensitive_or_small,-0.154755232168996
735,2024-09,0,1,False,0.1111111111111111,0.26929377489020623,False,sensitive_or_small,1.0069974193171294
736,2024-09,0,1,False,0.1111111111111111,0.6094364780097686,False,sensitive_or_small,0.9746979174478781
737,2024-09,0,1,False,0.1111111111111111,0.3276104718178139,False,sensitive_or_small,-1.5491192142061239
738,2024-09,0,1,False,0.1111111111111111,0.24348369983040663,False,sensitive_or_small,0.5044819026001901
739,2024-09,0,1,False,0.1111111111111111,0.16802332127081857,False,sensitive_or_small,0.9416966779670022
743,2024-09,0,1,False,0.1111111111111111,0.43188419586122173,False,sensitive_or_small,-0.07648565440990795
744,2024-09,0,1,False,0.1111111111111111,0.3126051732290121,False,sensitive_or_small,0.3864616672716259
745,2024-09,0,1,False,0.1111111111111111,0.4136289090913206,False,sensitive_or_small,0.24114574295645286
746,2024-09,0,1,False,0.1111111111111111,0.40914812093037506,False,sensitive_or_small,-0.3284450411173867
747,2024-09,0,1,False,0.1111111111111111,0.2865457206196886,False,sensitive_or_small,1.187804340431231
749,2024-09,0,1,False,0.1111111111111111,0.2047064780573228,False,sensitive_or_small,-0.8335914042464948
751,2024-09,0,1,False,0.1111111111111111,0.30281920636034854,False,sensitive_or_small,-0.21978215658149391
752,2024-09,0,1,False,0.1111111111111111,0.39987582907950187,False,sensitive_or_small,-0.0457094559040333
753,2024-09,0,1,False,0.1111111111111111,0.42515123579911324,False,sensitive_or_small,-1.2121961947746562
754,2024-09,0,1,False,0.5555555555555556,0.32073087640343817,False,sensitive_or_small,-0.40313866755087857
755,2024-09,0,1,False,0.1111111111111111,0.35319454581786075,False,sensitive_or_small,0.023377005649438676
756,2024-09,0,1,False,0.2222222222222222,0.1682198068207277,False,sensitive_or_small,-0.16773567315395976
758,2024-09,0,1,False,0.1111111111111111,0.5318045807013664,False,sensitive_or_small,-1.0998322028023477
760,2024-09,0,1,False,0.1111111111111111,0.2689856843954252,False,sensitive_or_small,1.101237255974441
761,2024-09,0,1,False,0.1111111111111111,0.41275933323307884,False,sensitive_or_small,0.7020457849836514
769,2024-09,0,1,False,0.1111111111111111,0.3608537177279105,False,sensitive_or_small,1.3829731145027502
771,2024-09,0,1,False,0.1111111111111111,1.041985607700833,False,sensitive_or_small,0.639187308982224
773,2024-09,0,1,False,0.1111111111111111,0.5521096200909628,False,sensitive_or_small,2.329412622964458
783,2024-09,0,1,False,0.4444444444444444,0.2690727763400773,False,sensitive_or_small,0.23764482314716923
787,2024-09,0,1,False,0.1111111111111111,0.42520499123984384,False,sensitive_or_small,0.5582598954118043
790,2024-09,0,1,False,0.1111111111111111,0.4012888527694562,False,sensitive_or_small,0.4356999129742106
793,2024-09,0,1,False,0.1111111111111111,0.34910601098389876,False,sensitive_or_small,1.389841637370047
795,2024-09,0,1,False,0.2222222222222222,0.32467952300067715,False,sensitive_or_small,0.5878140554611139
797,2024-09,0,1,False,0.1111111111111111,0.5628462202127089,False,sensitive_or_small,1.7645679733617734
798,2024-09,0,1,False,0.3333333333333333,0.2484905802742864,False,sensitive_or_small,0.2636229476583596
800,2024-09,0,1,False,0.3333333333333333,0.4574718749776814,False,sensitive_or_small,0.9945327608263582
802,2024-09,0,1,False,0.4444444444444444,0.5383625960698502,False,sensitive_or_small,0.7911860860038561
804,2024-09,0,1,False,0.2222222222222222,0.44019653872727627,False,sensitive_or_small,0.603439777920331
805,2024-09,0,1,False,0.5555555555555556,0.22358550658097898,False,sensitive_or_small,0.7437515186434083
806,2024-09,0,1,False,0.5555555555555556,0.44650099407920474,False,sensitive_or_small,1.560783362861956
808,2024-09,0,1,False,0.1111111111111111,1.012798000243836,False,sensitive_or_small,2.8538678332946197
810,2024-09,0,1,False,0.5555555555555556,0.19197562807202384,False,sensitive_or_small,1.3182321419415026
812,2024-09,1,2,False,1.0,0.10785300836443634,False,sensitive_or_small,1.7404731913752332
814,2024-09,0,1,False,0.6666666666666666,0.21615243905207698,False,sensitive_or_small,1.4324491913013078
815,2024-09,0,1,False,0.1111111111111111,0.21032946715646092,False,sensitive_or_small,0.8491971965797485
817,2024-09,0,1,False,0.5555555555555556,0.3068114557957192,False,sensitive_or_small,1.0593430896995852
818,2024-09,0,1,True,0.3333333333333333,0.2674699163193334,False,sensitive_or_small,1.558913868346115
821,2024-09,0,1,False,0.5555555555555556,0.2276748765585334,False,sensitive_or_small,1.8252996151273653
822,2024-09,0,1,False,0.5555555555555556,0.22408431526020012,False,sensitive_or_small,0.4909060567001827
823,2024-09,0,1,False,0.5555555555555556,0.22007570058601003,False,sensitive_or_small,1.0698435325292661
825,2024-09,0,1,False,0.5555555555555556,0.2828680825152414,False,sensitive_or_small,1.5066070438185002
832,2024-09,0,1,False,0.5555555555555556,0.2210753807792093,False,sensitive_or_small,2.2465530402208946
834,2024-09,0,1,False,0.5555555555555556,0.3203303507706637,False,sensitive_or_small,0.9313087300166528
849,2024-09,0,1,False,0.3333333333333333,0.38277415477549875,False,sensitive_or_small,0.45516460606321585
870,2024-09,0,1,False,0.2222222222222222,0.317248186478983,False,sensitive_or_small,0.09130533206047897
873,2024-09,0,1,False,0.4444444444444444,0.3523375261856672,False,sensitive_or_small,0.664674421598499
874,2024-09,0,1,False,0.4444444444444444,0.3593993953558091,False,sensitive_or_small,-0.561212724579252
877,2024-09,0,1,False,0.3333333333333333,0.6841991841949269,False,sensitive_or_small,-0.90122233135594
881,2024-09,0,1,False,0.2222222222222222,0.29517375682285,False,sensitive_or_small,0.9266376966095182
883,2024-09,0,1,False,0.5555555555555556,0.3812760964595988,False,sensitive_or_small,-0.17594782132947795
885,2024-09,0,1,False,0.4444444444444444,0.17558481325268738,False,sensitive_or_small,-0.14320332274572606
886,2024-09,0,1,False,0.3333333333333333,0.20047812599350986,False,sensitive_or_small,1.320903461980563
889,2024-09,0,1,False,0.4444444444444444,0.7578440443174489,False,sensitive_or_small,0.9888971002681102
900,2024-09,0,1,False,0.1111111111111111,0.24923224140869096,False,sensitive_or_small,0.8183174394147091
905,2024-09,0,1,False,0.1111111111111111,0.3839183162536224,False,sensitive_or_small,0.42180649403311676
909,2024-09,0,1,False,0.1111111111111111,0.24523692504124073,False,sensitive_or_small,0.9119528564965257
924,2024-09,0,1,False,0.1111111111111111,0.24522948357026814,False,sensitive_or_small,2.2812834217424305
987,2024-09,0,1,True,0.5555555555555556,0.1274273744520162,False,sensitive_or_small,0.06007398545579412
992,2024-09,0,1,False,0.6666666666666666,0.14706052293724406,False,sensitive_or_small,0.6682895218952878
996,2024-09,0,1,True,0.5555555555555556,0.16343340793787242,False,sensitive_or_small,0.08009268792363577
998,2024-09,0,1,True,0.4444444444444444,0.16301237690680231,False,sensitive_or_small,0.6270092907005476
1001,2024-09,0,1,True,0.4444444444444444,0.15794147308544276,False,sensitive_or_small,0.24027303613725626
1005,2024-09,0,1,True,0.5555555555555556,0.2322963700527872,False,sensitive_or_small,0.031116893936164458
1011,2024-09,0,1,True,0.5555555555555556,0.14611728127791698,False,sensitive_or_small,0.7788564161052142
1015,2024-09,0,1,False,0.1111111111111111,0.7096100759309325,False,sensitive_or_small,2.2167978988837045
1016,2024-09,0,1,False,0.1111111111111111,0.2970740130543402,False,sensitive_or_small,0.38694601936656026
1018,2024-09,0,1,False,0.1111111111111111,0.4718016314527481,False,sensitive_or_small,0.9049004345766859
1021,2024-09,0,1,True,0.5555555555555556,0.2380561421439166,False,sensitive_or_small,0.36181284148807114
1039,2024-09,0,1,True,0.5555555555555556,0.2676787231794998,False,sensitive_or_small,1.6551857861596715
1047,2024-09,0,1,False,0.1111111111111111,0.28638501605081446,False,sensitive_or_small,0.23298318023145248
1052,2024-09,0,1,False,0.1111111111111111,0.3560834525251476,False,sensitive_or_small,0.2583218600401921
1055,2024-09,0,1,False,0.1111111111111111,0.3205483237332235,False,sensitive_or_small,0.09214516822007857
1059,2024-09,0,1,False,0.1111111111111111,0.3853419025525266,False,sensitive_or_small,-0.8352500598632351
1063,2024-09,0,1,True,0.5555555555555556,0.44401608949065724,False,sensitive_or_small,-0.09735287475216292
1064,2024-09,0,1,False,0.1111111111111111,0.5642253078978259,False,sensitive_or_small,-1.139726328035215
1065,2024-09,0,1,False,0.2222222222222222,0.3146349624475282,False,sensitive_or_small,-0.8736814470116039
1069,2024-09,0,1,False,0.1111111111111111,0.3171859495020143,False,sensitive_or_small,1.6391699127199595
1070,2024-09,0,1,True,0.5555555555555556,0.3445335368677183,False,sensitive_or_small,1.3391916182478592
1071,2024-09,0,1,True,0.3333333333333333,0.3592845566747698,False,sensitive_or_small,0.24486043782957767
1072,2024-09,0,1,False,0.1111111111111111,0.2630707469360696,False,sensitive_or_small,-0.203172785349498
1109,2024-09,0,1,True,0.8888888888888888,0.13459098095232933,False,sensitive_or_small,0.002600433019075976
1112,2024-09,0,1,False,0.6666666666666666,0.13817596945763544,False,sensitive_or_small,0.022651368715284614
1113,2024-09,0,1,False,0.1111111111111111,0.4841336016927129,False,sensitive_or_small,-0.5198761820106562
1131,2024-09,0,1,True,0.1111111111111111,0.4785157212964832,False,sensitive_or_small,-0.701327898397161
1144,2024-09,0,1,False,0.1111111111111111,0.8565883305829264,False,sensitive_or_small,0.19298644296210088
1146,2024-09,0,1,False,0.1111111111111111,0.363978182381819,False,sensitive_or_small,1.8452438808343075
1148,2024-09,0,1,False,0.1111111111111111,0.3307738785218704,False,sensitive_or_small,-0.07063488087137026
1149,2024-09,0,1,False,0.1111111111111111,0.8328725659285348,False,sensitive_or_small,2.0988915049748313
1150,2024-09,1,2,True,1.0,0.19298112834518583,False,sensitive_or_small,1.0365652243557553
1155,2024-09,0,1,False,0.1111111111111111,0.4154285631651756,False,sensitive_or_small,0.06444034228093587
1157,2024-09,0,1,False,0.1111111111111111,0.15728468640818397,False,sensitive_or_small,1.0774791038920928
1160,2024-09,0,1,False,0.5555555555555556,0.16536948927249764,False,sensitive_or_small,-0.2016130480490902
1163,2024-09,0,1,True,0.8888888888888888,0.8350158111919301,True,retrospectively_supported,1.5254865399049495
1164,2024-09,0,1,False,0.1111111111111111,1.0513298563312847,False,sensitive_or_small,3.5442167132878817
1166,2024-09,0,1,False,0.1111111111111111,0.3731896305436387,False,sensitive_or_small,1.2925718130052415
1167,2024-09,0,1,False,0.1111111111111111,0.3641857508778116,False,sensitive_or_small,0.9313453330044658
1171,2024-09,0,1,False,0.3333333333333333,0.7341383740408067,False,sensitive_or_small,1.4721724288742104
1172,2024-09,0,1,False,0.1111111111111111,0.4123401237513874,False,sensitive_or_small,-1.335438095871913
1174,2024-09,0,1,False,0.1111111111111111,0.3431507445950804,False,sensitive_or_small,-0.6218028813726295
1176,2024-09,2,1,True,0.8888888888888888,0.21398277723385148,False,sensitive_or_small,1.032114490480407
1178,2024-09,0,1,False,0.1111111111111111,1.3332205334256508,False,sensitive_or_small,5.268557444193656
1179,2024-09,0,1,False,0.4444444444444444,0.37227550475317917,False,sensitive_or_small,2.605290214269282
1180,2024-09,0,1,False,0.1111111111111111,0.5815814017370461,False,sensitive_or_small,2.4893669256417175
1185,2024-09,0,1,False,0.1111111111111111,0.18270776110131737,False,sensitive_or_small,0.7908515285806328
1188,2024-09,2,1,True,0.8888888888888888,0.23662397661831266,False,sensitive_or_small,1.0435228253223308
1189,2024-09,0,1,False,0.1111111111111111,0.30400707641342695,False,sensitive_or_small,2.3388086641781323
1192,2024-09,0,1,False,0.1111111111111111,0.27612890924561406,False,sensitive_or_small,1.4152885644677593
1193,2024-09,0,1,False,0.1111111111111111,0.9851703518493901,False,sensitive_or_small,1.475769574405275
1195,2024-09,0,1,False,0.1111111111111111,0.4389378189231676,False,sensitive_or_small,3.6241452687431397
1196,2024-09,0,1,False,0.1111111111111111,1.0175810347042953,False,sensitive_or_small,2.7307831817429298
1207,2024-09,0,1,False,0.5555555555555556,0.2639391113188754,False,sensitive_or_small,0.7181109935822633
1211,2024-09,0,1,False,1.0,0.2349213729887475,False,sensitive_or_small,0.512694024698318
1212,2024-09,0,1,True,0.5555555555555556,0.13669119253643539,False,sensitive_or_small,0.5001287813766409
1221,2024-09,0,1,True,0.5555555555555556,0.770775408749258,False,sensitive_or_small,0.41424596188995577
1228,2024-09,0,1,True,0.7777777777777778,0.4040658430199129,False,sensitive_or_small,0.9382541833819091
1237,2024-09,0,1,False,0.1111111111111111,0.3238759698763282,False,sensitive_or_small,1.4403887357693574
1240,2024-09,0,1,False,1.0,0.4775538213073187,False,sensitive_or_small,-0.5497598222913541
1242,2024-09,0,1,False,0.1111111111111111,0.281612843793744,False,sensitive_or_small,-0.005946517655117112
1244,2024-09,0,1,False,0.1111111111111111,0.25230631133655773,False,sensitive_or_small,0.7542647855921625
1246,2024-09,0,1,False,0.2222222222222222,0.20170238381004757,False,sensitive_or_small,0.5923872822538173
1251,2024-09,0,1,False,0.1111111111111111,0.38447165191709415,False,sensitive_or_small,1.179392343620489
1253,2024-09,0,1,False,0.1111111111111111,0.4055287895489559,False,sensitive_or_small,1.2116837012661086
1254,2024-09,0,1,False,0.8888888888888888,0.45961018767469364,False,sensitive_or_small,0.7978049276417792
1256,2024-09,0,1,True,0.5555555555555556,0.22643276029103704,False,sensitive_or_small,-0.29030829189684026
1259,2024-09,0,1,False,0.1111111111111111,0.2789920424946827,False,sensitive_or_small,-0.09677434240953076
1261,2024-09,0,1,False,0.1111111111111111,0.1800013190048149,False,sensitive_or_small,0.45815288594836245
1262,2024-09,0,1,False,0.1111111111111111,0.31889234814266737,False,sensitive_or_small,0.2975424425783857
1264,2024-09,0,1,False,0.1111111111111111,0.49831288692442033,False,sensitive_or_small,2.433588070829451
1268,2024-09,0,1,False,0.1111111111111111,0.2793824816639439,False,sensitive_or_small,0.2736023758095424
1273,2024-09,0,1,False,0.1111111111111111,0.6825836328735095,False,sensitive_or_small,2.9741101244722983
1274,2024-09,0,1,False,0.1111111111111111,0.5618588013131891,False,sensitive_or_small,-0.9969974542003324
1275,2024-09,0,1,False,0.1111111111111111,0.3573265380264777,False,sensitive_or_small,2.01251776492227
1276,2024-09,0,1,False,0.1111111111111111,0.790024775555108,False,sensitive_or_small,1.4726161056998754
1277,2024-09,0,1,False,0.1111111111111111,0.3133659068135507,False,sensitive_or_small,1.1042528177301614
1278,2024-09,0,1,False,0.1111111111111111,0.88465815725425,False,sensitive_or_small,0.6138361426673788
1279,2024-09,0,1,False,0.1111111111111111,0.30538168495323664,False,sensitive_or_small,0.6133108049731717
1280,2024-09,0,1,False,0.1111111111111111,0.2748816253747546,False,sensitive_or_small,-0.14774365777574516
1289,2024-09,0,1,False,0.1111111111111111,0.17740237515017934,False,sensitive_or_small,0.15101438235966408
1290,2024-09,0,1,False,0.1111111111111111,0.3028837432546126,False,sensitive_or_small,0.6573392026648445
1294,2024-09,0,1,False,0.1111111111111111,0.2223883222707475,False,sensitive_or_small,-1.076580563656107
1296,2024-09,0,1,False,0.1111111111111111,0.5604054187384905,False,sensitive_or_small,1.0169505654302053
1298,2024-09,0,1,False,0.1111111111111111,0.3216059767949626,False,sensitive_or_small,-0.17268978477903152
1299,2024-09,0,1,False,0.1111111111111111,0.4923949396201003,False,sensitive_or_small,0.9215006591997948
1300,2024-09,0,1,False,0.1111111111111111,0.5712067428432699,False,sensitive_or_small,0.5585523452301705
1302,2024-09,0,1,False,0.1111111111111111,0.3619688564335777,False,sensitive_or_small,-0.13002819320834524
1313,2024-09,0,1,False,0.1111111111111111,0.4776201162751513,False,sensitive_or_small,1.3283626815109
1324,2024-09,0,1,False,0.1111111111111111,0.6257744872552977,False,sensitive_or_small,1.7704437201882444
1326,2024-09,0,1,False,0.1111111111111111,0.3750993925003172,False,sensitive_or_small,0.008999522874708621
1327,2024-09,0,1,False,0.1111111111111111,0.44164000625207805,False,sensitive_or_small,-0.6852130355671199
1335,2024-09,0,1,False,0.1111111111111111,0.6480019606072555,False,sensitive_or_small,0.6547136479905069
1337,2024-09,0,1,False,0.1111111111111111,0.7198354892312472,False,sensitive_or_small,-0.3696263778989656
1338,2024-09,0,1,False,0.1111111111111111,0.15003865654483328,False,sensitive_or_small,-0.466274303263714
1339,2024-09,0,1,False,0.1111111111111111,1.1396670113972294,False,sensitive_or_small,-1.5593311322062153
1341,2024-09,0,1,False,0.1111111111111111,0.2407787237291125,False,sensitive_or_small,-0.23000587734731404
1343,2024-09,0,1,False,0.1111111111111111,0.376294747512359,False,sensitive_or_small,-0.21397764915181416
1345,2024-09,0,1,False,0.1111111111111111,0.35523281943723867,False,sensitive_or_small,1.0818648231848582
1347,2024-09,0,1,False,0.1111111111111111,0.5440322537532197,False,sensitive_or_small,-0.006664386242624665
1350,2024-09,0,1,False,0.1111111111111111,0.6402719290235757,False,sensitive_or_small,-0.5348784341663443
1352,2024-09,0,1,False,0.1111111111111111,0.6627765160631576,False,sensitive_or_small,0.17087069062534932
1355,2024-09,0,1,False,0.1111111111111111,0.3997393621856606,False,sensitive_or_small,1.569634315926327
1356,2024-09,0,1,False,0.1111111111111111,0.2575090521995634,False,sensitive_or_small,0.4960275045608392
1357,2024-09,0,1,False,0.1111111111111111,0.20497948126094007,False,sensitive_or_small,0.6525497085608345
1358,2024-09,0,1,False,0.1111111111111111,0.36679544691100907,False,sensitive_or_small,0.3801410554125445
1393,2024-09,0,1,True,0.5555555555555556,0.18531644320409862,False,sensitive_or_small,0.7209880255016204
1394,2024-09,0,1,True,0.5555555555555556,0.18251916405685598,False,sensitive_or_small,0.6652828418580892
1396,2024-09,2,1,True,0.4444444444444444,0.094183546508334,False,sensitive_or_small,0.7175722563171921
1397,2024-09,2,1,False,0.7777777777777778,0.13728553290673365,False,sensitive_or_small,0.8943041323454776
1400,2024-09,2,1,False,0.4444444444444444,0.11416939649437988,False,sensitive_or_small,0.848661712071494
1401,2024-09,0,1,True,0.4444444444444444,0.16158640672944435,False,sensitive_or_small,1.0171542467616979
1402,2024-09,2,1,False,0.2222222222222222,0.09095601773674604,False,sensitive_or_small,0.9832104636277789
1404,2024-09,0,1,True,0.5555555555555556,0.21750955092078256,False,sensitive_or_small,1.2935848624187118
1405,2024-09,0,1,True,0.4444444444444444,0.13943668685892047,False,sensitive_or_small,0.5372200620719275
1406,2024-09,0,1,True,0.5555555555555556,0.20820178063915867,False,sensitive_or_small,0.5158508638060166
1408,2024-09,2,1,True,0.4444444444444444,0.11166124484143972,False,sensitive_or_small,0.7261777346407206
1409,2024-09,2,1,False,0.2222222222222222,0.11603710246357235,False,sensitive_or_small,0.813156794836814
1413,2024-09,0,1,False,1.0,0.19573858120718754,False,sensitive_or_small,-0.38877574832963946
1421,2024-09,0,1,False,0.1111111111111111,0.4920735283325555,False,sensitive_or_small,2.0572746813279306
1425,2024-09,0,1,False,0.1111111111111111,0.5339918302999469,False,sensitive_or_small,-0.7703078992523565
1438,2024-09,0,1,False,0.5555555555555556,0.704104905573097,False,sensitive_or_small,0.45165298266289233
1440,2024-09,2,1,False,0.2222222222222222,0.17044973891101084,False,sensitive_or_small,0.6359304033422469
1446,2024-09,2,1,False,0.2222222222222222,0.09155090148564321,False,sensitive_or_small,0.8434939826358651
1449,2024-09,0,1,True,0.5555555555555556,0.1781534309353985,False,sensitive_or_small,0.22201391125123981
1473,2024-09,0,1,True,0.5555555555555556,0.18459493994939452,False,sensitive_or_small,0.31573858657085174
1477,2024-09,0,1,True,0.3333333333333333,0.10450529908632997,False,sensitive_or_small,0.5653056553547697
1480,2024-09,2,1,False,0.2222222222222222,0.11729154737842176,False,sensitive_or_small,0.7264630027599583
1483,2024-09,0,1,True,0.3333333333333333,0.12362557026289585,False,sensitive_or_small,0.9877556060583381
1484,2024-09,2,1,False,0.2222222222222222,0.08554113481799529,False,sensitive_or_small,0.8853504613713092
1486,2024-09,0,1,True,0.5555555555555556,0.13685710788812508,False,sensitive_or_small,-0.19338950102937014
1489,2024-09,0,1,True,0.3333333333333333,0.11290749951310348,False,sensitive_or_small,0.5655511743926922
1491,2024-09,2,1,False,0.2222222222222222,0.08092175126932999,False,sensitive_or_small,0.41031518406497436
1492,2024-09,2,1,True,0.4444444444444444,0.088901965611021,False,sensitive_or_small,0.663877648772862
1495,2024-09,2,1,True,0.3333333333333333,0.13765797293993218,False,sensitive_or_small,0.04985982168371483
1496,2024-09,2,1,False,0.2222222222222222,0.08548757445842889,False,sensitive_or_small,0.6797496579033169
1504,2024-09,0,1,True,0.8888888888888888,0.2096486761065119,False,sensitive_or_small,0.511111969505465
1526,2024-09,0,1,True,0.3333333333333333,0.15173570738162015,False,sensitive_or_small,0.33634903180143616
1533,2024-09,0,1,False,0.1111111111111111,0.1776628997767329,False,sensitive_or_small,0.18713094668082741
1539,2024-09,0,1,True,0.4444444444444444,0.12451363422250561,False,sensitive_or_small,0.7601165093239326
1540,2024-09,0,1,True,0.4444444444444444,0.15483896202386432,False,sensitive_or_small,0.4481507909332938
1547,2024-09,0,1,False,0.1111111111111111,0.2892355942567273,False,sensitive_or_small,0.5032086949322084
1548,2024-09,0,1,False,0.1111111111111111,0.5345408677415093,False,sensitive_or_small,0.19106918018045593
1553,2024-09,0,1,True,0.4444444444444444,0.1173764420556129,False,sensitive_or_small,0.508884770201512
1557,2024-09,0,1,False,0.1111111111111111,0.36350181473158405,False,sensitive_or_small,-0.2714119002143883
1562,2024-09,0,1,False,0.5555555555555556,0.144036512512972,False,sensitive_or_small,-0.2060993439851111
1563,2024-09,0,1,True,0.4444444444444444,0.20361600131424293,False,sensitive_or_small,-0.03189939821923449
1572,2024-09,0,1,False,0.6666666666666666,0.3073707785601926,False,sensitive_or_small,-0.6317171226138341
1573,2024-09,0,1,False,0.1111111111111111,0.24356049421783516,False,sensitive_or_small,-0.23599791055369523
1577,2024-09,0,1,True,0.8888888888888888,0.15422396526662432,False,sensitive_or_small,-0.27977587625503675
1583,2024-09,0,1,False,0.5555555555555556,0.3342787342882318,False,sensitive_or_small,0.4007921329655967
1588,2024-09,0,1,False,0.1111111111111111,0.6693001318747415,False,sensitive_or_small,0.91381873089936
1591,2024-09,0,1,False,0.1111111111111111,0.487336937747554,False,sensitive_or_small,-0.43947759373009765
1592,2024-09,0,1,True,0.5555555555555556,0.2492131374609596,False,sensitive_or_small,-0.099438484739936
1596,2024-09,0,1,False,0.1111111111111111,0.831239158916403,False,sensitive_or_small,1.8892765314401205
1602,2024-09,0,1,False,0.1111111111111111,0.3897985158975009,False,sensitive_or_small,-0.5694723826538434
1603,2024-09,0,1,True,0.7777777777777778,0.19957317819889273,False,sensitive_or_small,0.28743055844391296
1606,2024-09,0,1,False,0.1111111111111111,0.40555222575517363,False,sensitive_or_small,0.3482356504132228
1608,2024-09,0,1,False,0.1111111111111111,0.3130357436617348,False,sensitive_or_small,1.0962893797048374
1609,2024-09,0,1,False,0.6666666666666666,0.37484698376284187,False,sensitive_or_small,0.0906532554695999
1611,2024-09,0,1,False,1.0,0.16293977316684113,False,sensitive_or_small,0.6250082502396254
1616,2024-09,0,1,False,0.1111111111111111,0.4052973607963334,False,sensitive_or_small,-0.005726472703951324
1619,2024-09,0,1,False,0.1111111111111111,0.27130446817301296,False,sensitive_or_small,1.6252736539164314
1621,2024-09,0,1,False,0.1111111111111111,0.35603379846185534,False,sensitive_or_small,0.4948948417748067
1623,2024-09,0,1,False,1.0,0.19458905108724542,False,sensitive_or_small,0.04128438397349721
1624,2024-09,0,1,False,0.1111111111111111,0.2322108884367678,False,sensitive_or_small,0.9221866754497848
1625,2024-09,0,1,False,0.2222222222222222,0.30513820968767325,False,sensitive_or_small,0.36707601256103506
1628,2024-09,0,1,False,0.1111111111111111,0.3457604197381008,False,sensitive_or_small,0.21467696624252464
1629,2024-09,0,1,False,0.1111111111111111,0.3505626197289997,False,sensitive_or_small,1.0373931145740423
1630,2024-09,0,1,False,0.1111111111111111,0.5181130881501733,False,sensitive_or_small,0.134116365713563
1631,2024-09,0,1,False,0.1111111111111111,0.30656280995583873,False,sensitive_or_small,-0.11858681964863615
1633,2024-09,0,1,False,0.1111111111111111,0.434049546437439,False,sensitive_or_small,1.242364144216429
1634,2024-09,0,1,False,0.1111111111111111,0.2623802973418503,False,sensitive_or_small,-0.3829723320606604
1636,2024-09,0,1,False,0.1111111111111111,0.4120455403488418,False,sensitive_or_small,0.11504691129055056
1637,2024-09,0,1,False,0.1111111111111111,0.34881202662970445,False,sensitive_or_small,0.522651727432577
1638,2024-09,0,1,False,0.1111111111111111,0.27423297852412454,False,sensitive_or_small,0.7903788218879576
1640,2024-09,0,1,False,0.1111111111111111,0.5096820179262168,False,sensitive_or_small,-1.138735169375296
1641,2024-09,0,1,False,0.1111111111111111,0.35797681847093055,False,sensitive_or_small,1.2904892002766122
1643,2024-09,0,1,False,0.1111111111111111,0.33074732090182424,False,sensitive_or_small,-0.5158939826735043
1644,2024-09,0,1,False,0.1111111111111111,0.7429290590427259,False,sensitive_or_small,1.5190201805389325
1645,2024-09,0,1,False,0.1111111111111111,0.4636433613061751,False,sensitive_or_small,1.2659637950625302
1647,2024-09,0,1,False,0.1111111111111111,0.40435459965520926,False,sensitive_or_small,-1.706010572592556
1649,2024-09,0,1,False,0.1111111111111111,0.32995661242114716,False,sensitive_or_small,1.0891146473907125
1658,2024-09,0,1,False,0.1111111111111111,0.21860348794109868,False,sensitive_or_small,1.1208642624430498
1659,2024-09,0,1,False,0.2222222222222222,0.2530695420964681,False,sensitive_or_small,-0.04937286362555193
1660,2024-09,0,1,False,0.1111111111111111,0.6332495269544001,False,sensitive_or_small,-0.463496737998606
1661,2024-09,0,1,False,0.1111111111111111,0.4901703190422834,False,sensitive_or_small,-0.31531187190161347
1674,2024-09,0,1,False,0.4444444444444444,0.25602931809270907,False,sensitive_or_small,-0.9652742472299469
1675,2024-09,0,1,False,0.7777777777777778,0.20245754304634733,False,sensitive_or_small,0.28960147230439326
1682,2024-09,0,1,False,0.1111111111111111,0.6652534305342993,False,sensitive_or_small,2.634669358875541
1688,2024-09,0,1,False,0.1111111111111111,0.4208173939544893,False,sensitive_or_small,0.7176466368816109
1693,2024-09,0,1,False,0.1111111111111111,0.2588104601522157,False,sensitive_or_small,0.20916882008358284
1699,2024-09,0,1,False,0.1111111111111111,0.7445025352304734,False,sensitive_or_small,1.3451681208484223
1740,2024-09,0,1,True,0.6666666666666666,0.24469926588744684,False,sensitive_or_small,0.5718581292378816
1760,2024-09,0,1,False,0.1111111111111111,0.8239828097457459,False,sensitive_or_small,0.7960400570456133
1775,2024-09,0,1,False,0.1111111111111111,0.5155126716429962,False,sensitive_or_small,1.2392842076716786
1778,2024-09,0,1,True,0.5555555555555556,0.3225968919592795,False,sensitive_or_small,0.8210577015310944
1846,2024-09,0,1,True,0.5555555555555556,0.19507704811688595,False,sensitive_or_small,0.024801300223983858
1861,2024-09,0,1,True,0.5555555555555556,0.34169587464346335,False,sensitive_or_small,0.2979549920499813
1876,2024-09,0,1,True,0.4444444444444444,0.17232820464117035,False,sensitive_or_small,0.7923464974337796
1879,2024-09,0,1,True,0.4444444444444444,0.15813696407965522,False,sensitive_or_small,0.8287838853469759
1883,2024-09,0,1,True,0.5555555555555556,0.13346048797093568,False,sensitive_or_small,1.2367820948548214
1906,2024-09,0,1,True,0.8888888888888888,0.4026564186786369,False,sensitive_or_small,0.3441526496295366
1920,2024-09,0,1,True,0.5555555555555556,0.129756787239506,False,sensitive_or_small,0.5082903210709727
1922,2024-09,0,1,False,0.5555555555555556,0.17169365595162847,False,sensitive_or_small,1.3481656527331936
1934,2024-09,0,1,False,0.6666666666666666,0.31839419986144335,False,sensitive_or_small,0.901607598153914
1947,2024-09,0,1,False,0.1111111111111111,0.2415351898623635,False,sensitive_or_small,3.1818880621551138
1948,2024-09,0,1,False,0.1111111111111111,0.2639655992073725,False,sensitive_or_small,0.9348813589070221
1954,2024-09,0,1,False,0.4444444444444444,0.2934725642642087,False,sensitive_or_small,-0.711956318736233
1955,2024-09,0,1,False,0.4444444444444444,0.27556327848309725,False,sensitive_or_small,-0.2852126163714705
1956,2024-09,0,1,False,0.3333333333333333,0.6477334912174185,False,sensitive_or_small,1.515729031563047
1959,2024-09,0,1,False,0.1111111111111111,0.6578193006200385,False,sensitive_or_small,1.9881100693463174
1960,2024-09,0,1,False,0.4444444444444444,0.5689307059026033,False,sensitive_or_small,-0.12265276215190773
1963,2024-09,0,1,False,0.4444444444444444,0.26884142984117837,False,sensitive_or_small,0.5446661393193608
1965,2024-09,0,1,False,0.3333333333333333,0.5795621386603058,False,sensitive_or_small,1.3106555351688058
1967,2024-09,0,1,False,0.4444444444444444,0.2097573874131516,False,sensitive_or_small,0.33326513548697784
1969,2024-09,0,1,False,0.4444444444444444,0.4466692005626091,False,sensitive_or_small,0.2621105801085266
1973,2024-09,0,1,False,0.1111111111111111,0.2802962935399519,False,sensitive_or_small,0.5683971785920672
1979,2024-09,1,2,False,0.2222222222222222,0.13545616859521517,False,sensitive_or_small,0.7880400301365303
1980,2024-09,0,1,True,0.4444444444444444,0.26785350464370195,False,sensitive_or_small,0.04523257348201526
1981,2024-09,0,1,False,0.4444444444444444,0.2952348576072479,False,sensitive_or_small,0.0065927294146478355
1982,2024-09,0,1,True,0.3333333333333333,0.12040222795804088,False,sensitive_or_small,0.6235250514317864
1983,2024-09,0,1,False,0.1111111111111111,0.25945917381302763,False,sensitive_or_small,0.8025054265582726
1996,2024-09,0,1,False,0.1111111111111111,0.25002922810312417,False,sensitive_or_small,0.9659704917789808
1997,2024-09,0,1,False,0.1111111111111111,0.3790870360039933,False,sensitive_or_small,1.3465410177503827
2002,2024-09,0,1,False,0.1111111111111111,0.3014103093579026,False,sensitive_or_small,1.2850139460074184
2011,2024-09,0,1,False,0.5555555555555556,0.24160529774644046,False,sensitive_or_small,0.20460942746510224
2015,2024-09,0,1,False,0.1111111111111111,0.5834661242624046,False,sensitive_or_small,0.5433369582823144
2017,2024-09,0,1,False,0.1111111111111111,0.26842579283851553,False,sensitive_or_small,-0.329896057407425
2019,2024-09,0,1,False,0.1111111111111111,0.2276442570056559,False,sensitive_or_small,0.21075348583969034
2022,2024-09,0,1,False,0.1111111111111111,0.9476195640405898,False,sensitive_or_small,0.4717674521531129
2025,2024-09,0,1,False,0.1111111111111111,0.5239938195071911,False,sensitive_or_small,0.9264019337847734
2028,2024-09,0,1,False,0.1111111111111111,0.3652775725130002,False,sensitive_or_small,-0.7265399518388449
2030,2024-09,0,1,False,0.1111111111111111,0.36135597422911875,False,sensitive_or_small,-0.9116409649855023
2034,2024-09,0,1,False,0.2222222222222222,0.21242265349633288,False,sensitive_or_small,0.3404744050506503
2036,2024-09,0,1,False,0.1111111111111111,0.17776769050282318,False,sensitive_or_small,1.3523532160288982
2037,2024-09,0,1,False,0.1111111111111111,0.40436512174063194,False,sensitive_or_small,1.947108567609429
2041,2024-09,0,1,False,0.1111111111111111,0.40607537622525963,False,sensitive_or_small,-0.15448879255722803
2043,2024-09,0,1,False,0.1111111111111111,0.41347633374324666,False,sensitive_or_small,1.5900478753556435
2047,2024-09,0,1,True,0.4444444444444444,0.1679112805835163,False,sensitive_or_small,0.09261607265379779
2048,2024-09,0,1,True,0.5555555555555556,0.15828868115733657,False,sensitive_or_small,0.1086220731449733
2051,2024-09,0,1,False,0.1111111111111111,0.1680967615969331,False,sensitive_or_small,0.6180632019811394
2059,2024-09,0,1,False,0.1111111111111111,0.34205452247370594,False,sensitive_or_small,2.0634211072170254
2060,2024-09,0,1,False,0.2222222222222222,0.12063797113530157,False,sensitive_or_small,0.41564322361270223
2062,2024-09,0,1,False,0.5555555555555556,0.17052052898752387,False,sensitive_or_small,0.7078654913983434
2068,2024-09,0,1,False,0.1111111111111111,0.4033507575904941,False,sensitive_or_small,1.2657025655518739
2070,2024-09,0,1,True,0.5555555555555556,0.10212469737759397,False,sensitive_or_small,0.3413541848298257
2074,2024-09,0,1,True,0.5555555555555556,0.14486698025386965,False,sensitive_or_small,0.264793586619827
2076,2024-09,0,1,False,0.5555555555555556,0.20485107892802126,False,sensitive_or_small,0.022647752617394046
2108,2024-09,0,1,True,0.5555555555555556,0.23590663194059963,False,sensitive_or_small,0.04910671584068549
2112,2024-09,0,1,False,0.1111111111111111,0.6810861345374503,False,sensitive_or_small,3.5706919544292144
2124,2024-09,0,1,True,0.5555555555555556,0.21568709241699294,False,sensitive_or_small,1.088607793396662
2127,2024-09,0,1,False,0.1111111111111111,0.5566577533441903,False,sensitive_or_small,0.6656525996512064
2132,2024-09,0,1,False,0.1111111111111111,0.5002992813854202,False,sensitive_or_small,0.6226487778349027
2146,2024-09,0,1,True,0.5555555555555556,0.34203293180605554,False,sensitive_or_small,1.0035725424558162
2149,2024-09,0,1,False,0.1111111111111111,0.12644470425475401,False,sensitive_or_small,-0.474919913375349
2150,2024-09,0,1,False,0.1111111111111111,0.38699771610445693,False,sensitive_or_small,0.16241114283978286
2154,2024-09,0,1,False,0.1111111111111111,0.6067051947994447,False,sensitive_or_small,1.6305954487064707
2155,2024-09,0,1,False,0.1111111111111111,0.27064422956972994,False,sensitive_or_small,-0.20916121822334988
2156,2024-09,0,1,False,0.1111111111111111,0.30375733616514417,False,sensitive_or_small,-0.24093641997610937
2157,2024-09,0,1,False,0.1111111111111111,0.4549655437366891,False,sensitive_or_small,1.1369249515142343
2159,2024-09,0,1,False,0.1111111111111111,0.32609603558341377,False,sensitive_or_small,-0.19926283852092497
2163,2024-09,0,1,False,0.1111111111111111,0.4542113971350528,False,sensitive_or_small,0.019738465334320776
2165,2024-09,0,1,True,0.5555555555555556,0.1482275940945942,False,sensitive_or_small,0.585072693155414
2167,2024-09,0,1,True,0.5555555555555556,0.23580568762179926,False,sensitive_or_small,0.24077969757035633
2168,2024-09,0,1,True,0.5555555555555556,0.16869208619940665,False,sensitive_or_small,0.7496211799889407
2173,2024-09,0,1,True,0.5555555555555556,0.16270131922914852,False,sensitive_or_small,0.4833591863209169
2177,2024-09,0,1,True,0.5555555555555556,0.3180178528646319,False,sensitive_or_small,0.9059628650434332
2186,2024-09,0,1,True,0.5555555555555556,0.14324014098063542,False,sensitive_or_small,0.6190305240510174
2188,2024-09,0,1,True,0.4444444444444444,0.15754429473765097,False,sensitive_or_small,0.006957182782438287
2189,2024-09,0,1,True,0.4444444444444444,0.1706769306521779,False,sensitive_or_small,0.33439572541051066
2191,2024-09,0,1,True,0.7777777777777778,0.1410163097060835,False,sensitive_or_small,-0.1477866660877819
2195,2024-09,0,1,False,0.1111111111111111,0.4477366272236995,False,sensitive_or_small,0.46280511155851467
2200,2024-09,0,1,False,0.1111111111111111,0.2580323528677981,False,sensitive_or_small,0.6302429763201611
2201,2024-09,0,1,False,0.1111111111111111,0.23931218344599792,False,sensitive_or_small,0.9789569429063005
2202,2024-09,0,1,False,0.1111111111111111,0.4411677881363444,False,sensitive_or_small,1.7412327496276885
2203,2024-09,0,1,True,0.8888888888888888,0.4961376475124993,False,sensitive_or_small,-0.32201643990417694
2206,2024-09,0,1,False,0.1111111111111111,0.44751326761263704,False,sensitive_or_small,-0.4582299186567995
2210,2024-09,1,2,False,0.2222222222222222,0.28706607381127297,False,sensitive_or_small,0.8859423644118403
2212,2024-09,0,1,False,0.1111111111111111,0.32598264747340727,False,sensitive_or_small,0.3087249950693899
2215,2024-09,0,1,False,0.1111111111111111,0.56725770807663,False,sensitive_or_small,0.576197520415736
2231,2024-09,0,1,False,0.3333333333333333,0.26199495825315294,False,sensitive_or_small,2.3756352346222283
2233,2024-09,0,1,True,0.6666666666666666,0.33299258231156786,False,sensitive_or_small,-0.13365733530977253
2234,2024-09,0,1,False,0.1111111111111111,0.2377322991754102,False,sensitive_or_small,1.6800580845567015
2274,2024-09,0,1,False,0.1111111111111111,0.23578380739081983,False,sensitive_or_small,1.551052742933659
2276,2024-09,0,1,False,0.1111111111111111,0.1818067932150103,False,sensitive_or_small,-0.10411858565078924
2287,2024-09,0,1,False,0.2222222222222222,0.2715296148866536,False,sensitive_or_small,-0.6574071461331987
2292,2024-09,0,1,False,0.1111111111111111,0.44401761479344976,False,sensitive_or_small,-1.4991072184361076
2294,2024-09,0,1,False,0.1111111111111111,0.3081052951689314,False,sensitive_or_small,0.9088887344687852
2295,2024-09,0,1,False,0.1111111111111111,0.15887801266230875,False,sensitive_or_small,0.5012764370027845
2296,2024-09,0,1,False,0.1111111111111111,0.5299378618317462,False,sensitive_or_small,-0.29383851509884595
2297,2024-09,0,1,False,0.1111111111111111,0.3459120994212559,False,sensitive_or_small,-0.6402836350372532
2302,2024-09,0,1,False,0.1111111111111111,0.7996892353738879,False,sensitive_or_small,-1.450152847852701
2304,2024-09,0,1,False,0.1111111111111111,0.6197761971442827,False,sensitive_or_small,0.9355149685016051
2305,2024-09,0,1,False,0.1111111111111111,0.43910417823206843,False,sensitive_or_small,0.5508797219149597
2307,2024-09,0,1,False,0.1111111111111111,0.6209133773054383,False,sensitive_or_small,0.21592370013387152
2308,2024-09,0,1,False,0.1111111111111111,0.5226402674801403,False,sensitive_or_small,-0.4678891708729954
2314,2024-09,0,1,False,0.1111111111111111,0.5722550817237642,False,sensitive_or_small,0.8631238729815638
2316,2024-09,0,1,False,0.1111111111111111,0.6168724632462234,False,sensitive_or_small,0.4000652739506977
2317,2024-09,0,1,False,0.1111111111111111,0.5021902738623165,False,sensitive_or_small,2.204919517508114
2325,2024-09,0,1,False,0.1111111111111111,0.2604535780951294,False,sensitive_or_small,0.5306984980937873
2326,2024-09,0,1,False,0.1111111111111111,0.5405302892846213,False,sensitive_or_small,1.192660892923586
2330,2024-09,0,1,False,0.1111111111111111,0.5494135288012972,False,sensitive_or_small,3.112595117420866
2332,2024-09,0,1,False,0.1111111111111111,0.47250227029005953,False,sensitive_or_small,0.19020401057123493
2334,2024-09,0,1,False,1.0,0.915181440409799,False,sensitive_or_small,2.0265993982450716
2336,2024-09,0,1,True,0.5555555555555556,0.1659348268016384,False,sensitive_or_small,0.39018174122763816
2340,2024-09,0,1,False,1.0,0.5525619422785558,False,sensitive_or_small,1.427189751239652
2392,2024-09,2,1,False,0.7777777777777778,0.08319037582115237,False,sensitive_or_small,1.0066601314888846
2395,2024-09,2,1,True,0.7777777777777778,0.34110799870765224,False,sensitive_or_small,2.4195733004766824
2403,2024-09,2,1,False,0.7777777777777778,0.10975179142576251,False,sensitive_or_small,0.987076032368972
2410,2024-09,2,1,False,0.7777777777777778,0.15736971861435328,False,sensitive_or_small,1.2499786409115283
2591,2024-09,2,1,True,0.2222222222222222,0.35729052408146805,False,sensitive_or_small,0.41828366264785033
2596,2024-09,2,1,False,0.2222222222222222,0.28680561422732664,False,sensitive_or_small,1.4081571386394653
2597,2024-09,2,1,False,0.2222222222222222,0.21758391434127916,False,sensitive_or_small,1.2217847860217206
2598,2024-09,0,1,True,0.4444444444444444,0.2383230443139026,False,sensitive_or_small,0.8534734212601647
2601,2024-09,2,1,False,0.1111111111111111,0.5521837033571712,False,sensitive_or_small,1.1468648046962988
2606,2024-09,2,1,False,0.2222222222222222,0.17950035657175398,False,sensitive_or_small,1.3488083686511665
2619,2024-09,0,1,True,0.4444444444444444,0.16009288428931598,False,sensitive_or_small,-0.10093616278348261
2644,2024-09,2,1,False,0.6666666666666666,0.07805760080705819,False,sensitive_or_small,0.644526053089528
2648,2024-09,2,1,False,0.2222222222222222,0.21343556004009162,False,sensitive_or_small,0.5628201483646011
2652,2024-09,2,1,False,0.2222222222222222,0.18416842722866095,False,sensitive_or_small,0.5712924795603119
2710,2024-09,0,1,True,0.5555555555555556,0.17903723217341005,False,sensitive_or_small,0.5996330475734113
2808,2024-09,2,1,False,0.2222222222222222,0.11712278783230423,False,sensitive_or_small,0.5156344240060007
2813,2024-09,0,1,True,0.4444444444444444,0.14053330899726513,False,sensitive_or_small,0.04932241784840474
2879,2024-09,2,1,True,0.7777777777777778,0.1357477787530952,False,sensitive_or_small,2.72761709201744
2883,2024-09,0,1,True,0.5555555555555556,0.13616833227690317,False,sensitive_or_small,0.4379069129126473
2884,2024-09,0,1,True,0.4444444444444444,0.12462508476606902,False,sensitive_or_small,0.11883898722609976
2886,2024-09,0,1,False,0.1111111111111111,0.20980935383598934,False,sensitive_or_small,1.624911818780922
3012,2024-09,0,1,False,0.1111111111111111,0.18585297845138118,False,sensitive_or_small,0.070420050527914
3013,2024-09,2,1,False,0.2222222222222222,0.11228256505729835,False,sensitive_or_small,0.8674489147379921
4,2024-10,1,0,True,0.6666666666666666,0.31277900151870763,False,sensitive_or_small,2.128634621233014
7,2024-10,2,1,True,0.7777777777777778,0.10487814301028689,False,sensitive_or_small,0.9622770661984303
9,2024-10,1,0,True,0.1111111111111111,0.4758565434139093,False,sensitive_or_small,-0.2367427745548184
14,2024-10,1,0,True,0.1111111111111111,0.3262046333717991,False,sensitive_or_small,0.41658460638979156
18,2024-10,1,0,False,0.1111111111111111,0.2760145921036041,False,sensitive_or_small,-0.5842710347477575
20,2024-10,1,0,True,0.1111111111111111,0.704084643149106,False,sensitive_or_small,0.5961905589913219
30,2024-10,1,0,True,0.1111111111111111,0.32560031236295184,False,sensitive_or_small,0.006778735435716832
31,2024-10,1,0,True,0.1111111111111111,0.208499575945287,False,sensitive_or_small,0.14547275551731742
32,2024-10,1,0,True,0.1111111111111111,0.4060942455912457,False,sensitive_or_small,0.8043963944035837
33,2024-10,1,0,True,0.1111111111111111,0.453731235310579,False,sensitive_or_small,1.1968638416296669
36,2024-10,1,0,True,0.1111111111111111,0.2438189207495894,False,sensitive_or_small,0.8307635218353399
37,2024-10,1,0,True,0.1111111111111111,0.41016348651726914,False,sensitive_or_small,-0.11860712074301949
39,2024-10,1,0,True,0.2222222222222222,0.5356855615770059,False,sensitive_or_small,2.3427327427211346
41,2024-10,1,0,True,0.1111111111111111,0.38702301512465404,False,sensitive_or_small,0.7274068994546662
43,2024-10,1,0,True,0.1111111111111111,0.3794582073143083,False,sensitive_or_small,0.689316121342648
45,2024-10,1,0,True,0.1111111111111111,0.24537158190668254,False,sensitive_or_small,0.468892083663891
47,2024-10,1,0,True,0.1111111111111111,0.42809344399305604,False,sensitive_or_small,2.382628694572422
48,2024-10,1,0,True,0.1111111111111111,0.5073046790031203,False,sensitive_or_small,0.8372879961284663
49,2024-10,1,0,True,0.1111111111111111,0.310465349346941,False,sensitive_or_small,0.06693869441425637
52,2024-10,1,0,True,0.1111111111111111,0.5738700257709933,False,sensitive_or_small,0.9758973390775888
54,2024-10,1,0,True,0.8888888888888888,0.3528186377915514,False,sensitive_or_small,1.7818503014021463
56,2024-10,1,0,True,0.8888888888888888,0.3063121461241066,False,sensitive_or_small,1.9775417615573248
58,2024-10,1,0,True,0.1111111111111111,0.29653846944964446,False,sensitive_or_small,0.035273771436170054
59,2024-10,1,0,True,0.1111111111111111,0.3341672157034544,False,sensitive_or_small,1.33341327549365
60,2024-10,1,0,True,0.1111111111111111,0.28263571998898807,False,sensitive_or_small,1.7091836400741882
61,2024-10,1,0,True,0.2222222222222222,0.17989128026208512,False,sensitive_or_small,0.7487253641019459
63,2024-10,1,0,True,0.1111111111111111,0.24108545112708066,False,sensitive_or_small,0.19609726834333985
65,2024-10,1,0,True,0.1111111111111111,0.34227813290301573,False,sensitive_or_small,1.5536108815888794
68,2024-10,1,0,True,0.1111111111111111,0.8373465481300528,False,sensitive_or_small,0.5837321259334088
69,2024-10,1,0,True,0.7777777777777778,0.5873446510111695,False,sensitive_or_small,1.0234488906191914
71,2024-10,1,0,True,0.1111111111111111,0.44283303275630476,False,sensitive_or_small,-0.0421378957481261
72,2024-10,1,0,True,0.1111111111111111,0.9122522251470765,False,sensitive_or_small,1.4489432118798162
74,2024-10,1,0,True,0.7777777777777778,0.3939607875180755,False,sensitive_or_small,1.030077440814328
78,2024-10,1,0,True,0.1111111111111111,1.634998314270518,False,sensitive_or_small,-0.7177831714316768
80,2024-10,1,0,True,0.1111111111111111,0.41418595207056536,False,sensitive_or_small,0.055419132852146946
82,2024-10,1,0,True,0.1111111111111111,1.0439561297788984,False,sensitive_or_small,0.4986797544285798
168,2024-10,1,2,False,0.6666666666666666,0.6121733985537947,False,sensitive_or_small,0.6406800233205306
185,2024-10,1,0,True,1.0,0.7377837310738217,True,retrospectively_supported,2.8050395461071354
201,2024-10,1,0,True,0.1111111111111111,0.30329879262207726,False,sensitive_or_small,1.4220259872867929
204,2024-10,1,0,True,0.7777777777777778,0.32065759104443486,False,sensitive_or_small,0.22737984687204726
205,2024-10,1,0,True,0.1111111111111111,0.206016582443113,False,sensitive_or_small,1.3445575204013516
220,2024-10,1,0,True,0.1111111111111111,0.1893821260233252,False,sensitive_or_small,1.8815126050420155
227,2024-10,1,0,True,0.5555555555555556,0.20242338966408832,False,sensitive_or_small,0.7422753742168275
230,2024-10,1,0,True,0.1111111111111111,0.2784943207143001,False,sensitive_or_small,0.279106842425203
232,2024-10,1,0,True,0.1111111111111111,0.5339377990630881,False,sensitive_or_small,2.023219069513249
234,2024-10,1,0,True,0.4444444444444444,0.17995491310561962,False,sensitive_or_small,0.7343068168803008
235,2024-10,1,0,True,0.1111111111111111,0.18786016358407723,False,sensitive_or_small,1.8780379184466123
236,2024-10,1,0,True,0.1111111111111111,0.17739774216234952,False,sensitive_or_small,1.0716017223839913
237,2024-10,1,0,True,0.4444444444444444,0.2593023602143731,False,sensitive_or_small,0.032405993377565556
240,2024-10,1,0,True,0.1111111111111111,0.333611145880456,False,sensitive_or_small,1.2170537861220132
241,2024-10,1,0,True,0.1111111111111111,0.22834494377434428,False,sensitive_or_small,0.5055399148331807
242,2024-10,1,0,True,0.1111111111111111,0.4049572313370698,False,sensitive_or_small,0.51659564971622
243,2024-10,1,0,True,0.1111111111111111,0.8295013961538353,False,sensitive_or_small,0.4527495432105344
270,2024-10,1,0,True,0.1111111111111111,0.325565665916207,False,sensitive_or_small,0.6628488479630462
272,2024-10,1,0,True,0.1111111111111111,0.5343564437925189,False,sensitive_or_small,3.5533963865334584
273,2024-10,1,0,True,0.1111111111111111,0.29585060258962687,False,sensitive_or_small,1.7247517510093235
274,2024-10,1,0,True,0.1111111111111111,0.1602023437535559,False,sensitive_or_small,0.5503404878889756
276,2024-10,1,0,True,0.1111111111111111,0.5026233864660803,False,sensitive_or_small,1.8910563848770074
277,2024-10,1,0,True,0.1111111111111111,0.7020378327134945,False,sensitive_or_small,-3.775952327819865
280,2024-10,1,0,True,0.1111111111111111,0.4269921192785342,False,sensitive_or_small,1.1546018493701378
281,2024-10,1,0,True,0.1111111111111111,1.0136002655538168,False,sensitive_or_small,2.038966121875924
282,2024-10,1,0,True,0.1111111111111111,0.6271539063759636,False,sensitive_or_small,2.412950763776356
283,2024-10,1,0,True,0.8888888888888888,0.4825953734994717,False,sensitive_or_small,1.9514302487500468
295,2024-10,1,0,True,0.1111111111111111,0.474297314265389,False,sensitive_or_small,1.0288683340281546
314,2024-10,1,0,True,0.1111111111111111,0.15252805028327318,False,sensitive_or_small,0.0743246180637605
317,2024-10,1,0,True,0.1111111111111111,0.29838618083482416,False,sensitive_or_small,0.0942042987728986
319,2024-10,1,0,True,0.5555555555555556,0.8769462416893684,False,sensitive_or_small,1.8713475251705087
320,2024-10,1,0,True,0.1111111111111111,0.27625293765514974,False,sensitive_or_small,0.8919334480984059
321,2024-10,1,0,True,0.4444444444444444,0.7027173086084879,False,sensitive_or_small,-1.4797970687269735
324,2024-10,1,0,True,0.5555555555555556,0.7304966685431933,False,sensitive_or_small,-0.885626636677693
329,2024-10,1,0,True,0.4444444444444444,0.6068972144358326,False,sensitive_or_small,-0.18674737095470267
332,2024-10,1,0,False,0.5555555555555556,0.4450187524416202,False,sensitive_or_small,-0.34783513891735035
334,2024-10,1,0,False,0.4444444444444444,0.9745217986443461,False,sensitive_or_small,-0.53501326577041
335,2024-10,1,0,True,0.5555555555555556,0.29901955032850636,False,sensitive_or_small,-0.24095907742310366
336,2024-10,1,0,True,0.3333333333333333,0.6502502687782696,False,sensitive_or_small,0.5798107844712561
337,2024-10,1,0,True,0.1111111111111111,0.3594220108013922,False,sensitive_or_small,0.5110212653065314
338,2024-10,1,0,True,0.1111111111111111,0.37833499347566707,False,sensitive_or_small,-1.6894509726588334
339,2024-10,1,0,True,0.1111111111111111,0.8677676480876971,False,sensitive_or_small,-0.8098251682792802
340,2024-10,1,0,True,0.1111111111111111,0.271636185623069,False,sensitive_or_small,-2.5559791882001597
341,2024-10,1,0,True,0.5555555555555556,1.1685082917073493,False,sensitive_or_small,0.5596680071681299
342,2024-10,1,0,True,0.4444444444444444,0.4581154468960251,False,sensitive_or_small,-1.0091914806277011
343,2024-10,1,0,True,0.1111111111111111,0.4575722166658633,False,sensitive_or_small,-0.5315418822548545
347,2024-10,1,2,False,0.8888888888888888,0.6467320600610376,False,sensitive_or_small,0.16969991014232633
349,2024-10,1,0,True,1.0,0.8516583363670134,True,retrospectively_supported,1.0410150175743427
356,2024-10,1,0,True,0.1111111111111111,0.35828600048708686,False,sensitive_or_small,-0.014719568804047456
357,2024-10,1,0,True,0.1111111111111111,0.2277822747406557,False,sensitive_or_small,0.38864342283082
358,2024-10,1,0,True,0.1111111111111111,0.3303663121700037,False,sensitive_or_small,1.700881127964915
359,2024-10,1,0,True,0.1111111111111111,0.542410436292049,False,sensitive_or_small,1.9664119019607629
361,2024-10,1,0,True,0.1111111111111111,0.42610245457595936,False,sensitive_or_small,2.3960523675033234
363,2024-10,1,0,True,0.1111111111111111,0.6680079862870422,False,sensitive_or_small,-1.5509994559141038
364,2024-10,1,0,True,0.1111111111111111,0.2320893197715774,False,sensitive_or_small,1.3005612806160998
365,2024-10,1,0,True,0.1111111111111111,1.347933244376835,False,sensitive_or_small,0.331549589652852
367,2024-10,1,0,True,0.1111111111111111,0.44837917029569674,False,sensitive_or_small,1.9656943654316557
369,2024-10,1,0,True,0.2222222222222222,0.2507509854068536,False,sensitive_or_small,1.0408004412330252
372,2024-10,1,0,True,0.1111111111111111,0.40742879422481343,False,sensitive_or_small,0.4912153575242828
376,2024-10,1,0,True,0.1111111111111111,0.5011220122134347,False,sensitive_or_small,1.1334083781020716
378,2024-10,1,0,True,0.1111111111111111,0.28741442206028006,False,sensitive_or_small,0.8678883597602327
379,2024-10,1,2,False,0.7777777777777778,0.27778008375106295,False,sensitive_or_small,0.9502840041235722
381,2024-10,1,0,True,0.1111111111111111,0.37940482446421964,False,sensitive_or_small,1.5212967501042618
382,2024-10,1,0,True,0.1111111111111111,0.1511594607834861,False,sensitive_or_small,0.6301177397080526
383,2024-10,1,0,True,0.1111111111111111,0.6484338595421614,False,sensitive_or_small,2.002317184011826
387,2024-10,1,0,True,0.7777777777777778,0.18203250532383106,False,sensitive_or_small,1.279685217724219
388,2024-10,1,0,True,0.6666666666666666,0.2498757138063882,False,sensitive_or_small,1.549405158451131
390,2024-10,1,0,True,0.1111111111111111,0.36599259771031234,False,sensitive_or_small,-1.0890483114866734
391,2024-10,1,0,True,0.1111111111111111,0.3912467598028351,False,sensitive_or_small,0.8011776541030913
393,2024-10,1,0,True,0.1111111111111111,0.5919400973545981,False,sensitive_or_small,0.28977496813717973
397,2024-10,1,0,False,0.6666666666666666,0.17203669617866177,False,sensitive_or_small,1.6339051732675025
401,2024-10,1,0,True,1.0,1.0369612676882904,True,retrospectively_supported,-1.925817833746546
408,2024-10,1,0,True,1.0,0.8010090292886652,True,retrospectively_supported,-1.8078682060360673
413,2024-10,0,1,True,0.8888888888888888,0.893147454683534,True,retrospectively_supported,0.7181575002458807
423,2024-10,1,0,True,1.0,0.3881858234470918,False,sensitive_or_small,1.1521703467059745
424,2024-10,1,0,True,0.1111111111111111,0.38399187085998926,False,sensitive_or_small,2.06969226200799
425,2024-10,1,0,True,0.1111111111111111,0.24465358729688655,False,sensitive_or_small,0.7565975640059203
428,2024-10,1,0,True,0.1111111111111111,0.7571748453000016,False,sensitive_or_small,1.4150049587119158
429,2024-10,1,0,True,0.1111111111111111,0.9406631311305548,False,sensitive_or_small,1.2233306298901347
431,2024-10,1,0,True,0.2222222222222222,0.12713269260823595,False,sensitive_or_small,0.3115074952740715
432,2024-10,1,0,True,0.1111111111111111,0.3485772050651846,False,sensitive_or_small,2.3344820890426385
434,2024-10,1,0,True,0.2222222222222222,0.39626040809417445,False,sensitive_or_small,1.658033622164798
435,2024-10,1,0,True,0.8888888888888888,0.22621300553264884,False,sensitive_or_small,-0.3550799752272682
436,2024-10,1,0,True,0.1111111111111111,1.026565216058195,False,sensitive_or_small,1.494461419131396
437,2024-10,1,0,True,0.1111111111111111,0.6832492061570354,False,sensitive_or_small,3.145742526807946
438,2024-10,1,0,True,0.1111111111111111,0.5636992772729603,False,sensitive_or_small,2.805545021251837
441,2024-10,1,0,True,0.1111111111111111,0.6605537647839932,False,sensitive_or_small,-0.29650503876588463
442,2024-10,1,0,True,0.1111111111111111,0.4245125135395685,False,sensitive_or_small,-0.5894268655074864
443,2024-10,1,0,False,0.8888888888888888,0.39900051761969557,False,sensitive_or_small,1.9025245453602206
444,2024-10,1,0,True,0.1111111111111111,0.3185116806422738,False,sensitive_or_small,1.2051779426249825
445,2024-10,1,0,True,0.1111111111111111,0.8977768621190773,False,sensitive_or_small,1.8676777290917852
446,2024-10,1,0,True,0.1111111111111111,0.5211585457854583,False,sensitive_or_small,-0.018188445170111422
450,2024-10,1,0,True,0.2222222222222222,0.1975837256665601,False,sensitive_or_small,0.33743740821525203
453,2024-10,1,0,True,0.1111111111111111,0.5828269452635406,False,sensitive_or_small,0.7808742448622591
455,2024-10,1,0,True,0.1111111111111111,0.2970506311395178,False,sensitive_or_small,0.35904338910739686
458,2024-10,1,0,True,0.1111111111111111,0.4821960358376376,False,sensitive_or_small,-1.0994366121217043
459,2024-10,1,0,True,0.1111111111111111,0.28116011293931065,False,sensitive_or_small,-0.12528376423448784
460,2024-10,1,0,True,0.5555555555555556,0.2596921979015095,False,sensitive_or_small,1.1531216989669497
484,2024-10,1,0,True,0.1111111111111111,0.791599489109726,False,sensitive_or_small,2.2725596086762097
485,2024-10,1,0,False,0.1111111111111111,0.5271949179901295,False,sensitive_or_small,0.7881357850373583
486,2024-10,1,0,True,0.1111111111111111,0.31836127965732325,False,sensitive_or_small,1.623817644722489
490,2024-10,1,0,True,0.1111111111111111,0.6656621079374143,False,sensitive_or_small,1.2219011697991249
491,2024-10,1,0,True,0.1111111111111111,0.34900034426564114,False,sensitive_or_small,2.8949896231975996
494,2024-10,1,0,True,0.1111111111111111,0.489499874672957,False,sensitive_or_small,-0.7101809902455264
496,2024-10,1,0,True,0.1111111111111111,0.4802246580622858,False,sensitive_or_small,2.951120147186756
497,2024-10,1,0,False,0.8888888888888888,0.19149597316620415,False,sensitive_or_small,0.9051526612553651
499,2024-10,1,0,True,0.1111111111111111,0.8269228746356171,False,sensitive_or_small,-0.9295589337037197
501,2024-10,1,0,True,0.1111111111111111,0.3152416577773283,False,sensitive_or_small,0.8317853905458528
503,2024-10,1,0,True,0.1111111111111111,0.7401837242134118,False,sensitive_or_small,-2.786173182348378
512,2024-10,0,1,True,0.5555555555555556,0.24161286975334534,False,sensitive_or_small,0.501416474716776
517,2024-10,1,0,False,0.1111111111111111,0.2940364566737747,False,sensitive_or_small,0.03243172702917241
520,2024-10,1,0,True,0.1111111111111111,0.4601331884634581,False,sensitive_or_small,1.66400366099613
524,2024-10,1,0,True,0.1111111111111111,0.25285145497377354,False,sensitive_or_small,0.9227103966504613
527,2024-10,1,0,True,0.1111111111111111,0.34395982915963164,False,sensitive_or_small,-0.559733157925818
529,2024-10,1,0,True,0.3333333333333333,0.23264931738645314,False,sensitive_or_small,0.5254796492458552
530,2024-10,1,0,True,0.1111111111111111,0.43081521371460446,False,sensitive_or_small,0.34872810948968214
531,2024-10,1,0,True,0.1111111111111111,0.5729224925700168,False,sensitive_or_small,0.44334499309286457
532,2024-10,1,0,True,0.1111111111111111,0.33402297163786704,False,sensitive_or_small,1.7847955329136216
533,2024-10,1,0,True,0.1111111111111111,0.4725291473984965,False,sensitive_or_small,0.03480250272072105
534,2024-10,1,0,True,0.1111111111111111,0.5165515571634915,False,sensitive_or_small,-0.9623521775199928
535,2024-10,1,0,True,0.2222222222222222,0.23438761859339624,False,sensitive_or_small,0.27587822931585404
536,2024-10,1,0,True,0.1111111111111111,0.2780162759035493,False,sensitive_or_small,0.22685376939610147
537,2024-10,1,0,True,0.1111111111111111,0.6360617454474785,False,sensitive_or_small,0.20158938813881755
539,2024-10,1,0,True,0.1111111111111111,0.6533685266235569,False,sensitive_or_small,1.9427590034016506
540,2024-10,1,0,True,1.0,0.4507456825388047,False,sensitive_or_small,1.0007493071495843
542,2024-10,1,0,True,0.1111111111111111,0.2370374785763183,False,sensitive_or_small,1.8433140233235723
543,2024-10,1,0,True,0.1111111111111111,0.29663255998148413,False,sensitive_or_small,1.3648297495811228
544,2024-10,1,0,True,0.1111111111111111,0.3588858934904411,False,sensitive_or_small,0.04647573930519899
548,2024-10,1,0,True,0.1111111111111111,0.41464476392053357,False,sensitive_or_small,0.3393469785380604
550,2024-10,1,0,True,0.1111111111111111,0.5289886868747178,False,sensitive_or_small,2.0847357134481244
552,2024-10,1,0,True,0.1111111111111111,0.44174328197975266,False,sensitive_or_small,-0.12874218797078452
554,2024-10,1,0,False,0.8888888888888888,0.4487605201901161,False,sensitive_or_small,1.1364130249087667
556,2024-10,1,0,True,0.1111111111111111,0.6948353639745997,False,sensitive_or_small,0.3222795776425258
557,2024-10,1,0,True,0.1111111111111111,0.45341238579433707,False,sensitive_or_small,-0.46625419860820694
558,2024-10,1,0,True,0.1111111111111111,0.6254143926563163,False,sensitive_or_small,2.0428759664695706
559,2024-10,1,0,True,0.1111111111111111,0.35435657874002174,False,sensitive_or_small,1.851339149351769
560,2024-10,1,0,True,0.1111111111111111,0.5043362834105979,False,sensitive_or_small,1.4468726760103494
561,2024-10,1,0,True,0.1111111111111111,0.2978965596625238,False,sensitive_or_small,1.701972323818071
568,2024-10,1,0,True,0.1111111111111111,0.2805808444178966,False,sensitive_or_small,1.7767137111555642
569,2024-10,1,0,True,0.1111111111111111,0.4839356924753402,False,sensitive_or_small,1.25548008367167
571,2024-10,1,0,True,0.1111111111111111,0.19692113285723467,False,sensitive_or_small,0.8804587714211526
574,2024-10,1,0,True,1.0,0.2045959445662304,False,sensitive_or_small,1.0519563408241202
582,2024-10,1,0,True,0.4444444444444444,0.45016033839091535,False,sensitive_or_small,0.37538473099277964
583,2024-10,1,0,True,0.1111111111111111,0.48803707133760654,False,sensitive_or_small,-1.7467658796635712
584,2024-10,1,0,True,0.3333333333333333,0.22241095709132802,False,sensitive_or_small,1.0703542860173179
587,2024-10,1,0,True,0.4444444444444444,0.6220955570679602,False,sensitive_or_small,1.9191164449589708
588,2024-10,1,0,True,0.3333333333333333,0.2431265780053761,False,sensitive_or_small,1.2821313534067929
591,2024-10,1,0,True,0.2222222222222222,0.3870284078593317,False,sensitive_or_small,0.2963948824651397
592,2024-10,1,0,False,0.3333333333333333,0.777714336579239,False,sensitive_or_small,1.4729193836642507
593,2024-10,1,0,True,0.1111111111111111,0.2130439709782488,False,sensitive_or_small,1.6002387583263167
594,2024-10,1,0,True,0.4444444444444444,0.17557238260942068,False,sensitive_or_small,0.19280180739089242
595,2024-10,1,0,True,0.2222222222222222,0.3069063605730773,False,sensitive_or_small,1.1605381992636303
598,2024-10,1,0,True,0.1111111111111111,0.5264212246978659,False,sensitive_or_small,1.832818738458948
599,2024-10,1,0,True,0.5555555555555556,0.3178393761673291,False,sensitive_or_small,2.0714482677400308
600,2024-10,1,0,True,0.3333333333333333,0.43339294149279384,False,sensitive_or_small,1.2966619342555914
602,2024-10,1,0,True,0.1111111111111111,1.3625469601638591,False,sensitive_or_small,4.024943241497274
603,2024-10,1,0,True,0.4444444444444444,0.24256666309537497,False,sensitive_or_small,1.1958070702462922
615,2024-10,1,0,True,0.3333333333333333,0.7067438492012168,False,sensitive_or_small,0.444756693535045
616,2024-10,1,0,True,0.3333333333333333,0.2406369278898022,False,sensitive_or_small,0.22897116418014452
619,2024-10,1,0,False,0.4444444444444444,0.7823042110386278,False,sensitive_or_small,1.2457249981869145
621,2024-10,1,0,True,0.5555555555555556,1.379264037070635,False,sensitive_or_small,0.5074662309866029
666,2024-10,2,1,False,0.8888888888888888,0.10291780745410357,False,sensitive_or_small,0.2515969904652887
669,2024-10,1,0,True,0.1111111111111111,0.19619655976894249,False,sensitive_or_small,-0.36801945086946397
685,2024-10,1,0,True,0.8888888888888888,0.32016388393290196,False,sensitive_or_small,1.2411487067838733
689,2024-10,1,0,True,0.5555555555555556,0.14834487986034905,False,sensitive_or_small,1.4395165450789977
690,2024-10,1,0,True,0.1111111111111111,0.3550756432735598,False,sensitive_or_small,1.4981380593381473
695,2024-10,1,0,True,0.1111111111111111,0.3594019661309316,False,sensitive_or_small,-0.1747859847638783
696,2024-10,1,0,True,0.1111111111111111,0.3122484795275056,False,sensitive_or_small,1.5774801160230973
698,2024-10,1,0,True,0.1111111111111111,0.334370406195853,False,sensitive_or_small,0.8411053620063169
699,2024-10,1,0,True,0.1111111111111111,0.3627843131459724,False,sensitive_or_small,2.0147314176759634
702,2024-10,1,0,True,0.7777777777777778,0.16983391886584817,False,sensitive_or_small,1.0709940109929232
703,2024-10,1,0,True,0.1111111111111111,0.4495097193999161,False,sensitive_or_small,0.6572596312374918
704,2024-10,1,0,True,0.1111111111111111,0.37451088141254085,False,sensitive_or_small,1.047805819806105
708,2024-10,1,0,True,0.1111111111111111,0.19789669793890002,False,sensitive_or_small,1.3785853702897337
711,2024-10,1,0,True,0.1111111111111111,0.28111602175613504,False,sensitive_or_small,1.4506401921764915
712,2024-10,1,0,True,0.1111111111111111,0.47448992047571265,False,sensitive_or_small,1.6920048028571277
714,2024-10,1,0,True,0.1111111111111111,0.3978297880697205,False,sensitive_or_small,0.5221077540591146
716,2024-10,1,0,False,0.4444444444444444,0.48509529466275814,False,sensitive_or_small,2.633482513047361
717,2024-10,1,0,True,0.1111111111111111,0.31785850188207426,False,sensitive_or_small,1.5109492345752595
722,2024-10,1,0,True,0.1111111111111111,0.20470639438339783,False,sensitive_or_small,0.9862023141763321
725,2024-10,1,0,True,0.2222222222222222,0.18702763673495595,False,sensitive_or_small,-0.4054995775017639
734,2024-10,1,0,True,0.1111111111111111,0.1900033289399687,False,sensitive_or_small,1.0215364254663655
735,2024-10,1,0,True,0.1111111111111111,0.36831341627840253,False,sensitive_or_small,0.44577186739112595
736,2024-10,1,0,True,0.1111111111111111,0.2565610448651321,False,sensitive_or_small,0.9659460742872661
737,2024-10,1,0,True,0.1111111111111111,0.641260185770932,False,sensitive_or_small,0.8377815602606253
738,2024-10,1,0,True,0.1111111111111111,0.2681373236174014,False,sensitive_or_small,0.4194735080863987
739,2024-10,1,0,True,0.1111111111111111,0.16737928576426542,False,sensitive_or_small,0.4363837532073783
743,2024-10,1,0,True,0.1111111111111111,0.4737072662029312,False,sensitive_or_small,3.4338053159509636
744,2024-10,1,0,True,0.1111111111111111,0.23116001908501624,False,sensitive_or_small,1.960577221915949
745,2024-10,1,0,True,0.1111111111111111,0.45614328538694837,False,sensitive_or_small,1.5239875907534672
746,2024-10,1,0,True,0.1111111111111111,0.47259553227562273,False,sensitive_or_small,2.0032449493667173
747,2024-10,1,0,True,0.1111111111111111,0.3527432739727347,False,sensitive_or_small,0.2522094021482041
749,2024-10,1,0,True,0.1111111111111111,0.1965645550075428,False,sensitive_or_small,1.5367153935900073
751,2024-10,1,0,True,0.1111111111111111,0.2425628557518098,False,sensitive_or_small,1.2675352259430532
752,2024-10,1,0,True,0.1111111111111111,0.3609097747983599,False,sensitive_or_small,0.9927186997709808
753,2024-10,1,0,True,0.1111111111111111,0.37560521491522564,False,sensitive_or_small,1.8831432358711626
754,2024-10,1,0,True,0.5555555555555556,0.28853349272854206,False,sensitive_or_small,1.1687256543608804
755,2024-10,1,0,True,0.1111111111111111,0.43441310654921794,False,sensitive_or_small,1.8568893070037562
756,2024-10,1,0,True,0.2222222222222222,0.149732660158624,False,sensitive_or_small,0.6318605722052478
758,2024-10,1,0,True,0.1111111111111111,0.294613785740752,False,sensitive_or_small,1.784920621521946
760,2024-10,1,0,True,0.1111111111111111,0.24632227487841116,False,sensitive_or_small,1.6616789750388383
761,2024-10,1,0,True,0.1111111111111111,0.5846045927614566,False,sensitive_or_small,-1.1569444675113782
769,2024-10,1,0,True,0.1111111111111111,0.31330423263618973,False,sensitive_or_small,1.113836106654578
771,2024-10,1,0,True,0.1111111111111111,0.3759489977744567,False,sensitive_or_small,1.9391089396731536
773,2024-10,1,0,True,0.1111111111111111,0.6779961943266071,False,sensitive_or_small,-0.274300692275517
775,2024-10,2,1,True,0.8888888888888888,0.07227616542659848,False,sensitive_or_small,1.0035578604037878
779,2024-10,1,0,True,0.4444444444444444,0.10070224960464504,False,sensitive_or_small,1.289055337721058
781,2024-10,1,0,True,0.5555555555555556,0.1551109617497189,False,sensitive_or_small,1.1087423621835764
783,2024-10,1,0,True,0.4444444444444444,0.2595408233236768,False,sensitive_or_small,2.0497686425759607
787,2024-10,1,0,True,0.1111111111111111,0.5740757641096657,False,sensitive_or_small,1.5570851839921074
788,2024-10,1,0,True,0.2222222222222222,0.45937134017556946,False,sensitive_or_small,2.4326891754035533
789,2024-10,1,0,True,0.5555555555555556,0.3987702983897369,False,sensitive_or_small,2.533440149621073
790,2024-10,1,0,True,0.1111111111111111,0.3171248884627649,False,sensitive_or_small,1.3280795984855154
791,2024-10,1,0,True,0.1111111111111111,0.40198887480632994,False,sensitive_or_small,2.7756681912709635
792,2024-10,1,0,True,0.1111111111111111,0.526274696176203,False,sensitive_or_small,1.6193260685535922
793,2024-10,1,0,True,0.1111111111111111,0.20130097976820704,False,sensitive_or_small,2.1123001575487796
795,2024-10,1,0,True,0.2222222222222222,0.32407414752470004,False,sensitive_or_small,0.4846481247658768
796,2024-10,1,0,True,0.1111111111111111,0.2425953791154549,False,sensitive_or_small,1.815438968317802
797,2024-10,1,0,True,0.1111111111111111,0.2701550128165985,False,sensitive_or_small,3.027455290793826
798,2024-10,1,0,True,0.3333333333333333,0.32363019612553506,False,sensitive_or_small,1.2957592737337265
799,2024-10,1,0,True,0.3333333333333333,0.3755442661316401,False,sensitive_or_small,1.1881774566025307
800,2024-10,1,0,True,0.3333333333333333,0.585220635724849,False,sensitive_or_small,1.7678451766956538
801,2024-10,1,0,True,0.1111111111111111,0.7118310319695222,False,sensitive_or_small,1.4606094745630516
802,2024-10,1,0,True,0.4444444444444444,0.3129197241014721,False,sensitive_or_small,0.708993358559211
803,2024-10,1,0,True,0.2222222222222222,0.29567016463571494,False,sensitive_or_small,0.7592528521459446
804,2024-10,1,0,True,0.2222222222222222,0.16991191270509848,False,sensitive_or_small,0.9418866569316259
805,2024-10,1,0,True,0.5555555555555556,0.18499629903195855,False,sensitive_or_small,1.5457285507018734
806,2024-10,1,0,True,0.5555555555555556,0.21273091013863948,False,sensitive_or_small,1.9904588269207686
807,2024-10,1,0,True,0.4444444444444444,0.5185896720119544,False,sensitive_or_small,2.2955807588336707
808,2024-10,1,0,True,0.1111111111111111,0.7842214770071273,False,sensitive_or_small,0.10704391025781745
809,2024-10,2,1,True,0.7777777777777778,0.10942954631865359,False,sensitive_or_small,0.7472709900100544
810,2024-10,1,0,True,1.0,0.4292783183723013,False,sensitive_or_small,2.587858432935536
812,2024-10,2,1,True,0.7777777777777778,0.10227043568758845,False,sensitive_or_small,0.7885990506768442
814,2024-10,1,0,False,0.7777777777777778,0.21708607453564738,False,sensitive_or_small,0.5569505836859279
815,2024-10,1,0,True,0.1111111111111111,0.29172193334569596,False,sensitive_or_small,1.6524575696340555
817,2024-10,1,0,True,1.0,0.16222428931544652,False,sensitive_or_small,1.679755760572682
821,2024-10,1,0,False,0.7777777777777778,0.13051179645598404,False,sensitive_or_small,1.1398137934686303
822,2024-10,1,0,False,0.6666666666666666,0.17550091361598633,False,sensitive_or_small,1.4361641879244214
823,2024-10,1,0,False,0.7777777777777778,0.19077437991464638,False,sensitive_or_small,1.2138930701519417
825,2024-10,1,0,True,0.7777777777777778,0.22902096479057502,False,sensitive_or_small,1.7547976717696785
832,2024-10,1,0,True,1.0,0.2824977161736491,False,sensitive_or_small,1.001449942950186
834,2024-10,1,0,True,0.7777777777777778,0.3402077899798962,False,sensitive_or_small,1.6654870076212887
844,2024-10,1,0,True,0.5555555555555556,0.3410837751913669,False,sensitive_or_small,1.4752289710880273
846,2024-10,1,0,True,0.5555555555555556,0.3842529870500514,False,sensitive_or_small,1.573611821919435
847,2024-10,1,0,True,0.5555555555555556,0.22389526446017075,False,sensitive_or_small,1.9877447209905337
848,2024-10,1,0,True,0.1111111111111111,0.3167498798154251,False,sensitive_or_small,1.7072637010371192
849,2024-10,1,0,True,0.3333333333333333,0.3220304984498806,False,sensitive_or_small,1.3729794940519375
851,2024-10,1,0,True,0.1111111111111111,0.2518481877109745,False,sensitive_or_small,1.516280423029387
852,2024-10,1,0,True,0.1111111111111111,0.43068038037153983,False,sensitive_or_small,0.521331825753707
853,2024-10,1,0,True,0.3333333333333333,0.2727502880468743,False,sensitive_or_small,2.0464233890143317
854,2024-10,1,0,True,0.4444444444444444,0.553023355110854,False,sensitive_or_small,-0.1361510964466052
855,2024-10,1,0,True,0.3333333333333333,0.5570291431740715,False,sensitive_or_small,1.663573874668945
856,2024-10,1,0,True,0.4444444444444444,0.172940548927018,False,sensitive_or_small,1.3799768156782688
857,2024-10,1,0,True,0.3333333333333333,0.28210383095956054,False,sensitive_or_small,0.14149923372999418
859,2024-10,1,0,True,0.1111111111111111,0.21489698090212078,False,sensitive_or_small,2.7556850329290783
860,2024-10,1,0,True,0.4444444444444444,0.1589699477005657,False,sensitive_or_small,1.3901149043387018
870,2024-10,1,0,True,0.2222222222222222,0.440399117353328,False,sensitive_or_small,2.2632121614351504
871,2024-10,1,0,True,0.3333333333333333,0.4215915154603804,False,sensitive_or_small,1.5215071298900749
873,2024-10,1,0,True,0.4444444444444444,0.4626552073062749,False,sensitive_or_small,0.7472888344721138
874,2024-10,1,0,True,0.4444444444444444,0.3766519727262632,False,sensitive_or_small,1.2519617359410233
875,2024-10,1,0,True,0.4444444444444444,0.2916954726761893,False,sensitive_or_small,0.7850373780614067
876,2024-10,1,0,True,0.3333333333333333,0.2551584541274798,False,sensitive_or_small,1.1749332360736857
877,2024-10,1,0,True,0.3333333333333333,0.3968801951804855,False,sensitive_or_small,1.207687407027433
878,2024-10,1,0,True,0.5555555555555556,0.2821655111891596,False,sensitive_or_small,1.3433858841688338
879,2024-10,1,0,True,0.1111111111111111,0.34254637707155905,False,sensitive_or_small,2.033004220196127
880,2024-10,1,0,True,0.1111111111111111,0.43564365939358474,False,sensitive_or_small,1.4636542251972195
881,2024-10,1,0,True,0.2222222222222222,0.4577347907401823,False,sensitive_or_small,-0.3464764416382937
882,2024-10,1,0,True,0.1111111111111111,0.43046502496703637,False,sensitive_or_small,0.5199677185283164
883,2024-10,1,0,True,0.5555555555555556,0.5628825278537223,False,sensitive_or_small,2.455543908648909
884,2024-10,1,0,True,0.1111111111111111,0.45949199687858394,False,sensitive_or_small,-0.3494760842351674
885,2024-10,1,0,True,0.4444444444444444,0.3823151626768243,False,sensitive_or_small,1.6482256507788549
886,2024-10,1,0,True,0.3333333333333333,0.3708858019531216,False,sensitive_or_small,1.3453947038239793
888,2024-10,1,0,True,0.3333333333333333,0.3013687703016049,False,sensitive_or_small,1.6151632493361796
889,2024-10,1,0,True,0.4444444444444444,0.4660892860204168,False,sensitive_or_small,0.5123671612727156
900,2024-10,1,0,True,0.1111111111111111,0.5113535344224872,False,sensitive_or_small,-0.6762766571950157
905,2024-10,1,0,True,0.1111111111111111,0.3974899419512966,False,sensitive_or_small,1.7317974963180827
907,2024-10,1,0,True,0.1111111111111111,0.35485456694972256,False,sensitive_or_small,0.1078152838207419
909,2024-10,1,0,True,0.1111111111111111,0.2624965350422105,False,sensitive_or_small,0.9440004152741266
916,2024-10,1,0,True,0.4444444444444444,0.2471795224235662,False,sensitive_or_small,0.7792036305704436
917,2024-10,1,0,True,0.4444444444444444,0.26125896292646295,False,sensitive_or_small,0.8987146368355292
924,2024-10,1,0,True,0.1111111111111111,0.4519770936464503,False,sensitive_or_small,1.4841621875980981
992,2024-10,1,0,True,0.4444444444444444,0.11862989117002185,False,sensitive_or_small,0.8180199888556478
1003,2024-10,0,1,True,0.3333333333333333,0.2700346619217325,False,sensitive_or_small,1.2381158602554816
1015,2024-10,1,0,False,0.1111111111111111,0.4233911218546387,False,sensitive_or_small,-0.44505044114331593
1016,2024-10,1,0,True,0.1111111111111111,0.3233841295816561,False,sensitive_or_small,2.678411670007658
1018,2024-10,1,0,True,0.1111111111111111,0.29207008613352964,False,sensitive_or_small,0.9315411604200213
1047,2024-10,1,0,True,0.1111111111111111,0.32166030409927987,False,sensitive_or_small,1.5394725274943677
1049,2024-10,1,0,False,0.5555555555555556,0.5261234611027882,False,sensitive_or_small,2.5569138412873533
1052,2024-10,1,0,True,0.1111111111111111,0.4167851453669072,False,sensitive_or_small,2.0519208262060635
1055,2024-10,1,0,True,0.1111111111111111,0.5758575771259548,False,sensitive_or_small,1.5819748110373206
1059,2024-10,1,0,True,0.1111111111111111,0.2655369749198055,False,sensitive_or_small,1.8338422128525045
1064,2024-10,1,0,True,0.1111111111111111,0.803283286899314,False,sensitive_or_small,3.122393363320203
1065,2024-10,1,0,True,0.2222222222222222,0.29031077194813776,False,sensitive_or_small,1.4049343436102841
1069,2024-10,1,0,True,0.1111111111111111,0.611947747852909,False,sensitive_or_small,-0.6984108057327881
1072,2024-10,1,0,True,0.1111111111111111,0.2690396579644266,False,sensitive_or_small,1.9612217026447498
1112,2024-10,1,0,False,0.6666666666666666,0.12355269988700661,False,sensitive_or_small,2.111242641566391
1113,2024-10,1,0,True,0.1111111111111111,0.4855549414665031,False,sensitive_or_small,1.850949116172282
1143,2024-10,0,1,False,0.4444444444444444,0.548980716963447,False,sensitive_or_small,1.0151024909284239
1144,2024-10,1,0,True,0.1111111111111111,0.5127777375950943,False,sensitive_or_small,0.3667917817964217
1146,2024-10,1,0,True,0.1111111111111111,0.3865900216746668,False,sensitive_or_small,0.13771199001915702
1147,2024-10,1,0,True,0.8888888888888888,0.2691370725335446,False,sensitive_or_small,1.0817708274875104
1148,2024-10,1,0,True,0.1111111111111111,0.21052360556299093,False,sensitive_or_small,1.328719147607857
1149,2024-10,1,0,True,0.1111111111111111,0.2869896313355879,False,sensitive_or_small,0.9712984808609076
1151,2024-10,1,0,True,0.6666666666666666,0.2837084215829219,False,sensitive_or_small,2.242046770765402
1152,2024-10,1,0,True,0.4444444444444444,0.5944813729827809,False,sensitive_or_small,-0.1682679254320113
1153,2024-10,1,0,True,0.7777777777777778,0.2923504900497671,False,sensitive_or_small,1.250953501237742
1154,2024-10,1,0,True,0.1111111111111111,0.6071922968462508,False,sensitive_or_small,-1.027111131334077
1155,2024-10,1,0,True,0.1111111111111111,0.2770201845490015,False,sensitive_or_small,0.5830165429562745
1157,2024-10,1,0,True,0.1111111111111111,0.2117777441085771,False,sensitive_or_small,1.504733351119747
1160,2024-10,1,0,True,0.6666666666666666,0.2971263717558605,False,sensitive_or_small,0.2679319807678826
1161,2024-10,1,0,False,0.4444444444444444,0.40429897383803526,False,sensitive_or_small,1.0556684551778077
1164,2024-10,1,0,True,0.1111111111111111,0.8753035717874781,False,sensitive_or_small,-1.939386342239624
1166,2024-10,1,0,True,0.1111111111111111,0.3416294820495758,False,sensitive_or_small,-0.3671052458995877
1167,2024-10,1,0,True,0.1111111111111111,0.271021998331295,False,sensitive_or_small,0.38162011789201755
1171,2024-10,1,0,True,0.3333333333333333,0.6666628978043388,False,sensitive_or_small,0.83259298087138
1172,2024-10,1,0,True,0.1111111111111111,0.5155385440639708,False,sensitive_or_small,1.7271657335002133
1174,2024-10,1,0,True,0.1111111111111111,0.2774384127372482,False,sensitive_or_small,0.8327952063351601
1175,2024-10,1,0,True,0.2222222222222222,0.33331332599645425,False,sensitive_or_small,0.8882905773985345
1178,2024-10,1,0,True,0.1111111111111111,1.0194515504728285,False,sensitive_or_small,1.1231559934657769
1179,2024-10,1,0,True,0.4444444444444444,0.34680158062555466,False,sensitive_or_small,1.4788624760686597
1180,2024-10,1,0,True,0.1111111111111111,0.35659898971712034,False,sensitive_or_small,0.7204122320082801
1181,2024-10,1,0,True,0.3333333333333333,0.26290056661682254,False,sensitive_or_small,1.3111035410150296
1185,2024-10,1,0,True,0.1111111111111111,0.2727437963577082,False,sensitive_or_small,3.2091590300817736
1187,2024-10,1,0,True,0.3333333333333333,0.2143084431535093,False,sensitive_or_small,2.1139284511214966
1189,2024-10,1,0,True,0.1111111111111111,0.81212291840288,False,sensitive_or_small,3.9145187331122875
1191,2024-10,1,0,True,0.1111111111111111,0.2615975597240437,False,sensitive_or_small,0.7775606787959272
1192,2024-10,1,0,True,0.1111111111111111,0.20274114825722145,False,sensitive_or_small,0.9568106093100548
1193,2024-10,1,0,True,0.1111111111111111,0.9380229916256538,False,sensitive_or_small,1.633089682484648
1195,2024-10,1,0,True,0.1111111111111111,0.3883194469351495,False,sensitive_or_small,0.8507600476750726
1196,2024-10,1,0,True,0.1111111111111111,0.5683217505258853,False,sensitive_or_small,1.264636494953908
1197,2024-10,1,0,True,0.3333333333333333,0.11581192170596924,False,sensitive_or_small,2.1394066618006
1206,2024-10,0,1,True,0.0,0.14989304385148516,False,sensitive_or_small,1.2581362452150802
1207,2024-10,1,0,True,1.0,0.23829390259363847,False,sensitive_or_small,1.0970669256791632
1211,2024-10,1,0,False,0.8888888888888888,0.13331486163609577,False,sensitive_or_small,1.7459902276619839
1237,2024-10,1,0,True,0.1111111111111111,0.14214808492878106,False,sensitive_or_small,0.48042086858657296
1240,2024-10,1,0,False,0.7777777777777778,0.277414561314184,False,sensitive_or_small,-0.2026653969416481
1241,2024-10,1,0,False,0.8888888888888888,0.11794429322568413,False,sensitive_or_small,0.5872246736599779
1242,2024-10,1,0,True,0.1111111111111111,0.45417553442703795,False,sensitive_or_small,-1.3028755292380372
1244,2024-10,1,0,True,0.1111111111111111,0.38413222479896575,False,sensitive_or_small,0.15246500859676382
1246,2024-10,1,0,True,0.2222222222222222,0.13630520605513008,False,sensitive_or_small,1.265403017637981
1249,2024-10,1,0,True,0.8888888888888888,0.19898451705310316,False,sensitive_or_small,1.263984375942015
1251,2024-10,1,0,True,0.1111111111111111,0.36685333232151696,False,sensitive_or_small,0.6000640597162293
1253,2024-10,1,0,True,0.1111111111111111,0.30423403843231456,False,sensitive_or_small,-0.6136924182262332
1254,2024-10,1,0,False,0.8888888888888888,0.22525223600534386,False,sensitive_or_small,-0.3001426548457614
1257,2024-10,1,0,False,0.8888888888888888,0.19597819972751446,False,sensitive_or_small,1.0130013989548103
1259,2024-10,1,0,True,0.1111111111111111,0.14352201032489767,False,sensitive_or_small,1.0403904511288309
1261,2024-10,1,0,True,0.1111111111111111,0.29561256160083604,False,sensitive_or_small,0.5897947083450816
1262,2024-10,1,0,True,0.1111111111111111,0.30771115216713113,False,sensitive_or_small,1.5379699239087858
1264,2024-10,1,0,True,0.1111111111111111,0.25144136002828266,False,sensitive_or_small,0.63867262848048
1267,2024-10,1,0,True,0.1111111111111111,1.289341491190693,False,sensitive_or_small,0.5192872510322327
1268,2024-10,1,0,True,0.1111111111111111,0.25775735941191585,False,sensitive_or_small,1.202897007209891
1273,2024-10,1,0,True,0.1111111111111111,0.47371366508636525,False,sensitive_or_small,-0.715864302749139
1274,2024-10,1,0,True,0.1111111111111111,0.2965632858911907,False,sensitive_or_small,1.2389519351679783
1275,2024-10,1,0,True,0.1111111111111111,0.550446647413185,False,sensitive_or_small,-0.1524697996369201
1276,2024-10,1,0,True,0.1111111111111111,1.2085998404196592,False,sensitive_or_small,-2.4238547199074976
1277,2024-10,1,0,True,0.1111111111111111,0.4093519759859726,False,sensitive_or_small,0.5551703023918803
1278,2024-10,1,0,True,0.1111111111111111,0.8135998712593943,False,sensitive_or_small,1.1721088101547983
1279,2024-10,1,0,True,0.1111111111111111,0.2982499845878817,False,sensitive_or_small,0.37503886372257933
1280,2024-10,1,0,True,0.1111111111111111,0.2975656695679458,False,sensitive_or_small,0.5127158512281599
1282,2024-10,1,0,True,0.1111111111111111,0.8358514055059215,False,sensitive_or_small,4.198582513802346
1289,2024-10,1,0,True,0.1111111111111111,0.45622624982302956,False,sensitive_or_small,1.8931026264215236
1290,2024-10,1,0,True,0.1111111111111111,0.5957039826178049,False,sensitive_or_small,0.1449526677823748
1294,2024-10,1,0,True,0.1111111111111111,0.20013972952182368,False,sensitive_or_small,1.2631553525036225
1296,2024-10,1,0,True,0.1111111111111111,0.555606908240274,False,sensitive_or_small,0.2569173700085192
1297,2024-10,1,0,True,0.1111111111111111,0.48552662064086094,False,sensitive_or_small,3.3653513951726333
1298,2024-10,1,0,True,0.1111111111111111,0.38515819727228584,False,sensitive_or_small,1.1094097869397883
1299,2024-10,1,0,True,0.1111111111111111,0.5178352011796236,False,sensitive_or_small,-0.1029463715915363
1300,2024-10,1,0,True,0.1111111111111111,0.3507684510805456,False,sensitive_or_small,1.901191443589706
1302,2024-10,1,0,True,0.1111111111111111,0.25152588930558223,False,sensitive_or_small,1.2768618340077809
1313,2024-10,1,0,True,0.1111111111111111,0.5464308962615756,False,sensitive_or_small,-0.18592159781902484
1319,2024-10,1,0,True,0.1111111111111111,0.664408140029829,False,sensitive_or_small,-1.015446680652679
1324,2024-10,1,0,True,0.1111111111111111,0.5303004299040162,False,sensitive_or_small,0.5222347045017173
1326,2024-10,1,0,True,0.1111111111111111,0.6542948899642219,False,sensitive_or_small,2.0168774280215684
1327,2024-10,1,0,True,0.1111111111111111,0.8162891801313948,False,sensitive_or_small,0.914447477796107
1335,2024-10,1,0,True,0.1111111111111111,0.6033527870196926,False,sensitive_or_small,0.7246920868978657
1337,2024-10,1,0,True,0.1111111111111111,0.639671351139409,False,sensitive_or_small,0.23650277349721582
1338,2024-10,1,0,True,0.1111111111111111,0.22211791172254589,False,sensitive_or_small,1.151849340763339
1339,2024-10,1,0,True,0.1111111111111111,1.1618787157460913,False,sensitive_or_small,-0.18224183217665224
1341,2024-10,1,0,True,0.1111111111111111,0.1845006265396984,False,sensitive_or_small,1.762690379638071
1343,2024-10,1,0,True,0.1111111111111111,0.48654762349206576,False,sensitive_or_small,1.7454463799908448
1345,2024-10,1,0,True,0.1111111111111111,0.3984973079565353,False,sensitive_or_small,1.3374401734450203
1347,2024-10,1,0,True,0.1111111111111111,0.5712589086327157,False,sensitive_or_small,2.746638747386712
1350,2024-10,1,0,True,0.1111111111111111,0.5053565780991415,False,sensitive_or_small,1.8766724060857054
1352,2024-10,1,0,True,0.1111111111111111,0.40436769258701893,False,sensitive_or_small,1.9516196048108392
1355,2024-10,1,0,True,0.1111111111111111,0.35826011948909803,False,sensitive_or_small,0.19051213260327382
1356,2024-10,1,0,True,0.1111111111111111,0.2402263318902643,False,sensitive_or_small,0.7093681180881523
1357,2024-10,1,0,True,0.1111111111111111,0.4756756365995826,False,sensitive_or_small,0.6981632002550003
1358,2024-10,1,0,True,0.1111111111111111,0.31399227299739085,False,sensitive_or_small,0.47604365532222803
1397,2024-10,1,2,False,0.7777777777777778,0.13512528698246565,False,sensitive_or_small,0.81043855955652
1400,2024-10,1,2,False,0.8888888888888888,0.12857625961054436,False,sensitive_or_small,0.671634889186995
1402,2024-10,1,2,False,0.2222222222222222,0.1492064384309213,False,sensitive_or_small,0.8969707184651371
1409,2024-10,1,2,False,0.2222222222222222,0.148712423167102,False,sensitive_or_small,0.9963137326977928
1413,2024-10,1,0,True,1.0,0.20240581516771433,False,sensitive_or_small,2.0490837123250087
1421,2024-10,1,0,True,0.1111111111111111,0.3012981323839741,False,sensitive_or_small,1.0711152355863507
1425,2024-10,1,0,True,0.1111111111111111,0.5563489727453271,False,sensitive_or_small,-0.2168804908244476
1438,2024-10,1,0,True,0.5555555555555556,0.9294328264676505,False,sensitive_or_small,0.4521323336751204
1440,2024-10,1,2,False,0.2222222222222222,0.12350798410949096,False,sensitive_or_small,1.3285670411475492
1446,2024-10,1,2,False,0.2222222222222222,0.08987219213089075,False,sensitive_or_small,1.139849059395706
1478,2024-10,0,1,True,0.0,0.17850731056016503,False,sensitive_or_small,2.105344085370528
1480,2024-10,1,2,False,0.2222222222222222,0.10394316890505276,False,sensitive_or_small,1.343202340094332
1484,2024-10,1,2,False,0.2222222222222222,0.14071985854568494,False,sensitive_or_small,1.4225408514922822
1491,2024-10,1,2,False,0.2222222222222222,0.09757866177970337,False,sensitive_or_small,1.2832511991051843
1496,2024-10,1,2,False,0.2222222222222222,0.10206850601095015,False,sensitive_or_small,1.0832338128122316
1506,2024-10,2,1,True,0.3333333333333333,0.1448681815718331,False,sensitive_or_small,0.9012872223898155
1510,2024-10,1,0,True,0.6666666666666666,0.1920082343551127,False,sensitive_or_small,1.290043891485662
1533,2024-10,1,0,True,0.1111111111111111,0.2127508497898698,False,sensitive_or_small,0.6558672264559307
1547,2024-10,1,0,True,0.1111111111111111,0.2522089223826119,False,sensitive_or_small,0.9779589276215805
1548,2024-10,1,0,True,0.1111111111111111,0.3081116246742449,False,sensitive_or_small,1.3487785779895982
1557,2024-10,1,0,True,0.1111111111111111,0.5921820671245054,False,sensitive_or_small,1.5240037969703912
1562,2024-10,1,0,False,0.7777777777777778,0.18716167633636824,False,sensitive_or_small,1.44002457988191
1565,2024-10,0,1,True,0.5555555555555556,0.7589344500194325,False,sensitive_or_small,1.6700281191242032
1572,2024-10,1,0,True,0.6666666666666666,0.27513246891964394,False,sensitive_or_small,1.6815971641377518
1573,2024-10,1,0,True,0.1111111111111111,0.27461507615188196,False,sensitive_or_small,0.5520982052387546
1583,2024-10,1,0,True,1.0,0.15862219017594303,False,sensitive_or_small,1.2290078708154435
1588,2024-10,1,0,True,0.1111111111111111,0.5692796130486791,False,sensitive_or_small,0.812809584526733
1591,2024-10,1,0,True,0.1111111111111111,0.3978285213424978,False,sensitive_or_small,2.375379112917908
1596,2024-10,1,0,True,0.1111111111111111,0.5340934577329465,False,sensitive_or_small,4.833407775306678
1602,2024-10,1,0,True,0.1111111111111111,0.47946918281457784,False,sensitive_or_small,2.3304537744013336
1606,2024-10,1,0,True,0.1111111111111111,0.2697232665401702,False,sensitive_or_small,1.5005676033661235
1608,2024-10,1,0,True,0.1111111111111111,0.2509122260311033,False,sensitive_or_small,0.7673637437381864
1609,2024-10,1,0,True,0.5555555555555556,0.21546190725406494,False,sensitive_or_small,0.8670730783656849
1611,2024-10,1,0,True,0.8888888888888888,0.2716499479804803,False,sensitive_or_small,1.0288092663783943
1616,2024-10,1,0,True,0.1111111111111111,0.43339669315707974,False,sensitive_or_small,-0.5536766755700279
1619,2024-10,1,0,True,0.1111111111111111,0.21646819986902022,False,sensitive_or_small,1.0093680897552526
1621,2024-10,1,0,True,0.1111111111111111,0.16402415866426145,False,sensitive_or_small,1.392202620295477
1623,2024-10,1,0,True,0.8888888888888888,0.23087063469757005,False,sensitive_or_small,1.2411867960922613
1624,2024-10,1,0,True,0.1111111111111111,0.21851816731793,False,sensitive_or_small,0.005070875261675711
1625,2024-10,1,0,True,0.2222222222222222,0.23041865875471754,False,sensitive_or_small,1.1333936179915738
1628,2024-10,1,0,True,0.1111111111111111,0.3449599864621607,False,sensitive_or_small,0.8061772488125146
1629,2024-10,1,0,True,0.1111111111111111,0.23744193527000076,False,sensitive_or_small,0.3978374672722884
1630,2024-10,1,0,True,0.1111111111111111,0.2578137857157064,False,sensitive_or_small,0.2604555675711162
1631,2024-10,1,0,True,0.1111111111111111,0.26660901847315155,False,sensitive_or_small,2.0648767557463534
1633,2024-10,1,0,True,0.1111111111111111,0.39729040486349665,False,sensitive_or_small,-0.5995241477098984
1634,2024-10,1,0,True,0.1111111111111111,0.4405130996974145,False,sensitive_or_small,2.230732177946701
1636,2024-10,1,0,True,0.1111111111111111,0.7123178823759714,False,sensitive_or_small,3.1947322601885597
1637,2024-10,1,0,True,0.1111111111111111,0.2886640241954387,False,sensitive_or_small,1.0117073233190639
1638,2024-10,1,0,True,0.1111111111111111,0.4451304635544069,False,sensitive_or_small,-0.1490489118839866
1640,2024-10,1,0,True,0.1111111111111111,0.6092293350655257,False,sensitive_or_small,1.352609775043584
1641,2024-10,1,0,True,0.1111111111111111,0.3476511956702222,False,sensitive_or_small,0.955100423492522
1643,2024-10,1,0,True,0.1111111111111111,0.2929207053513172,False,sensitive_or_small,0.5871832758217205
1644,2024-10,1,0,True,0.1111111111111111,0.38536077467555474,False,sensitive_or_small,0.9664929626056751
1645,2024-10,1,0,True,0.1111111111111111,0.4168992128632637,False,sensitive_or_small,1.9091404435320314
1647,2024-10,1,0,True,0.1111111111111111,0.36739704475506874,False,sensitive_or_small,1.2451118944303952
1649,2024-10,1,0,True,0.1111111111111111,0.6364429482787322,False,sensitive_or_small,-0.26338973516948916
1658,2024-10,1,0,True,0.1111111111111111,0.26090201955642184,False,sensitive_or_small,1.1159427851520105
1659,2024-10,1,0,True,0.2222222222222222,0.28452591190277743,False,sensitive_or_small,1.0006450532449667
1660,2024-10,1,0,True,0.1111111111111111,0.4881754971675045,False,sensitive_or_small,0.5884114076907587
1661,2024-10,1,0,True,0.1111111111111111,0.6017822685188045,False,sensitive_or_small,1.2580466154150205
1662,2024-10,1,0,True,0.1111111111111111,0.515747314579807,False,sensitive_or_small,1.727136580729921
1674,2024-10,1,0,True,0.4444444444444444,0.15403760152007295,False,sensitive_or_small,1.1014991334548334
1675,2024-10,1,0,True,0.7777777777777778,0.19531847765539503,False,sensitive_or_small,1.149459784899065
1682,2024-10,1,0,True,0.1111111111111111,0.9811900451184722,False,sensitive_or_small,3.5172746209775645
1688,2024-10,1,0,True,0.1111111111111111,0.39206640476034665,False,sensitive_or_small,3.170333898191452
1693,2024-10,1,0,True,0.1111111111111111,0.2900281165137312,False,sensitive_or_small,1.6891473727608104
1699,2024-10,1,0,True,0.1111111111111111,0.5225888816788126,False,sensitive_or_small,1.0203793626237552
1760,2024-10,1,0,True,0.1111111111111111,0.639131810880465,False,sensitive_or_small,-0.23090334982732996
1775,2024-10,1,0,True,0.1111111111111111,0.36827112808901513,False,sensitive_or_small,0.6595095231019643
1788,2024-10,0,1,False,0.5555555555555556,0.352823263120396,False,sensitive_or_small,-1.8407310812706275
1874,2024-10,2,1,True,0.3333333333333333,0.09348044203375626,False,sensitive_or_small,0.9163786969498516
1922,2024-10,1,0,True,0.4444444444444444,0.14299878263055588,False,sensitive_or_small,0.9822953355122538
1934,2024-10,1,0,True,0.6666666666666666,0.17787557228894826,False,sensitive_or_small,1.3850837378052012
1947,2024-10,1,0,True,0.1111111111111111,0.380521028701075,False,sensitive_or_small,1.3481941309444578
1948,2024-10,1,0,True,0.1111111111111111,0.39407104744757376,False,sensitive_or_small,1.53778443382149
1954,2024-10,1,0,True,0.4444444444444444,0.40932860507495367,False,sensitive_or_small,1.4115549798590115
1955,2024-10,1,0,True,0.4444444444444444,0.3477895500695247,False,sensitive_or_small,1.4098248928908528
1956,2024-10,1,0,True,0.3333333333333333,0.2817709022957436,False,sensitive_or_small,0.44225727547556465
1959,2024-10,1,0,True,0.1111111111111111,0.7817226993730517,False,sensitive_or_small,0.7850327514239266
1960,2024-10,1,0,True,0.4444444444444444,0.32039879973375274,False,sensitive_or_small,1.5713463360488775
1962,2024-10,1,0,True,0.5555555555555556,0.431404302837413,False,sensitive_or_small,0.9268017723063557
1963,2024-10,1,0,True,0.4444444444444444,0.32260226198021197,False,sensitive_or_small,0.44968291836828267
1965,2024-10,1,0,True,0.3333333333333333,0.38421017867257873,False,sensitive_or_small,-0.35642822802635227
1966,2024-10,1,0,True,0.1111111111111111,0.6354179274779603,False,sensitive_or_small,1.6226108315288965
1967,2024-10,1,0,True,0.4444444444444444,0.3164806916280899,False,sensitive_or_small,0.5886972842264846
1968,2024-10,1,0,True,0.4444444444444444,0.22629972245948737,False,sensitive_or_small,1.1543964695217706
1969,2024-10,1,0,True,0.4444444444444444,0.2028247899768747,False,sensitive_or_small,0.9149592489274411
1970,2024-10,1,0,True,0.3333333333333333,0.43911820697217024,False,sensitive_or_small,-0.19395423625517272
1973,2024-10,1,0,True,0.1111111111111111,0.15309574102004625,False,sensitive_or_small,0.797263030243886
1979,2024-10,2,1,True,0.2222222222222222,0.12773398369466585,False,sensitive_or_small,0.6542159814530824
1981,2024-10,1,0,True,0.4444444444444444,0.1184204503458633,False,sensitive_or_small,1.0717452969343677
1983,2024-10,1,0,True,0.1111111111111111,0.40883517377313805,False,sensitive_or_small,0.4619207877677417
1985,2024-10,1,0,False,0.5555555555555556,0.16703157690376427,False,sensitive_or_small,1.1897473735575148
1987,2024-10,1,0,True,0.6666666666666666,0.14006362930263255,False,sensitive_or_small,1.105895550434946
1991,2024-10,1,0,True,1.0,0.22047773929177764,False,sensitive_or_small,0.37499730019394384
1996,2024-10,1,0,True,0.1111111111111111,0.2618529389498756,False,sensitive_or_small,1.9463993569974969
1997,2024-10,1,0,True,0.1111111111111111,0.4828260910077283,False,sensitive_or_small,3.301390184984762
2002,2024-10,1,0,True,0.1111111111111111,0.1772162534325571,False,sensitive_or_small,1.1892018311370267
2011,2024-10,1,0,True,0.5555555555555556,0.19657064653323245,False,sensitive_or_small,0.9135045231641575
2015,2024-10,1,0,True,0.1111111111111111,0.13281887899621872,False,sensitive_or_small,0.8583888150944519
2017,2024-10,1,0,True,0.1111111111111111,0.3710916511134143,False,sensitive_or_small,2.623788659549628
2019,2024-10,1,0,True,0.1111111111111111,0.2518873333178589,False,sensitive_or_small,1.0728154414780644
2022,2024-10,1,0,True,0.1111111111111111,0.7310727731352494,False,sensitive_or_small,2.4222500337676616
2025,2024-10,1,0,True,0.1111111111111111,0.733234940648904,False,sensitive_or_small,1.2354080747208536
2028,2024-10,1,0,True,0.1111111111111111,0.27221572082327733,False,sensitive_or_small,1.5873682706206926
2030,2024-10,1,0,True,0.1111111111111111,0.13505459605893555,False,sensitive_or_small,1.604300139764872
2034,2024-10,1,0,True,0.2222222222222222,0.21586627055793123,False,sensitive_or_small,0.6394584717558938
2036,2024-10,1,0,True,0.1111111111111111,0.1824733893436018,False,sensitive_or_small,-0.5207186165841815
2037,2024-10,1,0,True,0.1111111111111111,0.3242363981219566,False,sensitive_or_small,1.892931670757153
2041,2024-10,1,0,True,0.1111111111111111,0.28627541600092965,False,sensitive_or_small,0.780510384029684
2043,2024-10,1,0,True,0.1111111111111111,0.7285422552184447,False,sensitive_or_small,-3.4376347321313365
2051,2024-10,1,0,True,0.1111111111111111,0.17888847527762664,False,sensitive_or_small,0.7520630907456499
2059,2024-10,1,0,True,0.1111111111111111,0.28542272571959887,False,sensitive_or_small,1.2639386243712551
2060,2024-10,1,0,True,0.2222222222222222,0.20882461220790705,False,sensitive_or_small,1.7961508832480655
2062,2024-10,1,0,True,0.5555555555555556,0.12127448523058319,False,sensitive_or_small,1.3149769557845832
2068,2024-10,1,0,True,0.1111111111111111,0.5064075540634271,False,sensitive_or_small,-0.08965930865145466
2076,2024-10,1,0,False,0.8888888888888888,0.14408153599139525,False,sensitive_or_small,1.9480597812355476
2109,2024-10,0,1,False,0.5555555555555556,0.31863847941648227,False,sensitive_or_small,1.9491818074557439
2112,2024-10,1,0,True,0.1111111111111111,1.1401279446587806,False,sensitive_or_small,0.557912828856999
2127,2024-10,1,0,True,0.1111111111111111,0.440168041588272,False,sensitive_or_small,1.239286496494113
2132,2024-10,1,0,True,0.1111111111111111,0.4755413925641624,False,sensitive_or_small,1.6969594349518058
2148,2024-10,1,0,True,0.1111111111111111,0.5888930531181781,False,sensitive_or_small,-0.1827214738544497
2149,2024-10,1,0,True,0.1111111111111111,0.15718330693320473,False,sensitive_or_small,0.9566702138420563
2150,2024-10,1,0,True,0.1111111111111111,0.38067180101454384,False,sensitive_or_small,2.570184405285386
2154,2024-10,1,0,True,0.1111111111111111,0.3046133300505382,False,sensitive_or_small,1.8280284556180777
2155,2024-10,1,0,True,0.1111111111111111,0.18833134059820417,False,sensitive_or_small,0.8313983168917738
2156,2024-10,1,0,True,0.1111111111111111,0.3754803961538204,False,sensitive_or_small,-0.31759946979198483
2157,2024-10,1,0,True,0.1111111111111111,0.3727970607285912,False,sensitive_or_small,0.6899265891466916
2159,2024-10,1,0,True,0.1111111111111111,0.5017434357449773,False,sensitive_or_small,1.8527180447976495
2161,2024-10,2,1,True,0.8888888888888888,0.1614084104162721,False,sensitive_or_small,0.6494645051198344
2163,2024-10,1,0,True,0.1111111111111111,0.3305294574917588,False,sensitive_or_small,1.456893044186408
2195,2024-10,1,0,True,0.1111111111111111,0.5102872353961072,False,sensitive_or_small,1.921260858130394
2200,2024-10,1,0,True,0.1111111111111111,0.3714910975062403,False,sensitive_or_small,-0.42280977195358893
2201,2024-10,1,0,True,0.1111111111111111,0.42606176702051635,False,sensitive_or_small,0.5879352749425804
2202,2024-10,1,0,True,0.1111111111111111,0.431002157665857,False,sensitive_or_small,0.8570962755022643
2206,2024-10,1,0,True,0.1111111111111111,0.33549765900812883,False,sensitive_or_small,2.489163438231884
2210,2024-10,2,1,True,0.2222222222222222,0.13527040471048477,False,sensitive_or_small,0.7211173702876189
2212,2024-10,1,0,True,0.1111111111111111,0.24399995146385287,False,sensitive_or_small,1.2362208597206936
2215,2024-10,1,0,True,0.1111111111111111,0.4785237335096212,False,sensitive_or_small,3.241250142997565
2230,2024-10,1,0,True,0.7777777777777778,0.3756368386769084,False,sensitive_or_small,0.8629935488323665
2231,2024-10,1,0,True,0.4444444444444444,0.35931258497642504,False,sensitive_or_small,1.2317691727985274
2234,2024-10,1,0,True,0.1111111111111111,0.28727664145898546,False,sensitive_or_small,1.5536181272090692
2238,2024-10,2,1,True,0.8888888888888888,0.16804614465036863,False,sensitive_or_small,1.310316731720604
2244,2024-10,1,0,True,0.4444444444444444,0.28248909737272965,False,sensitive_or_small,-0.20934160248712447
2248,2024-10,1,0,True,0.7777777777777778,0.3865523918814383,False,sensitive_or_small,0.5321258673222529
2249,2024-10,1,0,True,0.5555555555555556,0.8620011797094547,False,sensitive_or_small,2.4998718245644493
2250,2024-10,1,0,False,0.4444444444444444,0.34910543203328354,False,sensitive_or_small,-0.2679651455215454
2274,2024-10,1,0,True,0.1111111111111111,0.3354093524976282,False,sensitive_or_small,0.6212560693282299
2276,2024-10,1,0,True,0.1111111111111111,0.2551006129899252,False,sensitive_or_small,1.4095123676712147
2287,2024-10,1,0,True,0.2222222222222222,0.29229812681329886,False,sensitive_or_small,1.1257099936005295
2292,2024-10,1,0,True,0.1111111111111111,0.23282844122720323,False,sensitive_or_small,1.438997711047532
2294,2024-10,1,0,True,0.1111111111111111,0.4459098902010446,False,sensitive_or_small,0.7343966731757051
2295,2024-10,1,0,True,0.1111111111111111,0.2979277400789474,False,sensitive_or_small,1.7339475540368243
2296,2024-10,1,0,True,0.1111111111111111,0.3258586060578245,False,sensitive_or_small,1.180775090170555
2297,2024-10,1,0,True,0.1111111111111111,0.15715419234971584,False,sensitive_or_small,1.0547085851947802
2302,2024-10,1,0,True,0.1111111111111111,0.7708530410003936,False,sensitive_or_small,3.7404502990075637
2304,2024-10,1,0,True,0.1111111111111111,0.5505236916163639,False,sensitive_or_small,0.29054828764344953
2305,2024-10,1,0,True,0.1111111111111111,0.3945411354931341,False,sensitive_or_small,-0.875064239306228
2307,2024-10,1,0,True,0.1111111111111111,0.6316585015772277,False,sensitive_or_small,-0.027014567425895364
2308,2024-10,1,0,True,0.1111111111111111,0.3189817699104349,False,sensitive_or_small,0.5621377096636682
2314,2024-10,1,0,True,0.1111111111111111,0.6963944368934624,False,sensitive_or_small,1.773388455357003
2316,2024-10,1,0,True,0.1111111111111111,0.30847418218947503,False,sensitive_or_small,1.4963592573942726
2317,2024-10,1,0,True,0.1111111111111111,0.5249061006997164,False,sensitive_or_small,-1.5653940890776847
2325,2024-10,1,0,True,0.1111111111111111,0.15443159470772716,False,sensitive_or_small,1.5135973346169562
2326,2024-10,1,0,True,0.1111111111111111,0.30814344334093335,False,sensitive_or_small,2.275557395664904
2330,2024-10,1,0,True,0.1111111111111111,0.5817710096259795,False,sensitive_or_small,-1.3601579836602984
2332,2024-10,1,0,True,0.1111111111111111,0.2720944439467113,False,sensitive_or_small,1.8192382877868924
2334,2024-10,1,0,True,0.6666666666666666,0.4573668003777785,False,sensitive_or_small,1.3208378734157755
2339,2024-10,1,0,True,0.1111111111111111,1.3242390560806319,False,sensitive_or_small,-0.46162724484110906
2340,2024-10,1,0,True,1.0,0.20986821395584498,False,sensitive_or_small,1.0751089969021104
2341,2024-10,1,0,True,0.3333333333333333,0.3255994745393601,False,sensitive_or_small,2.10529701130116
2342,2024-10,1,0,True,0.1111111111111111,0.7368841298267059,False,sensitive_or_small,1.7868269620166717
2343,2024-10,1,0,True,0.1111111111111111,0.3337854667241518,False,sensitive_or_small,1.4925628554688708
2348,2024-10,1,0,False,0.5555555555555556,0.36340769097351505,False,sensitive_or_small,1.1336166654693156
2391,2024-10,1,2,True,0.8888888888888888,0.5036967581004165,True,retrospectively_supported,0.2847794813574833
2392,2024-10,1,2,False,0.4444444444444444,0.14166671723326815,False,sensitive_or_small,0.865960016663539
2403,2024-10,1,2,False,0.7777777777777778,0.18266188652831122,False,sensitive_or_small,0.49663751641668974
2410,2024-10,1,2,False,0.7777777777777778,0.2108528543224306,False,sensitive_or_small,1.0312708008572535
2596,2024-10,1,2,False,0.2222222222222222,0.19140930461293404,False,sensitive_or_small,1.4635075118631629
2597,2024-10,1,2,False,0.2222222222222222,0.2048713417867757,False,sensitive_or_small,1.072845180855564
2601,2024-10,1,2,False,0.4444444444444444,0.4354909455234052,False,sensitive_or_small,0.6492339506337236
2606,2024-10,1,2,True,0.2222222222222222,0.14726274366893324,False,sensitive_or_small,0.39708523067681356
2644,2024-10,1,2,False,0.7777777777777778,0.12723568254033177,False,sensitive_or_small,1.3823274661001332
2648,2024-10,1,2,False,0.2222222222222222,0.1632671554832245,False,sensitive_or_small,1.4006880148308365
2652,2024-10,1,2,False,0.2222222222222222,0.09822779929702707,False,sensitive_or_small,1.103609440627165
2808,2024-10,1,2,False,0.2222222222222222,0.09166891923946154,False,sensitive_or_small,1.1233058449008597
2872,2024-10,1,0,True,0.8888888888888888,0.8415721824291984,True,retrospectively_supported,1.2918464852648333
2886,2024-10,1,0,True,0.1111111111111111,0.23782811274427054,False,sensitive_or_small,0.5839909201589499
3012,2024-10,1,0,True,0.1111111111111111,0.32714141757618603,False,sensitive_or_small,0.5185057959065986
3013,2024-10,1,2,False,0.2222222222222222,0.10540689816101742,False,sensitive_or_small,1.1105097851093093
2,2024-11,0,1,True,0.5555555555555556,0.32061903586536694,False,sensitive_or_small,2.2927112682082447
16,2024-11,1,0,False,0.2222222222222222,0.229750984277069,False,sensitive_or_small,0.5957180123263323
18,2024-11,0,1,True,0.8888888888888888,0.5774966061759321,True,retrospectively_supported,0.38831823042652924
35,2024-11,1,0,True,0.4444444444444444,0.3444925399583414,False,sensitive_or_small,1.5492959187821786
50,2024-11,1,0,False,0.7777777777777778,0.22620085621608954,False,sensitive_or_small,1.1191138248671795
53,2024-11,1,0,True,1.0,0.2637928699665179,False,sensitive_or_small,3.3094524460245216
55,2024-11,1,0,False,0.5555555555555556,0.17598987755832957,False,sensitive_or_small,0.9574497780161173
62,2024-11,1,0,True,0.5555555555555556,0.7135173940946976,False,sensitive_or_small,2.2858104414772096
67,2024-11,1,0,True,0.5555555555555556,0.2809918326522788,False,sensitive_or_small,0.4975104853797707
79,2024-11,1,0,False,0.8888888888888888,0.22071137788061124,False,sensitive_or_small,1.5701261973677105
168,2024-11,2,0,True,0.6666666666666666,0.44300691678517845,False,sensitive_or_small,1.8364880944652606
207,2024-11,1,0,False,1.0,0.24171241692331366,False,sensitive_or_small,1.795103730861991
212,2024-11,0,1,False,0.8888888888888888,0.31489989192092593,False,sensitive_or_small,0.8350615747480805
316,2024-11,1,0,False,0.6666666666666666,0.4174054161244031,False,sensitive_or_small,2.540105741321112
332,2024-11,0,1,True,0.5555555555555556,0.46570107885060985,False,sensitive_or_small,1.853945015784765
334,2024-11,0,1,True,0.4444444444444444,1.2867686957464264,False,sensitive_or_small,1.589737860072595
347,2024-11,2,1,False,0.6666666666666666,0.29308011081970675,False,sensitive_or_small,3.7654138462874713
348,2024-11,1,0,False,0.6666666666666666,0.8319184305770206,False,sensitive_or_small,4.092987530867148
379,2024-11,2,1,False,0.7777777777777778,0.272453990438978,False,sensitive_or_small,1.0212484124098835
397,2024-11,0,1,True,0.6666666666666666,0.2688183157649357,False,sensitive_or_small,1.3276341972925958
402,2024-11,1,0,True,0.6666666666666666,0.37552339854193195,False,sensitive_or_small,4.066004836424561
440,2024-11,1,0,False,0.4444444444444444,0.3427443335191076,False,sensitive_or_small,2.337479056521277
443,2024-11,0,1,True,0.8888888888888888,0.24889940911801395,False,sensitive_or_small,1.4288004179036613
485,2024-11,0,1,False,0.7777777777777778,0.2755207854437797,False,sensitive_or_small,1.0396516551865298
497,2024-11,0,1,False,0.8888888888888888,0.21868242664874277,False,sensitive_or_small,1.562796106082645
517,2024-11,0,1,True,0.7777777777777778,0.19313070106848446,False,sensitive_or_small,1.7107758747921864
554,2024-11,0,1,True,0.8888888888888888,0.5307948248717665,True,retrospectively_supported,2.654198582633313
586,2024-11,1,0,True,0.5555555555555556,0.4772765626953743,False,sensitive_or_small,1.9502196546433093
592,2024-11,0,1,True,0.5555555555555556,0.49008726609369563,False,sensitive_or_small,1.5571276644052863
601,2024-11,1,0,False,0.5555555555555556,0.31893021880141326,False,sensitive_or_small,0.7768332604426664
605,2024-11,1,0,False,0.5555555555555556,0.6487922094720245,False,sensitive_or_small,2.4421033454594814
606,2024-11,1,0,False,0.6666666666666666,0.37298747424107453,False,sensitive_or_small,2.4660856430268594
608,2024-11,2,1,False,0.7777777777777778,0.3242019833499346,False,sensitive_or_small,1.5959825623003048
618,2024-11,1,0,False,0.6666666666666666,0.957580848816871,False,sensitive_or_small,0.6525624756871975
619,2024-11,0,1,True,0.4444444444444444,1.0087908428547916,False,sensitive_or_small,0.5471608291303491
666,2024-11,1,2,True,0.8888888888888888,0.16103317891822733,False,sensitive_or_small,1.4255906395851365
716,2024-11,0,1,True,0.5555555555555556,0.4322227226474399,False,sensitive_or_small,-0.3552246607989723
718,2024-11,1,0,False,0.6666666666666666,0.3929011552846391,False,sensitive_or_small,0.6575576728521451
726,2024-11,1,0,False,0.6666666666666666,0.425813804746516,False,sensitive_or_small,2.936176411206977
742,2024-11,1,0,True,0.4444444444444444,0.5967703265946346,False,sensitive_or_small,2.2286949719809184
780,2024-11,1,0,False,0.6666666666666666,0.2184972943457337,False,sensitive_or_small,1.9616289423924878
814,2024-11,0,1,True,0.7777777777777778,0.17412610911686835,False,sensitive_or_small,1.5514622362344965
821,2024-11,0,1,False,0.7777777777777778,0.35787553589256244,False,sensitive_or_small,0.6148297334950453
822,2024-11,0,1,True,0.6666666666666666,0.18351158291981406,False,sensitive_or_small,1.1172454008502335
823,2024-11,0,1,True,0.7777777777777778,0.21365830458439866,False,sensitive_or_small,1.428037863210746
1015,2024-11,0,1,True,0.8888888888888888,0.20164338608518537,False,sensitive_or_small,2.306340585472813
1049,2024-11,0,1,True,0.5555555555555556,0.35998243650402123,False,sensitive_or_small,-0.7777022810753181
1070,2024-11,1,0,False,0.6666666666666666,0.5346196675919003,False,sensitive_or_small,1.7693032336947356
1071,2024-11,1,0,False,1.0,0.2514440887205138,False,sensitive_or_small,1.8409886417599275
1110,2024-11,1,0,True,0.8888888888888888,0.3340928663856144,False,sensitive_or_small,1.451746571269441
1112,2024-11,0,1,True,0.8888888888888888,0.1818444101622573,False,sensitive_or_small,1.3165297554690814
1131,2024-11,1,0,False,0.6666666666666666,0.34072538256331564,False,sensitive_or_small,1.8412148716867334
1143,2024-11,1,0,True,0.4444444444444444,0.3220119634188546,False,sensitive_or_small,0.7813752855918676
1161,2024-11,0,1,True,0.5555555555555556,0.15165900467645094,False,sensitive_or_small,1.2623578641548672
1163,2024-11,1,0,False,0.8888888888888888,0.4614546812722043,False,sensitive_or_small,1.6947930480421813
1211,2024-11,0,1,True,0.8888888888888888,0.2344599576896937,False,sensitive_or_small,1.5972985972668052
1221,2024-11,1,0,False,0.5555555555555556,0.2926368401490802,False,sensitive_or_small,1.6934769603917987
1240,2024-11,0,1,False,0.7777777777777778,0.37945453473491925,False,sensitive_or_small,1.8258441174075961
1241,2024-11,0,1,True,0.8888888888888888,0.3171608704058363,False,sensitive_or_small,1.6184690129663781
1254,2024-11,0,1,True,0.8888888888888888,0.3176491955618284,False,sensitive_or_small,2.723429694320184
1257,2024-11,0,1,True,0.8888888888888888,0.2844710805602801,False,sensitive_or_small,1.243931131642645
1397,2024-11,2,1,False,0.7777777777777778,0.13243359223956788,False,sensitive_or_small,1.4367545137867226
1400,2024-11,2,1,True,0.8888888888888888,0.2314130871272417,False,sensitive_or_small,1.7231460244938879
1402,2024-11,2,1,False,0.7777777777777778,0.15573864477391913,False,sensitive_or_small,1.4322018663551845
1409,2024-11,2,1,False,0.7777777777777778,0.13564592886961327,False,sensitive_or_small,1.7534366843289435
1440,2024-11,2,1,False,0.8888888888888888,0.1744747398371867,False,sensitive_or_small,1.0610566958004468
1446,2024-11,2,1,False,0.7777777777777778,0.11319964947779985,False,sensitive_or_small,1.2650258560075844
1464,2024-11,2,1,False,0.7777777777777778,0.245511602766897,False,sensitive_or_small,1.447287126225563
1468,2024-11,2,1,False,0.7777777777777778,0.12201945596144514,False,sensitive_or_small,1.2531009124092052
1472,2024-11,2,1,False,0.3333333333333333,0.17456814129657613,False,sensitive_or_small,1.1509197015848764
1480,2024-11,2,1,False,0.7777777777777778,0.10894178265829975,False,sensitive_or_small,0.6613678962005459
1481,2024-11,2,1,False,0.3333333333333333,0.18264122216116352,False,sensitive_or_small,1.1768666270813606
1484,2024-11,2,1,False,0.7777777777777778,0.18182926608882366,False,sensitive_or_small,1.2276216598205965
1491,2024-11,2,1,False,0.7777777777777778,0.148076753166493,False,sensitive_or_small,1.43428460263062
1496,2024-11,2,1,False,0.7777777777777778,0.138776436162581,False,sensitive_or_small,1.2481902899599855
1500,2024-11,2,1,False,0.6666666666666666,0.14043155935640908,False,sensitive_or_small,1.455481847945811
1501,2024-11,2,1,False,0.7777777777777778,0.13302908174306793,False,sensitive_or_small,1.4168467560382285
1523,2024-11,2,1,False,0.3333333333333333,0.15552145366341202,False,sensitive_or_small,1.3893565914454813
1562,2024-11,0,1,True,0.7777777777777778,0.22237159328542538,False,sensitive_or_small,1.2398504511454633
1603,2024-11,1,0,False,0.3333333333333333,0.287985290825654,False,sensitive_or_small,1.9491322146511447
1652,2024-11,1,0,True,0.7777777777777778,0.22776826674263378,False,sensitive_or_small,3.1326905289791735
1683,2024-11,0,1,False,0.8888888888888888,0.39962132892501456,False,sensitive_or_small,1.064804794460081
1740,2024-11,1,0,False,0.8888888888888888,0.4761508216945841,False,sensitive_or_small,1.121778746521379
1778,2024-11,1,0,False,0.5555555555555556,0.3041763355686619,False,sensitive_or_small,0.5354358298829048
1788,2024-11,1,0,True,0.5555555555555556,0.6153518496587218,False,sensitive_or_small,4.014197333600178
1861,2024-11,1,0,False,0.5555555555555556,0.32748129550818417,False,sensitive_or_small,2.0220839480187074
1957,2024-11,1,0,False,0.6666666666666666,0.16481280274091642,False,sensitive_or_small,1.9611179292355383
1985,2024-11,0,1,True,0.5555555555555556,0.1760202612750771,False,sensitive_or_small,1.1903114461756015
2040,2024-11,1,0,False,0.6666666666666666,0.2508050483106266,False,sensitive_or_small,2.300109201021372
2076,2024-11,0,1,True,0.8888888888888888,0.13758780658673309,False,sensitive_or_small,1.356377123730676
2109,2024-11,1,0,True,0.5555555555555556,0.2112385159037966,False,sensitive_or_small,1.5228980346562448
2146,2024-11,1,0,False,0.5555555555555556,0.20963746759713192,False,sensitive_or_small,1.2469534478669249
2186,2024-11,1,0,False,0.8888888888888888,0.1338805783933336,False,sensitive_or_small,1.5577703456518628
2189,2024-11,1,0,False,0.4444444444444444,0.22967431632621912,False,sensitive_or_small,1.0507775746356836
2216,2024-11,2,1,False,0.8888888888888888,0.18248938487237734,False,sensitive_or_small,1.38969844672846
2223,2024-11,1,0,False,0.8888888888888888,0.24086417889658113,False,sensitive_or_small,-0.6672700950876409
2225,2024-11,1,0,True,1.0,0.24076826720971184,False,sensitive_or_small,0.8570578099915627
2226,2024-11,2,1,True,0.8888888888888888,0.2052396271321491,False,sensitive_or_small,0.9981253750666275
2233,2024-11,1,0,True,1.0,0.2427052458076174,False,sensitive_or_small,1.7886546397618526
2235,2024-11,1,0,False,0.6666666666666666,0.26907089608906276,False,sensitive_or_small,1.7940639727141439
2236,2024-11,1,0,True,1.0,0.12140955203531262,False,sensitive_or_small,0.6563469425810348
2237,2024-11,1,0,False,1.0,1.0780297737486684,False,sensitive_or_small,2.0240441924746113
2242,2024-11,2,1,True,0.8888888888888888,0.15434567266070845,False,sensitive_or_small,0.5526072735202586
2250,2024-11,0,1,True,0.5555555555555556,0.5182394852853511,False,sensitive_or_small,-1.1977672696100297
2348,2024-11,0,1,True,0.5555555555555556,0.8308724868564283,False,sensitive_or_small,1.8573457374845725
2392,2024-11,2,1,False,0.4444444444444444,0.12633813933830415,False,sensitive_or_small,1.1567838173123097
2403,2024-11,2,1,False,0.7777777777777778,0.14570234491784437,False,sensitive_or_small,1.5373819531577042
2410,2024-11,2,1,False,0.7777777777777778,0.18292508566163299,False,sensitive_or_small,1.2910087454846453
2422,2024-11,2,1,False,0.7777777777777778,0.14444805161014015,False,sensitive_or_small,1.6320768405989117
2472,2024-11,2,1,False,0.3333333333333333,0.16815012040137536,False,sensitive_or_small,1.3285010500745238
2547,2024-11,2,1,False,0.4444444444444444,0.2433801093068462,False,sensitive_or_small,1.5887531592240571
2571,2024-11,2,1,False,0.7777777777777778,0.12279824841055857,False,sensitive_or_small,1.0516817287576363
2596,2024-11,2,1,True,0.8888888888888888,0.30907324156399507,False,sensitive_or_small,0.37512361757349455
2597,2024-11,2,1,False,0.7777777777777778,0.2571458935704142,False,sensitive_or_small,1.4510279970427113
2601,2024-11,2,1,True,0.5555555555555556,0.38862765188121906,False,sensitive_or_small,1.7684569669404682
2644,2024-11,2,1,False,0.7777777777777778,0.1055351923088024,False,sensitive_or_small,1.054120924379351
2646,2024-11,2,1,False,0.3333333333333333,0.11624869064684401,False,sensitive_or_small,1.2170383118403183
2648,2024-11,2,1,False,0.7777777777777778,0.14662048983074144,False,sensitive_or_small,0.8978963267815693
2649,2024-11,2,1,False,0.4444444444444444,0.15765778375969322,False,sensitive_or_small,1.3688335518067807
2652,2024-11,2,1,False,0.8888888888888888,0.12492376335938753,False,sensitive_or_small,1.4258869571985104
2808,2024-11,2,1,False,0.8888888888888888,0.17279594308345658,False,sensitive_or_small,1.4415573549413363
3013,2024-11,2,1,False,0.7777777777777778,0.15848388164493357,False,sensitive_or_small,1.4413853387227977
4,2024-12,0,1,False,0.8888888888888888,0.28606788815967615,False,unconfirmed,0.0180700351608859
5,2024-12,0,1,False,0.8888888888888888,0.4620475212030708,False,unconfirmed,-1.8618502497753542
7,2024-12,1,2,False,0.7777777777777778,0.1027228887248895,False,unconfirmed,0.5659066816027764
16,2024-12,0,1,False,0.2222222222222222,0.3042352221109229,False,unconfirmed,-1.7269396502900243
50,2024-12,0,1,False,0.7777777777777778,0.35083588612046585,False,unconfirmed,0.4659297851065225
55,2024-12,0,1,False,0.8888888888888888,0.1846085456771305,False,unconfirmed,0.31807669477922906
79,2024-12,0,1,False,0.8888888888888888,0.24822721473555312,False,unconfirmed,0.7980014535058727
201,2024-12,0,1,False,0.6666666666666666,0.5561091572735068,False,unconfirmed,1.2566084904261254
204,2024-12,0,1,False,0.8888888888888888,0.295355255882913,False,unconfirmed,0.7759959796677401
205,2024-12,0,1,False,0.4444444444444444,0.31822852893266507,False,unconfirmed,0.2199701221348216
207,2024-12,0,1,False,1.0,0.31679028218462646,False,unconfirmed,0.21452872274973778
212,2024-12,1,0,False,0.8888888888888888,0.45073788389962777,False,unconfirmed,0.6309641778530273
218,2024-12,1,0,False,0.8888888888888888,0.3632578070716633,False,unconfirmed,0.19503429974264685
227,2024-12,0,1,False,0.6666666666666666,0.213469972611337,False,unconfirmed,-2.5796922953862627
234,2024-12,0,1,False,0.6666666666666666,0.21199752952182502,False,unconfirmed,-2.2477257123892755
270,2024-12,0,1,False,0.8888888888888888,0.2829003779391579,False,unconfirmed,0.7676892828053006
303,2024-12,0,1,False,0.8888888888888888,0.33859881917055523,False,unconfirmed,-0.9223044095100802
314,2024-12,0,1,False,0.6666666666666666,0.6279339335870316,False,unconfirmed,-0.8923281970659627
316,2024-12,0,1,False,0.7777777777777778,0.7391220414266881,False,unconfirmed,-2.652240209928193
317,2024-12,0,1,False,0.5555555555555556,0.38061756318587975,False,unconfirmed,-1.434880344679791
319,2024-12,0,1,False,0.5555555555555556,0.3036276484697071,False,unconfirmed,-2.497843070143245
320,2024-12,0,1,False,0.5555555555555556,0.7411491565559184,False,unconfirmed,-0.5927086796293668
321,2024-12,0,1,False,1.0,0.49472368074952916,False,unconfirmed,0.1049861842385938
324,2024-12,0,1,False,1.0,0.6277562892898463,False,unconfirmed,0.24096301110310414
329,2024-12,0,1,False,1.0,0.33117317517963224,False,unconfirmed,-0.8968676555417471
335,2024-12,0,1,False,0.7777777777777778,0.3418918056387094,False,unconfirmed,-1.3972954738010825
336,2024-12,0,1,False,0.5555555555555556,0.6874890350737779,False,unconfirmed,1.262214316540604
337,2024-12,0,1,False,0.6666666666666666,0.8577194148149141,False,unconfirmed,-2.5303056782516
338,2024-12,0,1,False,0.6666666666666666,0.6743151842176365,False,unconfirmed,-1.6725337840710175
339,2024-12,0,1,False,0.7777777777777778,0.4056843443178774,False,unconfirmed,-1.635395115937683
340,2024-12,0,1,False,0.6666666666666666,0.49165698484727893,False,unconfirmed,0.7856148141408947
341,2024-12,0,1,False,0.6666666666666666,0.3842277480730684,False,unconfirmed,-0.3958664679008357
342,2024-12,0,1,False,0.5555555555555556,0.3469183292072357,False,unconfirmed,-0.6418477479044824
343,2024-12,0,1,False,0.6666666666666666,0.9224185132362498,False,unconfirmed,-0.22971873005440263
347,2024-12,1,2,False,0.6666666666666666,0.5784672864679922,False,unconfirmed,0.3566137297275951
348,2024-12,0,2,False,0.6666666666666666,1.0482876902982037,False,unconfirmed,-3.04925167329142
352,2024-12,1,2,False,0.7777777777777778,0.3133863121902797,False,unconfirmed,0.42194649431648024
356,2024-12,0,1,False,0.6666666666666666,0.3819780644703849,False,unconfirmed,0.20074757373479413
379,2024-12,1,2,False,0.7777777777777778,0.15540357689722487,False,unconfirmed,1.0307303573529103
393,2024-12,0,1,False,0.8888888888888888,0.4132046237775598,False,unconfirmed,0.11390113880411501
435,2024-12,0,1,False,0.8888888888888888,0.5452460184035425,False,unconfirmed,0.3370625500096397
440,2024-12,0,1,False,0.4444444444444444,0.4513852955264117,False,unconfirmed,0.6435082350476462
455,2024-12,0,1,False,0.8888888888888888,0.3837932840103163,False,unconfirmed,-1.6777701733749013
458,2024-12,0,1,False,0.8888888888888888,0.34500643722544994,False,unconfirmed,0.16050931678401048
459,2024-12,0,1,False,1.0,0.26885502654027676,False,unconfirmed,-0.12394481704963434
485,2024-12,1,0,False,0.8888888888888888,0.30696071026944094,False,unconfirmed,-1.3649371040612146
497,2024-12,1,0,False,0.8888888888888888,0.473010680566901,False,unconfirmed,0.0007810085559084579
582,2024-12,0,1,False,0.6666666666666666,0.6734585867575178,False,unconfirmed,-0.4083022282392629
583,2024-12,0,1,False,0.5555555555555556,0.38617838177340885,False,unconfirmed,0.06501436848361797
587,2024-12,0,1,False,1.0,0.3853426558925142,False,unconfirmed,0.3845992364907097
594,2024-12,0,1,False,0.6666666666666666,0.4111199920055082,False,unconfirmed,0.1472964303893265
600,2024-12,0,1,False,0.8888888888888888,0.3365450174744915,False,unconfirmed,0.2879475383936264
601,2024-12,0,1,False,0.8888888888888888,0.40921250655779046,False,unconfirmed,0.3811400862276604
602,2024-12,0,1,False,0.5555555555555556,0.6394452590474979,False,unconfirmed,-1.5518368959324347
603,2024-12,0,1,False,1.0,0.43669270036584074,False,unconfirmed,1.661292991797933
605,2024-12,0,1,False,0.7777777777777778,0.2855994733674762,False,unconfirmed,1.3450123823767868
606,2024-12,0,1,False,0.6666666666666666,0.5991368600957381,False,unconfirmed,0.3565657774291228
608,2024-12,1,2,False,0.7777777777777778,0.2137004409650852,False,unconfirmed,-1.7475157674097588
615,2024-12,0,1,False,0.6666666666666666,0.5734218028340466,False,unconfirmed,-0.1597893526000274
616,2024-12,0,1,False,0.6666666666666666,0.3591077616395567,False,unconfirmed,-1.2245877613314553
618,2024-12,0,1,False,0.7777777777777778,0.9936172227135958,False,unconfirmed,-1.7668542482266014
621,2024-12,0,1,False,0.6666666666666666,0.5872621259332068,False,unconfirmed,-2.715401216527867
669,2024-12,0,1,False,0.6666666666666666,0.27761006928454457,False,unconfirmed,-0.8695961681603331
689,2024-12,0,1,False,0.7777777777777778,0.2428908407574349,False,unconfirmed,-0.09357832600685456
702,2024-12,0,1,False,0.8888888888888888,0.1678349638388095,False,unconfirmed,-1.3540503430598039
708,2024-12,0,1,False,0.5555555555555556,0.4857557250087874,False,unconfirmed,2.3325112089910034
718,2024-12,0,1,False,0.6666666666666666,0.4064246671821133,False,unconfirmed,-0.46749957630537603
722,2024-12,0,1,False,0.8888888888888888,0.27643801444552085,False,unconfirmed,0.28657136055406374
725,2024-12,0,1,False,0.4444444444444444,0.2164486465824139,False,unconfirmed,-0.17402968773788385
726,2024-12,0,1,False,0.7777777777777778,0.5218022753981774,False,unconfirmed,-1.873071681746219
727,2024-12,1,2,False,0.8888888888888888,0.14811885254942303,False,unconfirmed,0.2594852993185459
775,2024-12,1,2,False,0.7777777777777778,0.20178015882730038,False,unconfirmed,-0.5990100352553734
779,2024-12,0,1,False,1.0,0.3064616180904033,False,unconfirmed,-1.2760621497846902
780,2024-12,0,1,False,0.8888888888888888,0.20903829197239002,False,unconfirmed,-1.3985081192719102
781,2024-12,0,1,False,1.0,0.2425443709741251,False,unconfirmed,-1.0335049090070907
783,2024-12,0,1,False,0.7777777777777778,0.3067936943724396,False,unconfirmed,-1.328361020159502
787,2024-12,0,1,False,0.5555555555555556,0.6629234008833564,False,unconfirmed,0.77702435885105
789,2024-12,0,1,False,0.7777777777777778,0.4889102489985566,False,unconfirmed,-1.672587905101239
790,2024-12,0,1,False,0.6666666666666666,0.3455332325166278,False,unconfirmed,-1.1718049158607609
791,2024-12,0,1,False,0.4444444444444444,0.48514541279736734,False,unconfirmed,-1.540953946635587
792,2024-12,0,1,False,0.5555555555555556,0.39281597499237453,False,unconfirmed,-1.667681843060731
796,2024-12,0,1,False,0.5555555555555556,0.35493723084426787,False,unconfirmed,-1.941529980174714
797,2024-12,0,1,False,0.5555555555555556,0.4403453685863039,False,unconfirmed,0.03463241080935431
798,2024-12,0,1,False,0.6666666666666666,0.6587785069529971,False,unconfirmed,-1.8068442238832152
799,2024-12,0,1,False,0.6666666666666666,0.304672476633119,False,unconfirmed,-0.7998400519608317
800,2024-12,0,1,False,1.0,0.4086477324985053,False,unconfirmed,0.06232650842688259
803,2024-12,0,1,False,0.6666666666666666,0.1746679156106657,False,unconfirmed,-0.12621408067845508
805,2024-12,0,1,False,1.0,0.43854977041255244,False,unconfirmed,-0.6300153642810933
806,2024-12,0,1,False,0.6666666666666666,0.44967309724819055,False,unconfirmed,-1.0361777138399308
807,2024-12,0,1,False,0.5555555555555556,0.46209342682914906,False,unconfirmed,0.27607864600434906
809,2024-12,1,2,False,0.7777777777777778,0.11411887286870433,False,unconfirmed,0.7816336194600676
812,2024-12,1,2,False,0.7777777777777778,0.1219522968411248,False,unconfirmed,0.756977414217791
815,2024-12,0,1,False,0.8888888888888888,0.2697775921583588,False,unconfirmed,-0.03535116055674581
821,2024-12,1,0,False,0.8888888888888888,0.1535963500721996,False,unconfirmed,0.3937903558070527
825,2024-12,0,1,False,0.8888888888888888,0.14803849336546854,False,unconfirmed,0.24161339485253008
832,2024-12,0,1,False,0.7777777777777778,0.25432161379741286,False,unconfirmed,1.6805973732919837
844,2024-12,0,1,False,0.6666666666666666,0.30277440304115255,False,unconfirmed,-0.09249990140398623
846,2024-12,0,1,False,0.5555555555555556,0.32385407512666825,False,unconfirmed,0.33240861547708667
847,2024-12,0,1,False,0.6666666666666666,0.2483981002203394,False,unconfirmed,-0.07533622637648785
848,2024-12,0,1,False,0.5555555555555556,0.3214726681570684,False,unconfirmed,-1.205797495280783
849,2024-12,0,1,False,0.8888888888888888,0.6322752863016732,False,unconfirmed,-1.1196098754804429
851,2024-12,0,1,False,0.5555555555555556,0.43453870025029667,False,unconfirmed,-0.7196317014471987
852,2024-12,0,1,False,0.5555555555555556,0.3162313390041961,False,unconfirmed,1.2315769228432083
853,2024-12,0,1,False,0.6666666666666666,0.2667638417081382,False,unconfirmed,-0.7177839351125898
854,2024-12,0,1,False,1.0,0.8580112181069672,False,unconfirmed,-2.7944435373463445
855,2024-12,0,1,False,0.6666666666666666,0.6653630658258525,False,unconfirmed,-1.8698769703695302
856,2024-12,0,1,False,0.6666666666666666,0.41535271455521955,False,unconfirmed,0.20401083126112274
857,2024-12,0,1,False,0.6666666666666666,0.22142471744968742,False,unconfirmed,-1.902621839695176
859,2024-12,0,1,False,0.5555555555555556,0.5190934196341725,False,unconfirmed,-1.7784269472866958
860,2024-12,0,1,False,0.7777777777777778,0.18280329973913878,False,unconfirmed,0.49257057807197135
871,2024-12,0,1,False,0.6666666666666666,0.45888277015074375,False,unconfirmed,-1.3759340177466468
872,2024-12,1,2,False,0.7777777777777778,0.1573625097071077,False,unconfirmed,-1.4356492285358222
875,2024-12,0,1,False,0.7777777777777778,0.42395942470703346,False,unconfirmed,-1.9309862396545017
876,2024-12,0,1,False,0.6666666666666666,0.4343429512148457,False,unconfirmed,-0.7909982511743698
878,2024-12,0,1,False,0.6666666666666666,0.31615479185100953,False,unconfirmed,-0.4745918797670057
879,2024-12,0,1,False,0.5555555555555556,0.30806453268511585,False,unconfirmed,-1.7155776705877381
880,2024-12,0,1,False,0.5555555555555556,0.7127402880657265,False,unconfirmed,-0.7941096607015946
881,2024-12,0,1,False,0.6666666666666666,0.4601954165637436,False,unconfirmed,-2.2854680011693747
882,2024-12,0,1,False,0.5555555555555556,0.705591089830731,False,unconfirmed,-0.9245696587418917
883,2024-12,0,1,False,1.0,0.5837841587601292,False,unconfirmed,-2.404843850291341
884,2024-12,0,1,False,0.5555555555555556,0.5866692853679758,False,unconfirmed,-3.637982100779352
888,2024-12,0,1,False,0.6666666666666666,0.40778020490670003,False,unconfirmed,1.0892210737758616
889,2024-12,0,1,False,0.6666666666666666,0.8257947895150867,False,unconfirmed,-1.2613591308210408
891,2024-12,0,1,False,1.0,1.0482060674969402,False,unconfirmed,-1.2897589361540924
897,2024-12,0,1,False,0.8888888888888888,0.3097793601079216,False,unconfirmed,0.426918465677123
916,2024-12,0,1,False,0.6666666666666666,0.642736799254623,False,unconfirmed,-1.2238571272016912
917,2024-12,0,1,False,0.6666666666666666,0.5320198296109497,False,unconfirmed,-1.915052850002727
992,2024-12,0,1,False,0.4444444444444444,0.3389908800545877,False,unconfirmed,-0.1471643509519477
1037,2024-12,0,1,False,0.7777777777777778,0.4536356325287911,False,unconfirmed,-2.8725696871904045
1070,2024-12,0,1,False,0.6666666666666666,0.3565085417130328,False,unconfirmed,-0.19918881681133815
1071,2024-12,0,1,False,1.0,0.3107712934773215,False,unconfirmed,0.20608129123141916
1072,2024-12,0,1,False,0.6666666666666666,0.22723164002336632,False,unconfirmed,0.6595749207747054
1131,2024-12,0,1,False,0.8888888888888888,0.41803783332248934,False,unconfirmed,-0.12184363226929174
1138,2024-12,1,0,False,0.8888888888888888,0.25937315818712303,False,unconfirmed,-0.12077355132661116
1147,2024-12,0,1,False,0.8888888888888888,0.4974710534204821,False,unconfirmed,1.379248481550119
1148,2024-12,0,1,False,0.7777777777777778,0.29706495638173236,False,unconfirmed,-0.3164642775592197
1151,2024-12,0,1,False,0.8888888888888888,0.4733607458753499,False,unconfirmed,-0.04312050955461444
1152,2024-12,0,1,False,0.7777777777777778,0.7920202985797135,False,unconfirmed,0.0901399468389616
1160,2024-12,0,1,False,0.8888888888888888,0.12067108653516344,False,unconfirmed,-0.5322878396756853
1163,2024-12,0,1,False,0.8888888888888888,0.472962402105863,False,unconfirmed,1.8117552064285363
1167,2024-12,0,1,False,0.8888888888888888,0.3377447689220029,False,unconfirmed,0.06651722718353514
1170,2024-12,0,1,False,0.8888888888888888,0.38371275192359633,False,unconfirmed,-0.8039603211560026
1176,2024-12,1,2,False,0.7777777777777778,0.14429788932497756,False,unconfirmed,-0.7398345473704395
1178,2024-12,0,1,False,0.5555555555555556,1.216351159536811,False,unconfirmed,-2.032651340887809
1181,2024-12,0,1,False,0.6666666666666666,0.25353416905346937,False,unconfirmed,-1.1821610005784355
1187,2024-12,0,1,False,0.6666666666666666,0.24958689858822192,False,unconfirmed,-1.7427998850063382
1188,2024-12,1,2,False,0.8888888888888888,0.15603140289067158,False,unconfirmed,-0.893980727692642
1191,2024-12,0,1,False,0.5555555555555556,0.25661961957709795,False,unconfirmed,-1.0091289063037634
1197,2024-12,0,1,False,0.7777777777777778,0.20828613592751138,False,unconfirmed,-0.9938135633045159
1207,2024-12,0,1,False,0.8888888888888888,0.16293103763456507,False,unconfirmed,-0.2563645930149794
1221,2024-12,0,1,False,0.5555555555555556,0.865211846589154,False,unconfirmed,-1.35521756568176
1237,2024-12,0,1,False,0.8888888888888888,0.4325092606659728,False,unconfirmed,0.11653216237893504
1240,2024-12,1,0,False,0.7777777777777778,0.6823452103193767,False,unconfirmed,1.4206305193635886
1246,2024-12,0,1,False,0.8888888888888888,0.1600875186300082,False,unconfirmed,0.10906560910712848
1249,2024-12,0,1,False,0.8888888888888888,0.4007555812572749,False,unconfirmed,-0.25747109032127347
1259,2024-12,0,1,False,1.0,0.17824583645711675,False,unconfirmed,0.45399291696682775
1392,2024-12,0,1,False,0.8888888888888888,0.15285767093030597,False,unconfirmed,1.5082875662461275
1397,2024-12,1,2,False,0.7777777777777778,0.1322007611925338,False,unconfirmed,0.7898814191273335
1402,2024-12,1,2,False,0.7777777777777778,0.14634629511688715,False,unconfirmed,1.0718802808755674
1409,2024-12,1,2,False,0.7777777777777778,0.19030362156528793,False,unconfirmed,1.1752979532425574
1431,2024-12,0,1,False,0.6666666666666666,0.890066561521891,False,unconfirmed,0.9286234162158041
1438,2024-12,0,1,False,0.6666666666666666,0.4366656015566503,False,unconfirmed,-3.016627416947884
1440,2024-12,1,2,False,0.8888888888888888,0.2594522329382036,False,unconfirmed,0.5648177583474051
1446,2024-12,1,2,False,0.7777777777777778,0.11764535583549136,False,unconfirmed,0.5783029145253721
1464,2024-12,1,2,False,0.7777777777777778,0.12433567507640253,False,unconfirmed,0.3061150939514201
1468,2024-12,1,2,False,0.7777777777777778,0.12259096250308821,False,unconfirmed,0.5495992609193839
1472,2024-12,1,2,False,0.3333333333333333,0.132251707024743,False,unconfirmed,0.5462856123780557
1480,2024-12,1,2,False,0.7777777777777778,0.1411938876378221,False,unconfirmed,0.3977383551169833
1481,2024-12,1,2,False,0.3333333333333333,0.10957717657627218,False,unconfirmed,0.5617756208584707
1484,2024-12,1,2,False,0.7777777777777778,0.11798286392374445,False,unconfirmed,0.6370159712174639
1491,2024-12,1,2,False,0.7777777777777778,0.1370421770088443,False,unconfirmed,0.5101344916188744
1492,2024-12,1,2,False,0.8888888888888888,0.16998927561225224,False,unconfirmed,0.18223638622532068
1496,2024-12,1,2,False,0.7777777777777778,0.10333557085584376,False,unconfirmed,0.23004122071894617
1500,2024-12,1,2,False,0.6666666666666666,0.11082858796166963,False,unconfirmed,0.5025663504415162
1501,2024-12,1,2,False,0.7777777777777778,0.10181320688738778,False,unconfirmed,0.49718324084396526
1523,2024-12,1,2,False,0.3333333333333333,0.12973037572602678,False,unconfirmed,0.4397446607214167
1572,2024-12,0,1,False,0.8888888888888888,0.35222288067887153,False,unconfirmed,-0.055048183532668826
1578,2024-12,0,1,False,0.8888888888888888,0.13085373238355036,False,unconfirmed,0.2935951432087275
1602,2024-12,0,1,False,0.8888888888888888,0.4259133680607525,False,unconfirmed,0.22931481686319366
1603,2024-12,0,1,False,0.3333333333333333,0.19075786952850965,False,unconfirmed,-0.18851989602502173
1609,2024-12,0,1,False,0.5555555555555556,0.27454498034741526,False,unconfirmed,0.2628185299391572
1634,2024-12,0,1,False,0.3333333333333333,0.3610130304433842,False,unconfirmed,-0.5180050477789189
1683,2024-12,1,0,False,0.8888888888888888,0.5124421272202296,False,unconfirmed,1.5113561375230926
1709,2024-12,0,1,False,0.8888888888888888,0.18032710241451505,False,unconfirmed,-0.21273473089817863
1740,2024-12,0,1,False,0.8888888888888888,0.3358951752853684,False,unconfirmed,0.46895895492177486
1778,2024-12,0,1,False,0.6666666666666666,0.3054542378112819,False,unconfirmed,0.3048476064085648
1861,2024-12,0,1,False,0.6666666666666666,0.3960410939944339,False,unconfirmed,-0.2629823555414107
1874,2024-12,1,2,False,0.3333333333333333,0.12901716989153492,False,unconfirmed,0.30638560942221893
1880,2024-12,0,1,False,0.8888888888888888,0.2307472066568103,False,unconfirmed,0.68933342459023
1899,2024-12,0,1,False,0.8888888888888888,0.157960355738817,False,unconfirmed,0.38050402307066855
1922,2024-12,0,1,False,0.4444444444444444,0.19657556944933133,False,unconfirmed,-0.13762040183448454
1934,2024-12,0,1,False,0.6666666666666666,0.2517879283459774,False,unconfirmed,-0.8340133601753508
1936,2024-12,0,1,False,0.5555555555555556,0.23539041421328083,False,unconfirmed,-0.47283341606784157
1955,2024-12,0,1,False,0.7777777777777778,0.43153433639268945,False,unconfirmed,-1.2895059455964724
1957,2024-12,0,1,False,0.7777777777777778,0.17753620057137268,False,unconfirmed,-1.9122723582985015
1959,2024-12,0,1,False,0.5555555555555556,0.6065801108567095,False,unconfirmed,-0.6262697298744069
1960,2024-12,0,1,False,0.6666666666666666,0.49558135446790297,False,unconfirmed,-1.229198247744552
1962,2024-12,0,1,False,0.7777777777777778,0.25710744578940536,False,unconfirmed,-1.9044775112416243
1963,2024-12,0,1,False,0.6666666666666666,0.21529880019247408,False,unconfirmed,-2.019862632184892
1965,2024-12,0,1,False,0.6666666666666666,0.48853395855852555,False,unconfirmed,-0.9884492576861845
1966,2024-12,0,1,False,0.5555555555555556,0.2963469051370926,False,unconfirmed,-0.6799915035066981
1967,2024-12,0,1,False,0.6666666666666666,0.22018938270940439,False,unconfirmed,-1.7376718285265325
1968,2024-12,0,1,False,0.6666666666666666,0.2358906058513317,False,unconfirmed,-0.8982238615615007
1969,2024-12,0,1,False,0.6666666666666666,0.21686841854027025,False,unconfirmed,-0.8737300302468359
1970,2024-12,0,1,False,0.5555555555555556,0.6407114685235314,False,unconfirmed,-1.5311753878775813
1973,2024-12,0,1,False,0.8888888888888888,0.17497993764451392,False,unconfirmed,0.5597350476505114
1979,2024-12,1,2,False,0.8888888888888888,0.1627637809281837,False,unconfirmed,0.5485030260190815
1980,2024-12,1,0,False,0.7777777777777778,0.290401937659474,False,unconfirmed,-0.11364027299551882
2011,2024-12,0,1,False,0.7777777777777778,0.15367420657829978,False,unconfirmed,0.5756702936649316
2040,2024-12,0,1,False,0.8888888888888888,0.3032852525419617,False,unconfirmed,0.8358732895533572
2060,2024-12,0,1,False,0.8888888888888888,0.13971303855467224,False,unconfirmed,0.14047144871555117
2122,2024-12,0,1,False,0.8888888888888888,0.6249886873531563,False,unconfirmed,0.7072873359768361
2146,2024-12,0,1,False,0.5555555555555556,0.24889208942313823,False,unconfirmed,0.378452700576451
2148,2024-12,0,1,False,0.5555555555555556,0.4060735889604168,False,unconfirmed,4.822575635263335
2186,2024-12,0,1,False,0.8888888888888888,0.13378288302833655,False,unconfirmed,0.45738388017764753
2189,2024-12,0,1,False,0.8888888888888888,0.17729106955640708,False,unconfirmed,-1.2523401869524442
2210,2024-12,1,2,False,0.7777777777777778,0.20708563065228142,False,unconfirmed,0.21064762359146727
2216,2024-12,1,2,False,0.8888888888888888,0.21887087917965617,False,unconfirmed,0.641691510992462
2223,2024-12,0,1,False,0.8888888888888888,0.2355742056283933,False,unconfirmed,0.37807447365371116
2231,2024-12,0,1,False,0.8888888888888888,0.3256710838398654,False,unconfirmed,0.8918577645709969
2235,2024-12,0,1,False,0.6666666666666666,0.35852116302181203,False,unconfirmed,-0.15767834790829105
2237,2024-12,0,1,False,1.0,0.6756752392083188,False,unconfirmed,0.9838373274285162
2248,2024-12,0,1,False,1.0,0.35486037597060044,False,unconfirmed,-0.6961412842720505
2249,2024-12,0,1,False,0.6666666666666666,0.4447290092432088,False,unconfirmed,0.7421557391618039
2339,2024-12,0,1,False,0.5555555555555556,0.18652954884997633,False,unconfirmed,0.06355458987629681
2340,2024-12,0,1,False,0.5555555555555556,0.1785709557935305,False,unconfirmed,-0.1380783646497269
2341,2024-12,0,1,False,0.5555555555555556,0.2573545872605484,False,unconfirmed,-1.2425220551821547
2343,2024-12,0,1,False,0.5555555555555556,0.24900806641581882,False,unconfirmed,-0.08246144271353562
2392,2024-12,1,2,False,0.4444444444444444,0.12822184960044453,False,unconfirmed,0.8774808377494558
2403,2024-12,1,2,False,0.7777777777777778,0.15869056637879356,False,unconfirmed,1.3060372564733247
2410,2024-12,1,2,False,0.7777777777777778,0.1443460290825994,False,unconfirmed,0.5255546121951948
2422,2024-12,1,2,False,0.7777777777777778,0.15056039445098032,False,unconfirmed,1.0388692245401343
2472,2024-12,1,2,False,0.3333333333333333,0.12146259328854105,False,unconfirmed,1.063971560953575
2547,2024-12,1,2,False,0.4444444444444444,0.21184994261711357,False,unconfirmed,-0.6172871474253494
2571,2024-12,1,2,False,0.7777777777777778,0.13518202619217629,False,unconfirmed,0.6912469598904653
2597,2024-12,1,2,False,0.7777777777777778,0.1925356482804748,False,unconfirmed,0.6070575762711278
2644,2024-12,1,2,False,0.7777777777777778,0.11622157557625332,False,unconfirmed,0.33656221697222766
2646,2024-12,1,2,False,0.3333333333333333,0.1093809982995407,False,unconfirmed,0.4927845996076513
2648,2024-12,1,2,False,0.7777777777777778,0.1318329978697003,False,unconfirmed,0.6541157280796406
2649,2024-12,1,2,False,0.4444444444444444,0.11348711504607925,False,unconfirmed,0.478330570995425
2652,2024-12,1,2,False,0.8888888888888888,0.11258961872100702,False,unconfirmed,0.23743015584664073
2808,2024-12,1,2,False,0.8888888888888888,0.13196137463018842,False,unconfirmed,0.49905764197049896
2872,2024-12,0,1,False,0.8888888888888888,0.833873965916845,False,unconfirmed,-0.7100706200863949
2876,2024-12,1,2,False,0.7777777777777778,0.12005721334853592,False,unconfirmed,0.31569863437090895
3007,2024-12,0,1,False,0.8888888888888888,0.4292048869091578,False,unconfirmed,-0.08899558307121913
3013,2024-12,1,2,False,0.7777777777777778,0.1255347794475701,False,unconfirmed,0.4515777882211275
